Date,Close,High,Low,Open,Volume
,QQQ,QQQ,QQQ,QQQ,QQQ
2020-10-26,272.03350830078125,276.7182096470231,268.4351127971686,273.8860593572563,38421100
2020-10-27,274.15771484375,274.98215313683676,271.77171885166905,273.0326035825386,30559100
2020-10-28,263.4690856933594,270.2585257625643,263.2168970189138,269.64747142039835,53413500
2020-10-29,268.07635498046875,271.0830850052984,264.3227375888688,264.7883101086615,43246300
2020-10-30,261.2771301269531,266.9608487678682,259.0366166449959,266.0879264345736,65838300
2020-11-02,261.859130859375,265.2926279027856,258.9396608651883,263.67287734493533,39987400
2020-11-03,266.38861083984375,268.493350964964,262.69321677651993,263.77952280253584,43604100
2020-11-04,278.27978515625,280.0838223714743,273.3913794639958,275.05964325423105,75728200
2020-11-05,285.53485107421875,286.5047713733675,283.2167273514363,284.7007042251492,52054200
2020-11-06,285.7481994628906,286.47563967283946,281.11198170880135,284.8752771308756,40959800
2020-11-09,279.9093017578125,290.1419788994685,279.4534380231656,288.69677749409635,86537100
2020-11-10,274.8948669433594,278.03739972925734,272.1790719237779,276.5922277307391,69024900
2020-11-11,281.0442199707031,281.51947162231846,274.8561214227025,277.4264052522999,36102900
2020-11-12,279.7249755859375,283.28459569065063,278.609573292505,282.01400261558,34414600
2020-11-13,282.1789245605469,282.79968780168974,279.2109706129312,281.44180521121535,24806900
2020-11-16,284.380615234375,284.6812881292035,281.2671500723911,281.87820453595083,30168400
2020-11-17,283.4786376953125,284.9044219328993,282.8384866499038,284.5746525336809,21843500
2020-11-18,281.3836364746094,284.5455869386125,281.2963471770887,282.9258361963525,28069600
2020-11-19,283.5853271484375,283.89570877581605,280.1615093703999,280.83075680460064,22718400
2020-11-20,281.6454162597656,284.25450381610545,281.55812699872547,283.50764636118333,25907300
2020-11-23,281.6551818847656,283.94417968052124,279.4049595909037,282.64448997620957,26875600
2020-11-24,285.61248779296875,286.1071567146077,280.9180761746602,282.7221140777269,24516800
2020-11-25,287.3680114746094,288.00816248287106,285.72884365033815,286.679376286779,23326800
2020-11-27,290.0158996582031,291.1410108407256,288.93927265439135,289.33694355852936,17163100
2020-11-30,290.6074523925781,290.94693034372335,285.9130427127646,290.33587595158434,27836200
2020-12-01,294.3320007324219,295.9614893032457,291.78110565270316,292.88682898291864,27521300
2020-12-02,294.7102966308594,295.0497746644868,291.31557549382376,293.1584181911478,23620000
2020-12-03,295.12738037109375,296.6792589428129,294.3999400655649,295.0207033341013,22828700
2020-12-04,296.33001708984375,296.4755288035832,294.4968832526596,295.175809651773,19332100
2020-12-07,298.0080871582031,298.37666170088085,296.3301139611378,296.51440123247664,20851000
2020-12-08,299.0166931152344,299.317365995559,295.77716334686204,297.53271646086597,18341500
2020-12-09,292.2466735839844,299.0845996335578,291.1797553692577,298.8033440675616,48839300
2020-12-10,293.4202575683594,294.5453685880513,289.12351804978516,290.2098239723522,27519500
2020-12-11,292.77044677734375,292.89654115155156,289.4921114464137,291.76172138329946,26760400
2020-12-14,294.89453125,296.8440506274389,293.8955146776006,293.963386592522,28804800
2020-12-15,298.046875,298.046875,294.9625053529155,297.15453512734126,25709000
2020-12-16,299.68597412109375,300.4716071677364,297.3969469040032,298.4444773659384,25461900
2020-12-17,301.64520263671875,301.87797402861224,300.08364521673735,301.28633687434376,23730500
2020-12-18,300.73345947265625,302.59571930914933,298.35714310623587,302.2853377364645,41173400
2020-12-21,300.1708984375,300.70530968561974,295.0015623349739,297.78054827043013,37095500
2020-12-22,300.9871826171875,301.9102595258651,298.1595942389242,301.07463013569725,26176300
2020-12-23,299.4712219238281,301.3951257099304,299.31574985923913,301.0356095338715,21201300
2020-12-24,300.79266357421875,301.239627187365,299.6558168283287,299.7335380271648,16785000
2020-12-28,303.82440185546875,304.3005444464445,301.5701007997822,303.4065872508198,22497700
2020-12-29,304.096435546875,305.7774496980875,303.1927818355016,305.15556134621625,25871900
2020-12-30,304.10614013671875,305.5830803872062,303.4842518291872,305.2624396152561,18138100
2020-12-31,304.85430908203125,305.34014818219555,302.9304052234706,304.0089537922679,21611400
2021-01-04,300.5498352050781,306.3604825512733,296.5367987797349,306.1855579076332,45305900
2021-01-05,303.027587890625,303.2996862884848,299.5587188104118,299.5587188104118,29323400
2021-01-06,298.8299865722656,303.0470673140908,297.31417062463345,298.3052719278478,52809600
2021-01-07,306.0592041015625,306.89483310358713,301.46315563063246,301.4923047899295,30394800
2021-01-08,309.99456787109375,310.3443875250699,306.15642621705047,308.3524289545988,33955800
2021-01-11,305.51519775390625,308.2067367945107,304.86416004596754,307.0310139941435,32746400
2021-01-12,305.0293273925781,306.64228760571433,302.3863606896952,305.55401243157564,29266800
2021-01-13,307.08929443359375,307.8860483008099,304.68924725093456,305.29168320189524,22898400
2021-01-14,305.44708251953125,308.537012426932,304.97093998365733,307.5361849542858,23500100
2021-01-15,303.027587890625,306.1952687159274,301.7838408220294,305.2333166642086,35118700
2021-01-19,307.4487609863281,307.9540230707426,304.2519308006086,305.34993211886086,24537000
2021-01-20,314.6003112792969,315.54284053256134,307.5459461163159,311.07314352444246,30728100
2021-01-21,317.1169128417969,317.86512410401656,314.56142384501385,315.94119041251076,25130600
2021-01-22,316.2035827636719,317.21410690070263,315.5136697825064,316.0772598332255,21609400
2021-01-25,318.8173828125,320.96481340814444,312.307155381188,319.59474331768956,39080600
2021-01-26,319.2838134765625,320.42069029323125,317.95261876480964,319.5364593587717,25498100
2021-01-27,310.38330078125,317.02957911880424,308.37191888016315,317.0198824966362,55264000
2021-01-28,312.2196960449219,317.17526158448135,310.96622266445956,311.5881110450291,42836300
2021-01-29,305.6511535644531,311.63669603615364,303.9021443147301,310.5289684322634,55259000
2021-02-01,313.2886047363281,314.37687994556484,307.069838420789,309.10064299039595,35646000
2021-02-02,318.3995361328125,319.5558356744679,316.0966633214835,316.261861678835,33930800
2021-02-03,317.13641357421875,320.84823232691764,317.07811524015733,320.47898977568013,24824500
2021-02-04,320.8870544433594,320.97450193800086,317.21411140206624,318.5356094009459,22350900
2021-02-05,321.9753112792969,322.9858650268445,320.19715301550707,321.8392917352962,22732000
2021-02-08,324.13238525390625,324.28785731678926,322.0238602675705,323.6659987185212,20462800
2021-02-09,324.0644836425781,325.32765374402766,323.1899493303581,323.1996756037342,17597500
2021-02-10,323.32598876953125,325.9592289401402,320.1680339581083,325.5025389043574,28068700
2021-02-11,325.10406494140625,325.51218281505834,322.71374497648424,324.861145401992,22046100
2021-02-12,326.9212646484375,327.08643339844696,323.20944541797354,324.25884521942504,20346800
2021-02-16,326.0370178222656,328.61195996106966,324.87099174082323,327.7180026781938,27080800
2021-02-17,324.4725341796875,326.15354834794044,320.81904386184914,323.053892135845,31360300
2021-02-18,323.0539245605469,324.41426841400585,319.06031084605536,320.87737439501245,32236200
2021-02-19,321.64495849609375,324.5308443974643,320.6247080843372,324.40452146675216,39157700
2021-02-22,313.3079528808594,318.51613432625743,313.10390874112846,317.2529643997557,47256900
2021-02-23,312.3752136230469,314.04650182258564,302.19201230803463,308.02208328503855,97241900
2021-02-24,314.9501647949219,315.2611090394534,307.0115382047302,309.7128033158876,58206300
2021-02-25,303.97015380859375,314.8529642147597,302.4251886449934,312.28774854888815,110182600
2021-02-26,305.2431335449219,310.07234778159307,302.0754517793243,306.90469566927345,104739800
2021-03-01,314.4254150390625,314.76550841527796,308.93543791994523,310.2277571656376,49164500
2021-03-02,309.38238525390625,315.1444308372609,309.1297690434191,315.06670961555807,48370000
2021-03-03,300.4040832519531,309.22690965210626,300.34578492301915,308.28438046331416,86301100
2021-03-04,295.4873962402344,303.20252481788265,291.6103794060493,300.03484386415596,139131600
2021-03-05,299.93768310546875,300.8413369058363,289.02575358934234,298.11092295852904,121523700
2021-03-08,291.4452209472656,301.27860158641573,291.02740635308436,299.3935431228174,88409800
2021-03-09,302.9400939941406,304.8446045678028,298.2274785672313,298.76188970226286,80391100
2021-03-10,302.0753479003906,307.5070259176589,301.38546462571725,307.2058080236493,76798100
2021-03-11,309.0325927734375,310.80102484560626,305.9329364442492,306.826863926309,53484800
2021-03-12,306.5256042480469,309.21717190668676,302.57089641274695,304.97091315895346,69315600
2021-03-15,309.80023193359375,309.9654303200761,305.20421177246004,306.84635075049283,42955700
2021-03-16,311.5006103515625,315.01811063838596,310.062545473423,311.99617576403915,54925900
2021-03-17,312.78326416015625,314.67804885985254,306.7394234587572,308.4593131670796,78258700
2021-03-18,303.2025146484375,308.87711254196756,302.7458246468267,307.8957079388046,82718100
2021-03-19,304.2713928222656,305.8163579422789,300.88994126604837,303.03734225827503,78446200
2021-03-22,309.9773864746094,312.04967980221437,306.6695139328906,306.6695139328906,56194800
2021-03-23,308.62518310546875,312.39032385026144,307.80794578565343,311.0671861964831,53455400
2021-03-24,303.42010498046875,310.0358817527099,303.2741750592507,309.99695721014285,64803700
2021-03-25,302.89471435546875,304.4124745420832,299.06149326560285,301.5715768731963,78729000
2021-03-26,307.43817138671875,307.7592171726666,301.27969196684586,302.6806487235229,63519600
2021-03-29,307.3506774902344,308.4014026993709,304.00387913412686,306.90314913178076,54608000
2021-03-30,305.8037109375,306.3777217079324,303.09903441898047,305.3853686339055,44635700
2021-03-31,310.4834289550781,312.04979302261273,307.2533746123098,307.59389757634335,55032500
2021-04-01,315.7759704589844,315.91216180067795,314.06364714131456,314.3166120925309,55685600
2021-04-05,322.0804138183594,322.84901761975146,318.0234137554005,318.2666401756502,42172500
2021-04-06,321.856689453125,323.8122098337646,321.07834703358037,321.7691314979376,33537200
2021-04-07,322.63494873046875,323.4716629815184,320.4459111412636,321.3798921992555,32046400
2021-04-08,326.0011901855469,326.1860446218569,324.6975002652227,325.4952899702743,29940800
2021-04-09,327.9761962890625,328.1805278447033,323.8997490942338,324.63913716893916,36664900
2021-04-12,327.5481262207031,327.9664684835225,325.6606870690051,326.93519097062205,25833000
2021-04-13,331.3716125488281,331.83858817734085,328.86149978269617,329.07554017600415,30374000
2021-04-14,327.39251708984375,331.741406895707,326.57527983856613,331.61492440014143,42564300
2021-04-15,332.3542785644531,332.743464569678,327.1103326492245,330.2722759519733,36342800
2021-04-16,332.74346923828125,332.95750966786864,330.8657387779686,332.8796605894419,40860100
2021-04-19,329.6982421875,332.3250693951394,327.7718784826539,331.1673390897639,34533100
2021-04-20,327.295166015625,330.32088808353404,325.3201688982717,329.0366752974596,38081800
2021-04-21,330.0971984863281,330.28205295310937,324.92133279790824,326.01098248163305,36598100
2021-04-22,326.11798095703125,330.6906196303043,324.9602208753113,329.7080051279572,45936100
2021-04-23,330.22357177734375,331.5369703459741,326.7502922910538,326.7502922910538,36381900
2021-04-26,332.3737487792969,332.65589972001055,329.71770577146503,330.46686209431977,30812000
2021-04-27,330.933837890625,332.879649114078,329.98040939319577,332.66560869186924,33187200
2021-04-28,329.8150634765625,331.61494512984575,329.16320353202457,330.6031147927969,33615700
2021-04-29,331.001953125,333.5120365750974,327.77189932227594,333.0936942818684,37708900
2021-04-30,328.8323669433594,331.04088174272067,327.9178332687798,328.5502456857834,38263400
2021-05-03,327.0811767578125,330.78794518001274,326.6336484395017,330.03881846341363,29729700
2021-05-04,321.1950378417969,324.8434334874728,317.37149664018153,324.52235804385026,65147000
2021-05-05,320.11517333984375,324.11383135662226,319.3368606268205,323.2479309994616,46219300
2021-05-06,322.5279235839844,322.68359203255534,317.60502394946934,319.8524333612818,46814300
2021-05-07,325.14508056640625,327.5286815978448,322.7030778804188,325.31045790033477,53324500
2021-05-10,316.9337158203125,323.93861784103126,316.7293842811351,323.7635019709254,60700500
2021-05-11,316.4958801269531,317.29366974835085,310.37629632881755,311.0378946218434,71963600
2021-05-12,308.30401611328125,313.8787452278169,307.43811602861825,311.553516688166,91164900
2021-05-13,310.6876525878906,313.66474117468397,308.3137606873373,311.25195442972364,69877800
2021-05-14,317.5466613769531,318.46116529191266,313.35341107944174,313.85934097492924,44370000
2021-05-17,315.620361328125,317.52724830530997,312.74056859043566,315.83440178306506,39395000
2021-05-18,313.48968505859375,317.79965031053763,313.2172726422136,316.5738092821899,36528500
2021-05-19,313.8496398925781,314.15123827825875,307.7300548491621,308.0803163333002,66319100
2021-05-20,319.9206237792969,320.77678569437313,315.1144961028114,315.33824545057166,46466100
2021-05-21,318.14990234375,321.89556553482396,317.7899319853954,321.4772232097484,50330400
2021-05-24,323.5008544921875,324.62942856480254,318.04283857061887,320.4459166194795,32475800
2021-05-25,323.9483642578125,325.738506918457,322.7711568481315,325.01856630785034,31280300
2021-05-26,325.0769958496094,325.54397159727523,323.9289742156288,324.6197289695356,25444900
2021-05-27,323.8608703613281,325.47589746697537,323.6565684675151,324.6294742161657,27931700
2021-05-28,324.8823547363281,326.4779341466022,324.5613089573312,325.06720917265795,29927400
2021-06-01,323.8024597167969,326.69199063279353,322.4501066361482,326.2152466832024,31145400
2021-06-02,324.4348449707031,325.28126812701936,322.7128126764986,324.2208045422661,22047900
2021-06-03,321.058837890625,322.86842799809847,319.38543912368743,321.5939240774874,37057800
2021-06-04,326.507080078125,326.95460827874166,322.79057407507383,322.85868458341423,38736500
2021-06-07,327.4800109863281,327.5383829435211,325.2812349629894,325.971989583587,32611900
2021-06-08,327.6357116699219,330.0971617427968,325.95257423000766,329.2312614747085,27282800
2021-06-09,327.7135314941406,329.7858252532999,327.5286770476892,329.0075126193008,21485300
2021-06-10,331.12847900390625,331.23548438519754,327.60656492822005,328.0540932612399,33702100
2021-06-11,331.9943542480469,332.0040928067444,330.48636218631464,331.13819242303975,21222800
2021-06-14,335.1756896972656,335.1853985627614,331.23540453269925,332.4223504529611,27827700
2021-06-15,332.9866943359375,335.13680749008915,332.26672397158904,334.82547055905866,35963800
2021-06-16,331.77056884765625,334.52387880344645,328.30702707091285,333.45367663855956,55399500
2021-06-17,335.9832458496094,336.995076075878,330.71011366128914,330.75874706927146,59722700
2021-06-18,333.3466491699219,335.46757624382246,332.5974928588003,334.3195547661026,55414900
2021-06-21,335.41845703125,335.73990501527265,331.317780709826,333.5385778555924,32992600
2021-06-22,338.5450439453125,338.99309131445335,334.91188600109143,335.21383419824747,28941600
2021-06-23,338.710693359375,339.86007647672517,337.87303809139644,338.4866844843045,27188500
2021-06-24,340.80487060546875,342.33408184340124,340.10356473052383,340.64902155268464,32581600
2021-06-25,340.38604736328125,341.61334019864825,339.7821508014881,341.3698316027529,28682800
2021-06-28,344.52557373046875,344.6619527648442,341.613221447999,341.6716611126856,39130300
2021-06-29,345.77239990234375,345.8016197400771,343.51266309224303,344.35031825737684,29426000
2021-06-30,345.2268981933594,346.006143306796,344.6424717895723,345.6165058874968,32724000
2021-07-01,345.3633117675781,345.8697988480837,343.52237287035,344.8762946699196,29290000
2021-07-02,349.32763671875,349.64905492288284,347.02890056965134,347.26265926356615,32727200
2021-07-06,350.8373718261719,351.1198500599315,347.23343348906945,349.93152717757766,38842400
2021-07-07,351.57769775390625,353.34069748536376,349.6198792694565,353.0387492258435,35265200
2021-07-08,349.4542236328125,350.3113784465743,345.21719883209107,346.50290132757027,50890000
2021-07-09,351.6361083984375,352.1133756611395,348.2854282547968,348.8698547403464,35184500
2021-07-12,353.0094909667969,353.46728823385445,351.4607504169473,353.03871080404883,25717700
2021-07-13,353.0094909667969,355.98028341301904,352.1523361071857,352.62960335735625,39723000
2021-07-14,353.6425476074219,355.99969334860083,352.8146127247129,355.3568273123265,35336400
2021-07-15,351.1587829589844,353.75946723264275,349.15227497712925,353.5549283830806,53391600
2021-07-16,348.31463623046875,352.99973835937095,347.96396846101516,352.0159543042861,47262000
2021-07-19,345.4607849121094,345.95752223031815,342.89906974944813,344.85685863037594,64404600
2021-07-20,349.4737548828125,350.92505639496306,344.6133037899837,346.3958031033874,42183700
2021-07-21,352.1717834472656,352.1717834472656,348.8211036070362,349.04514216167337,30259900
2021-07-22,354.4997253417969,354.5094454697625,352.3763083961614,352.3763083961614,30252200
2021-07-23,358.639404296875,358.9218528127302,354.4705391102674,355.8244311910564,31960800
2021-07-26,358.921875,359.3115124841818,357.08096570545763,357.9478407398788,28438100
2021-07-27,354.96728515625,358.65888318865126,350.80816972038474,358.65888318865126,57933100
2021-07-28,356.3309326171875,357.9088930536969,353.8081875048938,356.1069237662968,42066200
2021-07-29,356.96405029296875,358.1328734519502,355.7659775729783,355.7659775729783,25672500
2021-07-30,355.1036682128906,355.6880946989648,352.9997506981232,353.02897053616863,36484600
2021-08-02,355.13287353515625,357.353670311332,354.4218178715605,356.7692438491458,27334100
2021-08-03,357.2854919433594,357.40237129441437,352.6003896958559,355.7952207670769,35558500
2021-08-04,357.8017272949219,358.75629153288105,356.1361370995005,357.2465206547263,29602200
2021-08-05,360.0711975097656,360.30495618085934,357.908840626664,358.61986649296125,21443900
2021-08-06,358.4932861328125,359.7790184492737,357.38290256871653,358.80498422016655,33332100
2021-08-09,359.1556396484375,359.6815967119485,357.8504373933395,358.9510710652408,25960200
2021-08-10,357.3147277832031,359.9641021847074,356.12640478564975,359.671903793984,35130800
2021-08-11,356.7010498046875,359.0776955890295,355.36662773011113,358.5809583688511,34249800
2021-08-12,357.98675537109375,358.34714323588037,354.84061449375287,356.1945361751535,25969200
2021-08-13,359.2432556152344,359.5744236345813,357.8406441655526,358.33741105715353,19336200
2021-08-16,359.399169921875,359.43810988993465,354.25627024718744,358.1231874265096,34856900
2021-08-17,356.23358154296875,357.6166936273464,353.7984957498843,356.6426593101126,44793900
2021-08-18,352.80487060546875,357.10036440211934,352.4737025901582,355.697752969533,38541900
2021-08-19,354.5094909667969,356.1848310358412,350.6133540364766,350.86661244900046,48499400
2021-08-20,358.18157958984375,358.5809371482276,355.26919734214954,355.58089539627775,39486000
2021-08-23,363.5387878417969,364.2303437868159,359.21407370292616,359.2237938316182,34034700
2021-08-24,364.64923095703125,365.25312749155125,363.66544676198924,364.1329939460542,21732900
2021-08-25,365.0679931640625,365.64269947957564,364.15239867091896,364.90242400209866,20441900
2021-08-26,362.74981689453125,364.892674222942,362.3114896301116,364.2108681423783,29133300
2021-08-27,366.2758483886719,366.7823354985739,362.89594834574615,363.3829654716711,27104700
2021-08-30,370.3863220214844,370.87333921039385,367.045361514436,367.06486122610136,27295700
2021-08-31,370.0842590332031,370.69787553189303,368.5355186943598,370.62971573770153,29628200
2021-09-01,370.6979064941406,372.7726040051485,370.49336764416,371.1459836086018,28138300
2021-09-02,370.52264404296875,372.38305313437667,369.3051011605161,372.0518850373697,25453400
2021-09-03,371.6622314453125,372.06158902854844,369.3537751807719,369.3732451634306,24605400
2021-09-07,372.188232421875,372.8408484825046,370.6103016105581,371.7694048065586,23970200
2021-09-08,370.89263916015625,372.01277223608594,368.623153179365,372.01277223608594,32949200
2021-09-09,369.61676025390625,372.22716478427736,369.37325170312164,371.11678124978545,29399000
2021-09-10,366.8115539550781,372.051862966313,366.48038587771686,371.331087134713,40249400
2021-09-13,366.558349609375,369.5778621691733,364.5031513106336,369.1492846587415,48741800
2021-09-14,365.51605224609375,368.77904275781236,364.56148811040504,368.0485171700851,41826600
2021-09-15,368.233642578125,368.5843103711688,363.6751693447239,365.97390567086217,34097900
2021-09-16,368.48687744140625,369.0615540549089,364.9706282320513,366.899196932411,35193100
2021-09-17,364.1231689453125,368.05827518821076,363.08097500815853,368.00958537134704,60912300
2021-09-20,356.5992126464844,360.0608555494675,351.94789967855064,358.31539310363013,76203200
2021-09-21,357.0379333496094,359.63173978427625,355.9067977027395,358.43233902536196,41927500
2021-09-22,360.3729248046875,361.83559595357434,356.85274743214376,357.9546311256045,46972900
2021-09-23,363.6980285644531,364.73164701849356,360.8896954975819,361.5332743052497,44652000
2021-09-24,364.039306640625,364.4586282884446,361.05546009837343,361.4260081899673,36056800
2021-09-27,361.1335754394531,362.01117232983967,358.5787808162302,360.987314250743,43338100
2021-09-28,350.9142761230469,361.0847081664258,350.40722754772685,356.56995526985435,97701600
2021-09-29,350.3390197753906,354.32723318212066,349.71496217730873,352.181999850943,58076600
2021-09-30,349.0517578125,353.6542965383127,348.2131741556067,351.9868601278548,61384600
2021-10-01,351.2166442871094,352.26002367912633,345.5609935264455,349.6759768618942,56375500
2021-10-04,343.8447570800781,349.929460035189,341.60200637135085,349.5979247852629,76766000
2021-10-05,348.4862976074219,350.7388088998219,344.6833583967544,344.9076156047171,47232900
2021-10-06,350.71929931640625,350.99233007242776,344.3615363777154,345.268385343274,56806500
2021-10-07,353.9371643066406,356.58947583577134,353.23508096780836,353.7713818168922,39411200
2021-10-08,352.1722106933594,355.2535748095402,351.63588008536567,355.019527190838,41822300
2021-10-11,349.4711608886719,354.1614573868105,349.383374431444,350.6315193044974,34847200
2021-10-12,348.25225830078125,351.36284485178084,347.60867943426126,350.924061368781,43905100
2021-10-13,351.0410461425781,351.71387719500086,348.5349959767786,350.5632497968152,40120800
2021-10-14,357.5061340332031,357.7206603536043,353.9762252905228,354.6392958233537,43433900
2021-10-15,359.75860595703125,359.8756148901785,357.6913687831056,358.72498737006845,40419900
2021-10-18,363.3763122558594,363.5908385770193,357.8571621370396,358.4617281990018,34513500
2021-10-19,366.1260986328125,366.174842435405,363.42504324214417,364.4489011615569,29091000
2021-10-20,365.6483154296875,367.19874336039203,364.16612287345004,366.5844166833328,31390300
2021-10-21,367.8811950683594,368.0762297435088,364.5463223333429,364.8486052491452,25469300
2021-10-22,364.79022216796875,367.5887951146105,363.1227852456858,366.62344159509774,36275800
2021-10-25,368.52484130859375,369.4414508851354,364.2635977230326,366.2138257993988,32597800
2021-10-26,369.68524169921875,373.185897641837,368.50536200601954,370.7676337918499,47191300
2021-10-27,370.5433654785156,373.6149690038843,369.8705343552865,370.1338044546765,45760500
2021-10-28,374.6583251953125,374.911864373424,371.67447855338315,372.444826992793,38007000
2021-10-29,376.5013122558594,376.6670947558505,371.22597086231747,371.57699767436105,37310100
2021-11-01,377.7884521484375,377.9152217439205,374.853378915555,376.9401076348159,30765300
2021-11-02,379.3681335449219,379.8459596955441,377.12538298953825,377.1741267919123,25135300
2021-11-03,383.3953552246094,383.8146471462385,378.8123368031636,379.8556862754302,33748900
2021-11-04,388.3099365234375,389.2655590505,384.11695781362664,384.6630193267708,40265300
2021-11-05,388.6805114746094,391.01101885086206,387.2763446986934,390.08467825052537,43383800
2021-11-08,388.1539001464844,389.67507569866484,387.51032129623576,388.6512178394309,29256300
2021-11-09,385.4820556640625,389.62628997100114,384.1169020792824,389.22648967865194,50490700
2021-11-10,379.816650390625,385.5210432848017,377.8859140251686,382.70297939749474,54937400
2021-11-11,380.8698425292969,382.9760927209649,380.5285466159859,382.80057931119,32243000
2021-11-12,384.8775939941406,385.4138949111341,380.42131487307915,382.02048671739783,34730600
2021-11-15,384.7897033691406,386.3791438765542,382.3421875784335,386.05736936508373,33716900
2021-11-16,387.5299072265625,388.0271952442909,383.86346822899907,384.05847321853736,27872900
2021-11-17,387.7346496582031,389.77263468928186,386.769296158777,387.8516585965429,28703300
2021-11-18,391.7520751953125,392.25912379564784,387.55909662353895,389.7823554990395,45721500
2021-11-19,393.9363098144531,395.2137068207477,392.5613954529513,393.3902483350349,45191700
2021-11-22,389.3630676269531,398.5388953361176,389.25581935450737,395.4770523837826,61715400
2021-11-23,387.58837890625,390.2699427900471,383.1418608104945,388.20267581735203,70098700
2021-11-24,388.8365173339844,389.119279003897,382.77130629666675,385.1018135771563,46954400
2021-11-26,381.4646911621094,387.6469116875076,380.07025522451335,386.2524757499116,51533300
2021-11-29,389.74334716796875,390.7574741386341,385.3065900282527,386.0379255847852,54447100
2021-11-30,384.01947021484375,391.2060568984865,382.0009767376119,388.8560281738739,81332700
2021-12-01,377.486083984375,390.5136210168766,377.0180483628035,388.3683585576263,77766500
2021-12-02,380.206787109375,381.991233029099,374.7753937903359,376.19905221184035,84416600
2021-12-03,373.595458984375,382.57625125083956,369.4707157489044,381.57188494749437,105349100
2021-12-06,376.589111328125,377.95426523977017,369.8607996240819,374.0830607228871,67588800
2021-12-07,387.9296569824219,388.5439836705442,383.2101079727269,383.2491208717837,56005300
2021-12-08,389.6653747558594,389.87017016558883,386.3597530617328,388.261237672441,39204000
2021-12-09,383.9317626953125,390.24075338434494,383.7367279327509,388.43678598409383,49973700
2021-12-10,388.1051940917969,388.36846420054485,383.57088946761405,386.74977113336433,52545800
2021-12-13,382.4981994628906,388.4171183980856,382.1276514084261,388.0953438949596,50166400
2021-12-14,378.5393371582031,380.38228748699777,374.08305820683796,377.6617105883623,75199200
2021-12-15,387.1689758300781,387.52979298269764,374.3267419759278,378.28570216975857,73858000
2021-12-16,377.2131042480469,388.56344573443926,375.6236636327902,388.1343931846233,82591400
2021-12-17,375.3312072753906,379.5046948275117,372.26933442810804,373.79051018722816,80492500
2021-12-20,371.6903076171875,372.4811564437711,368.54642877462436,370.59678972344864,65336800
2021-12-21,380.00885009765625,380.3212922701826,371.2118717861444,374.97083180113935,48899500
2021-12-22,384.63690185546875,384.8419290421539,379.05212338112636,379.7160408020997,37042200
2021-12-23,387.53668212890625,389.01096492663703,384.82240351658004,384.98836796985034,29595500
2021-12-27,393.9416198730469,393.9416198730469,388.805958350304,388.83524794926467,32820700
2021-12-28,392.1157531738281,395.0155422927758,391.23703551878054,394.83980472099216,33113700
2021-12-29,392.0571594238281,393.5216987265636,389.6748397743549,392.2524432493109,32248500
2021-12-30,390.88555908203125,394.02943808343167,390.2997373818945,391.84237238932957,23850100
2021-12-31,388.44464111328125,391.57874683055024,387.94668822316385,390.21184946134633,34752900
2022-01-03,392.1841125488281,392.4379755767235,387.4975984401951,389.6162820624403,40575900
2022-01-04,387.0972595214844,392.76990594071793,383.9924434034849,392.73084321705915,58027200
2022-01-05,375.20526123046875,386.5310392199213,374.95139818468414,385.40820177657076,75739800
2022-01-06,374.9416198730469,378.1929141743612,371.1435963507532,373.3794682790907,70814300
2022-01-07,370.8799133300781,376.64045834065,369.1029616469865,374.9513456427815,72652300
2022-01-10,371.1239318847656,371.64143093570067,360.57926300339716,365.95901246472977,91770500
2022-01-11,376.69903564453125,376.8650000764331,368.30233784702943,370.39173171745125,68295700
2022-01-12,378.19293212890625,380.9755632064589,375.908254028343,379.27667708337356,54576400
2022-01-13,368.7319641113281,380.2627684160022,367.7946672534968,379.5793047886717,77994000
2022-01-14,371.02642822265625,371.35838691746574,365.9981523496402,366.20320932277355,80121200
2022-01-18,361.78997802734375,367.3259491540811,361.02841885713855,365.19749272916465,75450900
2022-01-19,357.81622314453125,365.8321259125939,357.5525870226399,363.35216455848695,81791500
2022-01-20,353.16876220703125,365.03152426266394,352.6317763964146,361.0479905827855,88610700
2022-01-21,343.37591552734375,353.61791835823607,343.0927628959581,350.97199214339076,143388900
2022-01-24,344.9477844238281,345.61173149999837,326.25050677152024,337.7325035267312,198685800
2022-01-25,336.951416015625,342.731477422062,333.6025100491681,338.4745642628563,124398400
2022-01-26,336.4241943359375,348.44317719253445,332.723783551049,344.5670288517097,146559500
2022-01-27,333.0362243652344,342.9657835843847,332.01102903424174,341.13999612538197,95255700
2022-01-28,343.4833068847656,343.698107195817,329.96074980801365,334.92064363211136,108167900
2022-01-31,354.4674072265625,355.0532290554688,343.20998012274055,344.85028720290546,94326400
2022-02-01,356.87896728515625,357.53314135865156,350.64981776883405,355.8147388459382,74433000
2022-02-02,359.7787170410156,361.35067139300946,355.6780248543267,361.0187127252391,78777100
2022-02-03,345.1919250488281,353.3738232733885,344.12769665916977,350.05420658889017,95384800
2022-02-04,349.5464782714844,352.85632152171604,343.64925847869347,345.7093627459622,86318300
2022-02-07,346.7345886230469,352.51462075433875,345.47507639937174,350.14207408351587,58198100
2022-02-08,350.63018798828125,351.7237057645812,344.45958934073167,345.59216983650657,64720900
2022-02-09,358.06036376953125,358.13845942656536,353.5593305580733,355.1605745905089,55766400
2022-02-10,349.9565124511719,357.8259672780782,348.1112085744344,351.02074068203257,112468500
2022-02-11,338.85528564453125,351.55773077327217,337.62506328514314,349.9564870803465,101569100
2022-02-14,339.2751159667969,342.6826305100123,335.7602459886062,338.29875657371633,80254400
2022-02-15,347.7109680175781,347.94528479955426,343.5028602965082,344.56708874282594,55128800
2022-02-16,347.623046875,348.6482124378957,342.4190340219514,345.4555275797361,58947100
2022-02-17,337.2834167480469,345.10403644234606,336.8635594986274,344.4010563780814,61801400
2022-02-18,333.43658447265625,338.61127855745656,331.1226169329223,338.22074066738065,80001500
2022-02-22,330.087646484375,335.90677125983325,326.4458441794072,330.48795750321943,85967100
2022-02-23,321.63238525390625,334.0907132062241,321.3199430379151,333.2510582713938,86215400
2022-02-24,332.4406433105469,332.9776589240306,310.73619025827014,311.30246566937035,130614100
2022-02-25,337.5958557128906,337.8009126866889,329.41398711072134,333.24130014245407,78842100
2022-02-28,338.6014404296875,340.30032610940845,333.2510097908231,334.4128799031587,77515500
2022-03-01,333.4169921875,339.8511976410716,330.8882246878627,337.5762931432007,67407000
2022-03-02,339.01153564453125,340.34914334820735,332.19653583181395,334.96939314518386,70609000
2022-03-03,334.1687927246094,341.7648680045023,332.3039426116682,341.6574529717135,71089400
2022-03-04,329.3260498046875,333.24126096266144,327.00233920668967,331.80601129547387,76936300
2022-03-07,317.18017578125,330.47821899917665,316.97514860142616,329.31634865328937,89933800
2022-03-08,315.7059020996094,325.3327940474866,312.37651208263634,316.3893359841019,116153900
2022-03-09,327.0706787109375,328.42783279833134,321.3101632795259,323.9072832786369,64723400
2022-03-10,323.4385986328125,324.64930466592307,318.98640172686294,322.9992547384848,69362700
2022-03-11,316.73101806640625,326.7289596780272,316.2428383129759,326.41651748476113,66228400
2022-03-14,310.64837646484375,318.8693083896427,309.9453962944169,315.4911121965989,79802600
2022-03-15,320.39239501953125,321.1735005729156,311.68328412123947,313.29427149315757,76471000
2022-03-16,332.2746887207031,332.39184709915105,320.6364697914419,324.31736435907646,105243000
2022-03-17,336.2972412109375,336.35582039248277,329.0721874578131,330.3707323768998,67810000
2022-03-18,343.18060302734375,343.47352876518363,333.4755868769252,334.63745710592804,85446300
2022-03-21,342.2265625,344.57274661975725,337.8275120249106,342.34389557236415,73799100
2022-03-22,348.95220947265625,349.82225817690824,342.34387870432664,342.72511421357217,63345900
2022-03-23,343.9372253417969,349.63645502119846,343.8785737355735,346.06834308877944,70615500
2022-03-24,351.5818786621094,351.63077489980714,343.70269297671206,345.863107159361,53555300
2022-03-25,351.2885437011719,352.57893869970735,346.97747166035776,351.52315012528254,57584200
2022-03-28,356.7238464355469,356.82160906620953,350.0372941931569,351.2787930869702,56833900
2022-03-29,362.8629150390625,363.4885420919868,357.8479940721763,360.6242793791329,68073000
2022-03-30,358.85491943359375,362.65766782550475,357.36902894220833,360.9957926731544,68757700
2022-03-31,354.40704345703125,359.3535286238368,353.56632057314437,359.00158909503324,67011400
2022-04-01,353.7324523925781,355.45294918702496,350.54557598034336,354.6709079016366,54527800
2022-04-04,361.01531982421875,361.0251050363984,354.3092275210905,354.57315975326384,45950200
2022-04-05,352.99932861328125,360.2724269857712,351.85556248900053,359.55879258062447,62738700
2022-04-06,345.3351745605469,348.77619813209145,342.695732899858,347.6715431395288,90077100
2022-04-07,346.1563415527344,348.3558664187858,340.86770262818374,344.3380521503232,63777400
2022-04-08,341.31732177734375,345.1689359964626,340.6819095482218,344.4162205660211,61956100
2022-04-11,333.2427062988281,337.99366585039377,332.9005520081636,337.0747508219651,66107400
2022-04-12,331.83502197265625,339.89016188177084,330.4566493717673,338.00346534636367,72790200
2022-04-13,338.5802001953125,339.63595900403806,331.45373127927763,332.17712102168286,61367800
2022-04-14,330.837890625,339.1863185837127,330.6228247580038,338.66820942680835,73519400
2022-04-18,331.0920715332031,333.38935926924506,328.25713403962664,329.78213572121865,58560600
2022-04-19,338.4922180175781,339.0689787274563,329.42040122842354,330.4468342178235,56515700
2022-04-20,333.55548095703125,339.7630346423901,332.33352274467575,339.30357716122586,65500000
2022-04-21,326.6539611816406,340.06617973026044,325.7252905619248,337.4463076983222,75801000
2022-04-22,318.10015869140625,328.0322387093622,317.67002701021005,326.81028048618305,82562100
2022-04-25,322.1863708496094,322.49919930593535,315.1967759744362,316.46763039089905,101755900
2022-04-26,310.02557373046875,320.30956653792737,309.7518263652198,320.1238264446362,105819600
2022-04-27,309.6540222167969,315.63672535342846,307.9334953628235,310.12323511663203,111204200
2022-04-28,320.6516418457031,322.4894718947998,310.3969475468532,314.62982778752155,99450000
2022-04-29,306.22271728515625,319.88910819308836,305.5873050035913,316.4382995156436,91977900
2022-05-02,311.3354187011719,311.5700251365081,302.70348899452847,305.81214359459227,115511800
2022-05-03,311.66778564453125,313.96507308480477,308.8915001243794,311.3549571775653,78185500
2022-05-04,322.2059631347656,322.880486487562,306.84839992515623,312.1467942862061,116083400
2022-05-05,305.978271484375,317.9534594258561,302.6740924056155,317.87526724335197,154607400
2022-05-06,302.31243896484375,308.0214237229795,298.2652993505533,303.97431394165096,139572800
2022-05-09,290.48382568359375,302.4101467069068,289.08591300752903,296.67183718845314,113387300
2022-05-10,294.0129089355469,298.90074141641196,289.9169029299449,297.6787832961957,124124600
2022-05-11,285.2929992675781,297.2681887031671,284.4229806094794,291.7449440321204,140326100
2022-05-12,284.6184387207031,289.1152499270733,278.5477600002301,281.0014611015253,120910900
2022-05-13,295.1664733886719,296.2026916394531,287.482784092407,289.0860077003123,83684900
2022-05-16,291.7449951171875,295.4793069019176,290.46438518484274,293.4166257452235,59190400
2022-05-17,299.30157470703125,299.68281016235943,293.8076254350322,297.6201589861022,62715300
2022-05-18,284.60882568359375,295.46957901593237,283.34775609982194,294.7755149089453,79477100
2022-05-19,283.083740234375,287.78586331460826,281.12860691466454,282.80026738275313,79920700
2022-05-20,282.20391845703125,287.2090546674022,273.92392817553366,286.5541017529559,91764200
2022-05-23,286.89630126953125,287.2775367898699,280.8451606847929,283.24996654276134,63648400
2022-05-24,280.7962341308594,282.379887325686,275.91818610899804,281.66628276649203,73491100
2022-05-25,284.72607421875,286.8082959725637,279.09528072482755,279.3005613696782,67144500
2022-05-26,292.6150207519531,294.16937802379573,283.6409658031417,283.9244684931405,59462200
2022-05-27,302.1658630371094,302.3124920707119,295.63572485496053,295.75302808184256,66985600
2022-05-31,301.3642272949219,304.3457934624533,297.50282732965945,302.1365132545673,60968300
2022-06-01,299.1354064941406,305.6362190020112,296.9163408525002,303.5051307823247,65341700
2022-06-02,307.3274230957031,307.50337794131923,296.5937300185986,298.0112136629873,59291300
2022-06-03,299.3309020996094,303.50510070334303,298.0796180564387,302.0974024256554,60914700
2022-06-06,300.3280029296875,305.3429242087477,298.7638904505688,303.77881172962907,51785000
2022-06-07,302.9185791015625,303.70065033693476,295.8996575745371,296.99452747109103,44900300
2022-06-08,300.7386169433594,304.7270757278671,299.8881089026427,302.11695965959603,38342100
2022-06-09,292.6834411621094,302.1169531139931,292.51727154254525,299.0474094287915,55900500
2022-06-10,282.3603515625,288.2550773512787,281.9106792504298,287.0624448282488,85963500
2022-06-13,269.23162841796875,276.00615798558107,268.3713650126276,273.47426400070475,94442000
2022-06-14,269.72039794921875,272.4087060370571,267.2080446854002,271.4311394596613,64697500
2022-06-15,276.455810546875,280.3954025805531,270.4046711688957,273.1516606419868,86051400
2022-06-16,265.30181884765625,269.8670382484396,263.2391377699991,269.4075807445418,81910300
2022-06-17,268.5277404785156,270.9716566939938,264.4415197261469,266.07403905162784,82703400
2022-06-21,275.3025817871094,277.62389318358925,272.91276179917776,273.02048647788286,51633700
2022-06-22,274.90106201171875,279.3183421828266,272.1977820764421,272.79522965877635,67472900
2022-06-23,278.99505615234375,279.8471689533657,274.54836522103903,277.3887511878804,57457800
2022-06-24,288.554443359375,288.97562766866906,281.5905997443488,281.8256571148895,58422300
2022-06-27,286.43890380859375,290.4839893977777,285.3027432221023,289.91592404968713,54151500
2022-06-28,277.7120666503906,289.5731407765683,277.52596955974604,286.977615420622,61609800
2022-06-29,277.9666748046875,279.47502953624235,275.06752393221257,277.5749025068358,57302700
2022-06-30,274.51904296875,278.1038178615727,270.11153726466966,274.97938364901086,79313600
2022-07-01,276.3310546875,276.72282703844155,271.33587501463063,273.2164241455902,56675100
2022-07-05,281.06170654296875,281.17923523483455,271.0615751392758,272.5895079141479,61829300
2022-07-06,282.8639221191406,284.96975440487324,279.7199096145306,281.44374370842104,63194700
2022-07-07,288.9169006347656,289.6221027277591,283.676860210886,283.676860210886,56620100
2022-07-08,289.2793273925781,290.6505455552985,285.13626083527004,286.0765204482334,59895500
2022-07-11,283.0990295410156,287.0853513309118,282.2175342768471,286.8600979210317,55273900
2022-07-12,280.3565368652344,286.2723974579635,278.7600355390411,284.35269219182925,55797100
2022-07-13,279.7786560058594,282.129319689136,274.2643719761859,274.83246721624994,73939400
2022-07-14,280.77777099609375,281.64946230937994,274.04895251469446,277.1733873457408,63741800
2022-07-15,285.8708801269531,285.978634722716,282.15877166581964,283.77488137003786,63818100
2022-07-18,283.45166015625,290.072724534794,282.2763429164222,288.66231993474537,59519600
2022-07-19,292.16864013671875,292.4624917806867,285.4790391624275,287.08531456627213,55172600
2022-07-20,296.8014221191406,297.9865430182789,291.8062431915184,292.5898176668118,67769400
2022-07-21,301.0620422363281,301.1208065906534,294.59769424773924,297.26178790829596,55049400
2022-07-22,295.78277587890625,302.2079368126637,293.95121733548416,300.1315168620396,57127700
2022-07-25,294.09814453125,296.2823191652776,292.09029283683253,295.8121744768343,40582400
2022-07-26,288.3194274902344,292.64859065945006,287.5065007065622,292.39392521116946,50074100
2022-07-27,300.5037536621094,302.19820560111117,292.3253755219747,292.8934708059393,69304400
2022-07-28,303.44207763671875,304.01994702756605,296.52719321022545,300.28826120696283,55139900
2022-07-29,308.9759826660156,309.88689003257247,303.55964825513223,304.98966073194316,57501000
2022-08-01,308.7898254394531,312.25707147850824,306.10615387012473,307.2031282374324,46358800
2022-08-02,307.86920166015625,312.0024643532594,305.43039105236727,306.4882093116286,48676500
2022-08-03,316.2532653808594,317.07599625736265,309.49506551973684,309.55382987589326,53735700
2022-08-04,317.73223876953125,318.04566862606544,314.1768454284069,316.33163832918416,38973700
2022-08-05,315.13665771484375,317.17389164328364,311.84573447113826,312.6292790843126,53894000
2022-08-08,314.1180725097656,319.75969021243384,312.64890372388874,316.0573860676367,43878500
2022-08-09,310.56268310546875,312.4726145068504,308.9368292658063,312.2179490159153,39764200
2022-08-10,319.230712890625,319.5245645192212,315.440263015176,317.91825930909414,51459600
2022-08-11,317.4187316894531,323.56964914850215,316.7135296289751,321.56179753105,45897700
2022-08-12,323.59912109375,323.7949923249394,318.41784430021045,319.4756326415139,40928400
2022-08-15,326.2141418457031,326.7136686554246,322.62936744307586,322.648975484434,38266600
2022-08-16,325.45025634765625,327.54628475285773,322.39439016725896,325.23477707133003,41186900
2022-08-17,321.7381286621094,324.6177015924297,319.6519044074577,322.3062239424107,47842200
2022-08-18,322.5118713378906,323.696992237814,320.073061166977,321.6891405560199,41937200
2022-08-19,316.22381591796875,320.12202046047855,315.45984948796337,319.46580859755994,51770600
2022-08-22,307.8985290527344,312.1885059057158,307.0856022915618,311.9534485078461,51098900
2022-08-23,307.6439208984375,310.484307640111,306.8897285292592,307.66349905323347,39497100
2022-08-24,308.53521728515625,310.35697204469074,306.5567177274495,307.16396931396105,38057100
2022-08-25,313.99066162109375,314.0102696631607,309.269756480703,310.3177405705039,38098300
2022-08-26,301.1208190917969,314.90162866911857,301.0326725566496,313.69689957481137,69047700
2022-08-29,298.1531066894531,300.9053470619951,297.0463281265555,298.3587819430801,48321900
2022-08-30,294.8327331542969,300.4253896090577,292.3057764060262,299.8083340370713,51184500
2022-08-31,293.1187438964844,298.642832746009,293.0110192021264,297.74172942724925,50044000
2022-09-01,293.24603271484375,293.6182268583599,286.9286259677699,290.6211254473125,57990700
2022-09-02,289.1029968261719,297.50662767594855,287.4868875290173,296.1256056692822,64666800
2022-09-06,287.02655029296875,290.5036004605088,284.8913658416543,289.58291911171983,57005400
2022-09-07,292.82489013671875,293.8239140175416,287.2420375378397,287.50650701387474,49260400
2022-09-08,294.34307861328125,295.6653365900624,289.3773104902941,290.74852880719703,55649800
2022-09-09,300.7779846191406,301.2775115046468,294.3430190211822,296.6055362585867,56125200
2022-09-12,304.35296630859375,304.68597428060605,301.845587550832,302.1590173681304,45905700
2022-09-13,287.6632080078125,296.79161902356276,286.77190885268436,295.5966940990329,79562200
2022-09-14,289.9453125,290.82680766143733,287.03635754403905,288.80915188891885,54907200
2022-09-15,285.1166687011719,290.4350520413631,283.5103632962268,288.0256238242582,65299400
2022-09-16,283.37322998046875,283.76500227256685,279.74926902536396,281.8061109217664,79920400
2022-09-19,285.5799865722656,285.7369831212887,280.664165007613,280.7230349704929,52613800
2022-09-20,283.3035583496094,285.5995763034925,280.99771875574464,283.0680485982199,51271100
2022-09-21,278.2307434082031,288.4254871116394,278.09339015270274,284.14741380444843,82931000
2022-09-22,274.806396484375,277.71075812297386,273.57988887334113,276.70011704924326,62757100
2022-09-23,270.33209228515625,272.6281108817209,266.9076627597219,272.3337310960899,74815200
2022-09-26,269.2134094238281,274.23717793445803,268.4186351837336,269.86100879427966,71176700
2022-09-27,269.32135009765625,274.94363956905175,266.9958674461967,272.58875188850766,69780100
2022-09-28,274.6788330078125,275.96421057979035,267.8202120762934,269.3018128982636,79652100
2022-09-29,266.76043701171875,271.05812354438996,263.78738440191603,270.67543887919436,81216000
2022-09-30,262.2370910644531,270.01804644675275,262.0800945315711,265.93622642390045,78482400
2022-10-03,268.3892517089844,269.98862213538143,262.5020162414288,264.0130817290959,61267400
2022-10-04,276.8276672363281,277.53413678896345,273.74666587110323,273.74666587110323,66696900
2022-10-05,276.68048095703125,278.4760747765659,270.243771939112,273.0500067492764,55766300
2022-10-06,274.502197265625,278.83911097152196,274.17838252036097,275.6796264868685,53489400
2022-10-07,264.04254150390625,269.9788258468675,262.7080857683854,269.85126427538046,71354700
2022-10-10,261.4030456542969,264.63122118092616,258.68511631737476,264.2387148983744,60393000
2022-10-11,257.81182861328125,262.6001177949354,256.1241534089937,259.7251919354999,66522500
2022-10-12,257.7235107421875,260.37274835066876,257.0268630308935,258.44959342877496,50580200
2022-10-13,263.76776123046875,265.0923951039524,249.48139161626037,250.36448585592046,112894100
2022-10-14,255.83958435058594,266.7015394731596,255.25088484043877,266.10301832316867,77244300
2022-10-17,264.2878112792969,265.1610689466003,261.72684834694667,261.82497492431366,64576500
2022-10-18,266.3778076171875,272.0000986632557,263.6892828964204,271.33288578996803,69781000
2022-10-19,265.4064025878906,268.53645213791873,263.03190082554363,264.85692962086665,53115400
2022-10-20,264.05230712890625,269.67462775308275,262.88469964866005,264.51347510272905,60605500
2022-10-21,270.2437744140625,270.783425745873,261.805396677915,262.9435992510727,77897700
2022-10-24,273.2168273925781,274.1489551422456,266.8586016230017,270.5086892037533,63963600
2022-10-25,278.8685607910156,279.2512455205015,272.677153061995,274.1587837673911,59014500
2022-10-26,272.70660400390625,278.6429188713533,272.21600095423463,273.22664203879685,63492400
2022-10-27,267.74163818359375,273.0499654786132,267.2216002756394,271.58797832953957,57760300
2022-10-28,275.93475341796875,276.4057430793564,266.9469028353632,267.11372103128093,62651300
2022-10-31,272.7261962890625,274.5021766012349,270.80301113428953,273.6779672252014,47742000
2022-11-01,269.93951416015625,276.76872811050396,269.5764728039961,276.20943361608306,45895900
2022-11-02,260.686767578125,272.9812758948234,260.6180759808633,269.91009673983194,79803100
2022-11-03,255.59426879882812,259.52891332393597,255.2116141383536,258.0669263810603,70038900
2022-11-04,259.70556640625,261.5992865773763,254.21080746248094,260.53959739714816,78313200
2022-11-07,262.5608825683594,263.10056377850293,258.6164456395139,260.7554673099015,47333800
2022-11-08,264.4742736816406,267.72206314682194,260.52980639660615,264.08179727036173,63213800
2022-11-09,258.37115478515625,263.51266431827514,258.0865966788033,262.72771154547326,64862100
2022-11-10,277.4359436035156,277.73029336978203,268.7032178573205,270.82262600651364,99256700
2022-11-11,282.54803466796875,283.21527741874615,275.90528169082427,277.2495289451392,66961800
2022-11-14,280.075439453125,283.7745752459589,279.0942334656754,280.4875291991968,55290700
2022-11-15,283.951171875,287.74843367759155,280.5954347331599,286.71814958111986,73985400
2022-11-16,280.075439453125,284.0395200267497,279.251230016951,281.9888031062638,48859800
2022-11-17,279.45721435546875,280.93884465766456,275.4440863293859,275.60108284665375,55462100
2022-11-18,279.4670715332031,282.57747746653075,277.01405678400505,282.479380831785,53588600
2022-11-21,276.5921630859375,279.2315795760178,275.7581320291764,278.0737637270706,40083500
2022-11-22,280.57586669921875,280.73283330792435,275.18902541606224,277.3280772460666,41873400
2022-11-23,283.39190673828125,284.0198629688996,280.4188539382524,280.59546382086114,46390000
2022-11-25,281.527587890625,282.4989720732382,281.0369849791597,281.79250268296715,15498800
2022-11-28,277.3967590332031,281.5668848211997,276.4646312352471,279.5456027171287,38714200
2022-11-29,275.29693603515625,278.0246871352142,273.9232538164268,277.62238913829583,35618900
2022-11-30,287.84649658203125,287.9544447824738,274.7081675194022,275.56181170753433,74718100
2022-12-01,288.1997985839844,290.191645366252,285.4131774170305,288.17036360470075,51547300
2022-12-02,287.0517578125,287.9348670277143,282.9405029287859,283.1171427382444,53583200
2022-12-05,282.23406982421875,286.1981199653344,280.7720527211385,284.92256431644523,41482100
2022-12-06,276.3860168457031,282.21438115102205,274.9927215079729,282.07702792269265,53937600
2022-12-07,275.2576904296875,277.25935885365453,273.54058010156564,275.1988204711027,45614300
2022-12-08,278.5152893066406,279.4866735258016,274.53159591118015,276.6117475430135,42594900
2022-12-09,276.7393493652344,280.27169696349756,276.2977946864399,277.494867207406,47860500
2022-12-12,280.21270751953125,280.27160740937717,275.87579514233454,276.9158707772652,35732500
2022-12-13,283.22503662109375,291.3003708053401,280.5365424209151,291.0746827007029,80667700
2022-12-14,281.12530517578125,285.93320798041793,277.8676944801887,282.6363406654493,64984400
2022-12-15,271.68603515625,277.69100868581336,270.48896311679977,277.0237661149584,60554100
2022-12-16,269.095703125,272.5495369212673,267.4865111652677,271.00906650131145,68300400
2022-12-19,265.3139343261719,269.45469205157076,264.07464554690455,269.3661757124393,44167900
2022-12-20,265.1073913574219,266.8581178471413,262.55998781436296,264.14349676719166,51064200
2022-12-21,268.9530944824219,270.26120926853525,265.3040842589803,266.14995706564974,46394700
2022-12-22,262.3731689453125,266.0615005824622,258.143863991949,265.93363361652587,60278400
2022-12-23,262.9632263183594,263.63206646907213,259.196224220141,261.1043231467132,39373600
2022-12-27,259.24542236328125,262.4616665309038,258.7044791014766,262.3534598691124,38009000
2022-12-28,255.8226318359375,261.1043167709171,255.45872133065407,258.8421525395421,47139000
2022-12-29,262.058349609375,263.00255383566116,257.93725249710616,258.63556801748473,45893600
2022-12-30,261.90106201171875,262.02892898269437,257.97668660016063,259.28480173210636,37858300
2023-01-03,260.130615234375,265.70735480454834,257.81925517645493,264.23202242915863,42335300
2023-01-04,261.3699035644531,263.05180427383476,258.21270032862657,262.2551271023245,47754900
2023-01-05,257.2783203125,259.8650749321113,256.9636055041149,259.6978873801128,45396700
2023-01-06,264.3795471191406,265.5008141211884,256.0586810064233,259.0191908829083,54659700
2023-01-09,266.0910339355469,270.76292116580095,265.4812345101136,266.37624333407354,45568700
2023-01-10,268.3432922363281,268.45149889240116,264.546784417537,265.05822220195546,35247800
2023-01-11,272.9856872558594,273.09389391760425,268.6285456657879,269.41540770119474,44077000
2023-01-12,274.4610290527344,275.49377988105806,269.23835405559225,273.5463300454877,60600000
2023-01-13,276.3494567871094,276.5953455435482,271.61855951448354,271.9529646213542,44802900
2023-01-17,276.9100646972656,278.1985192603604,274.98227541409625,276.152708187551,36269700
2023-01-18,273.31024169921875,280.0082481984459,273.1037035736477,278.45421464034155,47754500
2023-01-19,270.62518310546875,272.81852181122684,269.38592407484686,271.67759427924415,44150400
2023-01-20,278.0312805175781,278.3656855679682,271.17590194530044,272.23815800250406,60613600
2023-01-23,284.2079772949219,285.43742075465383,278.0804503016718,278.8771272623214,52799900
2023-01-24,283.627685546875,284.78827297712445,282.06383705715723,282.5851198870632,44875100
2023-01-25,282.99822998046875,283.6178442837639,276.55592810910605,279.10333140835303,50872000
2023-01-26,288.5159606933594,288.6929933531368,283.77521936569485,286.43082932519764,51596300
2023-01-27,291.38800048828125,293.3551103977071,287.0800249841242,287.1980467761753,56441900
2023-01-30,285.49652099609375,289.5389479650875,285.12279528055996,288.11278109914326,49405800
2023-01-31,289.77496337890625,289.87332488004057,285.42766717649994,285.5358438167465,46705100
2023-02-01,295.97137451171875,298.4400770735001,287.49310546478307,289.56842205777883,67562200
2023-02-02,306.59375,308.52150929625026,301.68582040796457,302.5120029635004,83070600
2023-02-03,301.1448669433594,307.2527651908167,299.5318523287832,299.9252683311883,76170800
2023-02-06,298.5974426269531,300.87929730676444,297.2499771526682,298.5187714381422,40802300
2023-02-07,304.78399658203125,305.91507871154136,297.3483239547187,298.4695609302209,67584000
2023-02-08,299.3646240234375,304.4102658659926,298.67615354787125,303.4660614909702,56720900
2023-02-09,296.7188415527344,303.90862562857234,295.2631994787831,303.7610983934711,49137800
2023-02-10,294.77142333984375,296.6106662490203,292.36170176476514,294.5550400554868,50050100
2023-02-13,299.4925537109375,300.0826928248424,294.9976993135386,296.1779775413484,39636700
2023-02-14,301.7055358886719,302.65958556464545,295.96157753590523,297.909027497423,64079100
2023-02-15,304.0168762207031,304.1840637727451,299.1974624112747,299.8859329464968,43100600
2023-02-16,298.31219482421875,303.35783635947445,298.1646675895621,299.3744509451747,59498600
2023-02-17,296.2074279785156,296.96475452433197,293.197752073914,296.11891163022926,58230700
2023-02-21,289.1947021484375,293.8174230815035,289.057020043899,292.37159589739304,46526700
2023-02-22,289.4111022949219,291.48638924962654,287.7488916935676,289.7750128971614,51389200
2023-02-23,291.9388122558594,293.227266948525,287.73901305263115,293.06989454127427,69294400
2023-02-24,287.0505676269531,288.1521445582692,285.28015040243497,286.96205126808525,74332000
2023-02-27,289.10614013671875,291.614193215911,288.51600117228685,290.2175620163273,48995000
2023-02-28,288.73236083984375,291.25025886745044,288.1422219236864,288.4766269725094,48243100
2023-03-01,286.4112548828125,289.09634107471953,285.4276997905167,288.4373759716842,58287000
2023-03-02,288.7816162109375,289.58813864616445,283.62779677594636,283.91303617683815,53565900
2023-03-03,294.7518005371094,294.9878741841112,290.0209026606253,290.53237054936164,60511500
2023-03-06,295.0861511230469,299.00071070704007,294.88945813859004,295.9910349018383,56736300
2023-03-07,291.4666442871094,296.05985870088523,290.8568450750078,295.13531472908204,65955800
2023-03-08,292.9223327636719,293.5222868558657,290.0306789046681,291.8895820907625,50876300
2023-03-09,287.84722900390625,296.030414350728,287.0308614909295,293.4239694151868,71456700
2023-03-10,283.8048095703125,289.509447108922,282.6540669223674,288.0144241601805,98593600
2023-03-13,285.90960693359375,289.62744365354104,280.50005440365516,282.01473751643863,97123600
2023-03-14,292.47979736328125,293.0305858596018,288.6242778890377,289.4701209313435,73602500
2023-03-15,294.0140380859375,294.34844312620413,288.4176087027837,289.8634355033047,83631500
2023-03-16,301.7644958496094,302.12840638346864,292.30270190640715,293.0993790253194,98198100
2023-03-17,300.3382873535156,304.0659685496177,298.3810228541926,301.6759375254628,89923700
2023-03-20,301.4042053222656,301.72926771460453,297.5033063032803,299.7197309830512,56359500
2023-03-21,305.708984375,306.162111661887,301.82777615494865,303.3448041041412,49757000
2023-03-22,301.552001953125,310.5457667975285,301.3845555671553,305.6400686836208,75791900
2023-03-23,305.1277770996094,309.46211239222,302.4286741795465,305.2952535137552,74576000
2023-03-24,306.2508239746094,306.34930769595155,302.3696153886497,304.7042447535563,57195200
2023-03-27,304.1526184082031,308.0338271826104,303.29560556805,306.9502356355598,50287400
2023-03-28,302.53704833984375,303.60094905524085,300.22210980949194,303.57139792771227,48585900
2023-03-29,308.053466796875,308.67407049184743,305.42329639013053,306.240927629031,53274300
2023-03-30,310.9693298339844,311.59979400949817,308.1421615657209,310.53589322886523,58354800
2023-03-31,316.1409606933594,316.3773997699198,310.8905100845219,311.19588174881955,62138100
2023-04-03,315.37255859375,315.6385487610593,312.6833162331238,314.0131468209509,47126800
2023-04-04,314.3087158203125,316.83051206149645,313.0871991587954,315.8158833399434,45875400
2023-04-05,311.20574951171875,314.29887775103657,309.383349816938,313.3532116089617,62795700
2023-04-06,313.3039245605469,313.79646336983063,308.15198785523563,309.550781238779,46916500
2023-04-10,313.1265869140625,313.1758588274401,308.5755335751928,310.3683818790446,45134700
2023-04-11,311.1170654296875,313.14635307497167,310.6048358667348,313.087220757915,40113600
2023-04-12,308.3687438964844,313.66846694332867,307.90575615657303,313.0774142873714,62813300
2023-04-13,314.4072570800781,314.8800751277731,308.94991830284533,310.13199348426804,54613800
2023-04-14,313.8161926269531,315.57945996698004,310.90034115256833,312.8508057123304,56278300
2023-04-17,314.0821533203125,314.43679690552113,311.32394793395235,313.402447338998,43007000
2023-04-18,314.101806640625,316.62363277346424,312.9000409142743,316.2000265885031,46746900
2023-04-19,313.9541320800781,315.0180329214841,311.56040028019703,311.6884652020504,38960100
2023-04-20,311.56036376953125,314.5057363782471,310.26991442885867,310.9791715526179,62462100
2023-04-21,311.8854675292969,312.663687407964,309.4129426959544,311.19593110727084,59002300
2023-04-24,311.2353210449219,312.998588538131,309.05827761526285,311.65889725420544,44043100
2023-04-25,305.36419677734375,310.2698940665777,305.26571306671144,309.6000485109279,57121600
2023-04-26,307.21612548828125,310.2403207303171,306.69403559814,308.762704430425,55400500
2023-04-27,315.5696716308594,316.07204085445386,310.3487413794756,310.98906598378187,65430400
2023-04-28,317.7466125488281,317.8352659209852,314.20032735163966,315.33316052322147,59712600
2023-05-01,317.38214111328125,318.8006552031,316.29854978603345,317.283627344953,41013400
2023-05-02,314.6140441894531,317.63823920854367,312.8704378443245,317.3131468117123,56519400
2023-05-03,312.5552673339844,317.65796187829636,312.4468931700833,314.9785497134306,59882100
2023-05-04,311.4520568847656,313.48131471932703,310.4177071719607,312.32876048213035,50224500
2023-05-05,318.0716552734375,318.92866779921945,311.49131541161125,313.7175999496115,51806100
2023-05-08,318.8597717285156,319.2045549020113,316.5251426192928,317.6087339950582,36465800
2023-05-09,316.8403625488281,318.06184910996325,316.52513051299275,317.19497604250677,31768800
2023-05-10,320.28814697265625,321.1451596791991,316.80096383296683,319.28334857559264,60446600
2023-05-11,321.33233642578125,321.8741170999283,319.2833581110262,320.83979760848985,44278500
2023-05-12,320.1798095703125,322.28789031728274,318.12100074656803,321.8642840511605,48432800
2023-05-15,321.9136047363281,322.15001380462604,319.1258175364885,320.6527062684213,33375600
2023-05-16,322.27801513671875,323.99204066800223,321.1550121595435,321.194423683879,40019200
2023-05-17,326.1789245605469,326.7601167984838,322.15982075531736,323.34189596288564,47486100
2023-05-18,332.2371520996094,332.45387040069096,326.5532644725052,326.57295520453573,64213500
2023-05-19,331.48846435546875,333.1630781955198,330.42456373973573,332.45382113909176,61554900
2023-05-22,332.60162353515625,333.61625228580976,331.22249081123755,331.23235120738036,43015900
2023-05-23,328.3854064941406,332.030205108341,328.030793039619,330.8776813189676,48216700
2023-05-24,326.7010192871094,327.94222683216327,324.64221046316493,326.4251987284514,62891200
2023-05-25,334.6505432128906,335.921301657363,331.6460687396712,334.07921146684254,66862800
2023-05-26,343.2010803222656,344.03840241789624,335.57658819638306,335.67510198331377,63007000
2023-05-30,344.7574768066406,348.64851537438756,343.3291022305439,347.44671947362946,72652200
2023-05-31,342.797119140625,345.3681871194773,341.33922363986596,343.17145341098654,65105400
2023-06-01,346.7572021484375,348.0870329605217,341.4870305724436,342.5410709000794,50488600
2023-06-02,349.3578186035156,350.5202031355153,346.757228971547,348.5204965021918,53372100
2023-06-05,349.6040344238281,352.16524219770247,348.56971496812054,349.1410467490809,47266200
2023-06-06,349.5449523925781,350.5103393193497,347.6634504592224,348.9933113093328,41390400
2023-06-07,343.61480712890625,351.79093993313035,342.9843429772955,349.8306449494266,69225900
2023-06-08,347.8801574707031,348.34314515722576,343.6837472279017,343.9102958419939,47153900
2023-06-09,349.21002197265625,352.3228709099733,347.7619566452047,349.33808687528955,53196900
2023-06-12,355.110595703125,355.20910947037356,349.8995571183223,350.8747742710666,44606500
2023-06-13,357.83929443359375,358.67658633410844,354.6574830002181,357.8688455587627,57097800
2023-06-14,360.4399108886719,360.725591828361,355.0417045350891,357.84915182496474,69525600
2023-06-15,364.73486328125,366.2223101025865,358.54857679132317,359.16915046364574,71138800
2023-06-16,362.4396057128906,367.2862008868305,361.9963388160624,367.15813598479673,80932000
2023-06-20,361.9207458496094,363.3214880884525,358.95161542560527,360.9836564865407,49204700
2023-06-21,356.9886169433594,361.2105314791675,356.0613713585557,360.7765003499649,53378300
2023-06-22,361.20062255859375,361.35842466493347,355.3313595534322,355.73579894654057,47603000
2023-06-23,357.61993408203125,359.92817404557985,355.9232752066767,357.2943956941729,48922900
2023-06-26,352.82586669921875,359.888700934801,352.7370917144105,357.0872465905343,52685500
2023-06-27,358.8923645019531,359.62234225873766,353.64458634815446,354.3745340015221,49428100
2023-06-28,359.5927734375,361.5458832510204,356.98858688158106,357.06751804574645,46498000
2023-06-29,358.8726501464844,359.93801008116645,357.225330950506,359.29680729482203,46151000
2023-06-30,364.40655517578125,365.4620111555699,362.24627360875263,362.5619079588306,58712500
2023-07-03,365.26470947265625,365.89600821750776,363.962616300666,365.0476939439912,19432900
2023-07-05,365.25494384765625,366.9614769246528,363.6569336188767,363.69639920944877,34460900
2023-07-06,362.4731750488281,362.91708011954734,359.57307151546667,361.53608560447583,49374700
2023-07-07,361.2696533203125,365.45213166231105,361.04279397553535,362.24623824652207,47133700
2023-07-10,361.3880310058594,362.0686692678403,358.4780841861166,360.9934655171471,48498800
2023-07-11,363.17352294921875,363.62727179126034,359.67168246967464,361.8122463196746,38214100
2023-07-12,367.7603759765625,369.1117785555147,365.2745562456626,367.28687933653,61975400
2023-07-13,374.0045166015625,374.8331132766442,370.36459150180497,370.94658094846636,46960000
2023-07-14,373.9256286621094,377.66417270175424,373.04769244846733,374.43856087800043,55148500
2023-07-17,377.41754150390625,378.29547766181156,374.1623382225001,374.64567874339326,40868900
2023-07-18,380.505126953125,381.8762777636724,374.843033916016,376.7764263988343,55262000
2023-07-19,380.4162292480469,382.71462501993886,379.08454445746156,381.5703640941316,54093000
2023-07-20,371.6469421386719,378.8873262653818,370.6210477085312,377.41752681259214,71941700
2023-07-21,370.53228759765625,374.76407595135635,370.0982564791526,374.0340981047344,60499600
2023-07-24,371.1241149902344,372.45576977576314,369.2597501250258,371.5088065650665,40380100
2023-07-25,373.6395263671875,375.306593566621,371.8146269360622,371.83437477966123,38894400
2023-07-26,372.3965759277344,374.09323460494727,370.08833623375,372.5938737217844,47075700
2023-07-27,371.5088195800781,379.4890251689017,370.21660022647075,377.8712975482637,63940200
2023-07-28,378.2757568359375,379.301621194224,375.0599890617254,375.57292124086865,56902900
2023-07-31,378.4730224609375,379.6567491489458,377.1512113845997,378.581545290658,44019900
2023-08-01,377.5951232910156,378.3546626992028,375.52361660100803,377.1216265865103,41060600
2023-08-02,369.3091735839844,374.11307807319844,368.06626339128684,374.11307807319844,72687100
2023-08-03,368.71728515625,370.84797529781065,366.72467941372497,366.8923855805065,47666400
2023-08-04,366.9909973144531,372.9687537295483,366.48790896850113,370.65063991432373,61702800
2023-08-07,370.0982666015625,370.19691551363337,366.4682154233577,368.8060471326721,37230400
2023-08-08,366.9515075683594,367.60255417806815,363.81467126074034,367.5828364396227,44726500
2023-08-09,362.91705322265625,367.3954487713729,362.1575138215144,367.2376165380018,51150900
2023-08-10,363.58782958984375,369.2795135831202,362.0588768153912,365.9355352203616,72035300
2023-08-11,361.2696533203125,363.00577754164834,359.74070080953345,361.02304613448257,48707200
2023-08-14,365.3239440917969,365.4423107416153,359.75062690442974,360.4707007252985,42130800
2023-08-15,361.447265625,365.1463737425239,360.7764711410906,364.3473386939933,45539900
2023-08-16,357.61993408203125,362.4435556446799,357.5212851734857,360.9047290023142,53190500
2023-08-17,353.71368408203125,359.36593287365804,353.2994007757516,359.02067671614304,62604300
2023-08-18,353.269775390625,354.53240313780424,349.8961754158226,350.4387293553932,61191400
2023-08-21,358.96148681640625,359.64212519625903,354.27594933089875,354.7395721388648,50696500
2023-08-22,358.44854736328125,361.5853841180368,357.7580350748359,361.57551019569786,44530200
2023-08-23,364.10076904296875,365.19572081247736,359.4152316107943,359.63224718021087,51770600
2023-08-24,356.3178405761719,367.681490415442,356.1106989407142,367.5828716103614,66842500
2023-08-25,359.0798034667969,360.7764622188786,353.71362834874395,357.1562853553055,69960500
2023-08-28,361.7825927734375,362.7196819585896,359.30664715037256,362.00945210394303,40910000
2023-08-29,369.6839599609375,370.03909003019135,361.2598785572031,361.5853868592156,58492400
2023-08-30,371.7455749511719,372.3275944840184,368.78628829776625,369.79246502611335,41731500
2023-08-31,372.8602600097656,374.56679288853866,371.75546442947723,371.8245216791007,35730700
2023-09-01,372.4656982421875,375.6617183609632,370.97618091609087,375.2375611434066,39801200
2023-09-05,372.9391784667969,374.162340659925,370.7295572781328,371.6568028449947,32344200
2023-09-06,369.65435791015625,372.50515189280793,367.64206462014215,372.15989575566925,42998700
2023-09-07,367.0107421875,367.79002946457575,364.1402304130357,365.18584266172996,52060700
2023-09-08,367.523681640625,369.76289460317986,366.55700054450807,366.96144002278197,35800100
2023-09-11,371.8540954589844,372.36702763847194,368.58901828006657,370.5618760366777,39936600
2023-09-12,367.7308349609375,371.8343827627657,367.44476215339046,370.1771593461318,41391000
2023-09-13,369.13153076171875,370.7394146004213,366.8331647915041,367.96755194596057,46300700
2023-09-14,372.1500244140625,373.1364533250581,368.81591998177146,370.88739661212503,48039400
2023-09-15,365.7777099609375,371.21294301075363,364.8405904339271,370.80850353611874,69811200
2023-09-18,366.1589660644531,367.27524895295056,364.5487548286201,364.83524171123304,36903500
2023-09-19,365.3785705566406,366.1787321107553,362.3458431050233,364.8352614040427,37621700
2023-09-20,360.11334228515625,366.80112226485835,360.034296855332,366.44550827164454,45514200
2023-09-21,353.5144348144531,357.20903990147383,353.34651603372396,356.41873634010653,69734800
2023-09-22,353.5638122558594,357.40655932872374,353.24769086125485,355.2629270681144,51589700
2023-09-25,355.2431335449219,355.3320671773088,351.6078281228857,352.59568482324295,39168000
2023-09-26,349.9087219238281,353.19830169854066,348.92086519938505,352.6549624119001,53657700
2023-09-27,350.7286682128906,352.6451127155616,347.0933324689299,351.06453588953457,56066000
2023-09-28,353.66259765625,355.79637181130425,348.9505017587154,349.8099322905439,56453300
2023-09-29,353.9194641113281,358.5426570982214,352.684643044241,357.14977531690727,64829600
2023-10-02,356.8731384277344,358.27587812756985,353.5737005070703,354.186166867308,51625100
2023-10-03,350.6101379394531,356.62618204882074,348.99003836671244,354.42325059964173,60478500
2023-10-04,355.38153076171875,356.2310732514225,350.98555536201593,351.44984932524966,54786700
2023-10-05,354.3343505859375,355.77661304258527,350.82747107815123,355.3715881454246,45897400
2023-10-06,360.2713623046875,361.4666605095326,350.5409674627796,351.3312407897691,75049100
2023-10-09,362.1087646484375,362.6520737973083,356.3989538900879,357.90048528381817,45304800
2023-10-10,364.1141052246094,366.7714422162155,361.9408385263145,362.44462495413575,46968800
2023-10-11,366.7121887207031,366.8998839174092,363.7189839350687,365.4477332701017,38215100
2023-10-12,365.4378967285156,369.2016291155069,363.03741169057633,367.21605724132263,49587900
2023-10-13,360.8443298339844,366.65293262759366,359.44155991666497,366.0701007346291,52469900
2023-10-16,364.9241638183594,365.98117777087595,362.01986257605887,362.16803505842205,44201100
2023-10-17,363.7289123535156,365.4280273793492,359.244033713176,361.3679199587182,50999100
2023-10-18,358.9575500488281,363.4424287300201,357.6239372299914,361.22963896347585,54280500
2023-10-19,355.5988464355469,361.5753685702616,354.79868476519994,360.38007017271866,72274200
2023-10-20,350.29400634765625,355.66794942983694,350.0667884443341,355.0949756378056,72559700
2023-10-23,351.35101318359375,354.89741519394914,346.85624701534783,348.9702748686097,60665200
2023-10-24,354.76898193359375,355.5395089546676,351.4695441691495,353.1686589011322,47082100
2023-10-25,346.0857849121094,352.54637752003475,345.5029529550718,352.36857051219283,71190500
2023-10-26,339.4868469238281,345.81901217096373,338.1927570212913,344.88053622011876,78621400
2023-10-27,341.1168518066406,344.60398533589995,339.90177700918235,342.22324667245675,63476700
2023-10-30,344.9595947265625,346.2833191752884,342.24298862021556,343.6062056337421,55298500
2023-10-31,346.60931396484375,346.98470437601566,342.41092252399517,344.98924447351965,47671900
2023-11-01,352.6253662109375,353.18845184029954,347.3502143471726,347.4490060597446,58992700
2023-11-02,359.0267028808594,359.2637788823795,355.92481784164204,357.14978085916056,58162400
2023-11-03,363.2447814941406,364.53887136927904,360.0935161852785,360.3207340809342,53280500
2023-11-06,364.72662353515625,365.28970918171007,362.4545648116219,364.0153653887196,38848700
2023-11-07,368.17425537109375,369.0435440645587,364.5685537968548,365.7737403444063,50777400
2023-11-08,368.41131591796875,369.25100022398175,366.11948091593234,368.5496001929726,35663400
2023-11-09,365.576171875,370.24871522784247,365.08224347680544,369.1028278733884,53859400
2023-11-10,373.7951965332031,373.94336904263696,366.7715181160312,367.3049692969938,58309800
2023-11-13,372.6294250488281,373.6864389749005,370.6833461038235,372.2145421085906,40733500
2023-11-14,380.65081787109375,381.5695475353498,378.5269319456957,379.05049480309145,67792600
2023-11-15,380.93731689453125,383.04145660539933,379.574069749631,382.5475282280874,54141400
2023-11-16,381.26336669921875,381.50044269828277,378.9023743362105,380.16682990955,45343500
2023-11-17,381.3522644042969,382.3697557474845,379.6235149277258,380.5323263416612,46571900
2023-11-20,385.9952087402344,386.65708615068826,381.36215730806094,381.36215730806094,44429600
2023-11-21,383.7527770996094,384.5035580022915,382.00428121241606,384.2862282750415,43337000
2023-11-22,385.3234558105469,388.2969146942405,384.315852636428,385.8272724711062,44121000
2023-11-24,384.78009033203125,385.5110946761788,383.7823453726982,384.9183745998721,15718800
2023-11-27,384.4442443847656,386.4001815560311,383.56503736160306,384.28618367901737,34139700
2023-11-28,385.4518127441406,386.0346445863955,383.33778491057734,383.69342900322107,35491100
2023-11-29,385.0764465332031,389.35388324551946,384.73069063301875,387.921478864897,38811700
2023-11-30,384.1083679199219,385.8074829175296,381.1349392843574,385.3431889894915,52834400
2023-12-01,385.20489501953125,385.7976151474195,381.38189390779917,383.04148614828785,40490100
2023-12-04,381.6288146972656,381.90541337254484,378.0132554901904,381.40159679910977,51186900
2023-12-05,382.58709716796875,383.7823955443344,379.5444811137661,379.7223182628034,42933000
2023-12-06,380.3742370605469,385.6296423098888,380.02851130879753,385.5308506035335,41994100
2023-12-07,385.6889343261719,386.51873044449405,382.26106992530634,383.35760668140927,49593500
2023-12-08,387.4078063964844,387.8523238589643,383.7626124691667,383.9503076689904,46687500
2023-12-11,390.7171325683594,390.9838732133785,386.7755933626206,386.98303486108085,41198000
2023-12-12,393.8288879394531,393.9474259332034,389.62060827933414,390.7566375821041,39221200
2023-12-13,398.8373718261719,399.44983833695915,393.99687860055997,394.7674058475186,55408100
2023-12-14,398.4916076660156,401.36624470342423,395.4786260456355,400.06229651269246,55447800
2023-12-15,400.4178771972656,401.6033174323558,398.66938149015516,399.2719596758777,62896600
2023-12-18,402.9399719238281,403.84072082369045,400.48521292458565,400.81184352434457,46610000
2023-12-19,404.9989013671875,405.1176761501462,403.20731124071676,403.3953813828076,35711900
2023-12-20,398.98065185546875,406.2955098486141,398.8024897102253,404.1970751409553,54042400
2023-12-21,403.6229248046875,403.989187239346,400.356498238967,402.92015403830976,45568900
2023-12-22,404.2267761230469,405.80060218217875,402.34610518361205,404.8404658836527,34314000
2023-12-26,406.7013244628906,407.3744015622354,404.98890781785167,405.0878968518052,22722500
2023-12-27,407.5292663574219,407.8164764899842,406.1229552263835,406.98458562407046,31980500
2023-12-28,407.3311462402344,408.9355394284973,406.9746345693528,408.68795180490775,27029200
2023-12-29,405.568359375,407.6679279958033,403.6470768284761,407.3113860703457,42662100
2024-01-02,398.7052307128906,402.17145769366215,396.37790083832385,401.9238700521785,58026900
2024-01-03,394.486328125,397.1305774375239,394.05060168069537,396.07089507710157,47002800
2024-01-04,392.45611572265625,395.73417363347363,392.2382373921895,392.61457543782296,39432800
2024-01-05,392.92156982421875,395.70445237475406,391.5251719606424,392.62447675669165,44922800
2024-01-08,401.04248046875,401.3296603770393,394.0010721112302,394.1496186539835,42473800
2024-01-09,401.83477783203125,402.7657098645736,397.83375272768575,398.0318349477131,39132900
2024-01-10,404.5582275390625,405.5683742893205,401.260373278586,402.1516827903551,33962800
2024-01-11,405.4000549316406,407.23220972535387,400.33934726543066,405.8358116465704,54536200
2024-01-12,405.6080322265625,407.2817273354673,404.2116341060683,406.43992319179426,39595000
2024-01-16,405.568359375,407.1529263504869,402.90431389213234,404.3700436335004,43903000
2024-01-17,403.2806396484375,403.6569776937358,399.0320575427703,402.25069683542137,54386000
2024-01-18,409.0048828125,409.58918603714187,405.21185332945134,406.55871563240174,59562500
2024-01-19,417.1158447265625,417.2743044441196,410.62906059929276,411.2133638072903,70325100
2024-01-22,417.6605224609375,420.63157392690357,417.0563929468466,419.3243040283349,44880600
2024-01-23,419.3936462402344,419.61152456207793,416.5117226198445,418.35376006744053,33003800
2024-01-24,421.7209777832031,425.7022064915732,421.2258024889761,423.31545794662685,46948000
2024-01-25,422.2359924316406,424.90003801444976,419.8888663004384,424.2265766240096,44367200
2024-01-26,419.7204895019531,422.0973249207421,419.0668544727433,420.3444152217944,37137000
2024-01-29,424.0185852050781,424.21666740584453,419.5223852109654,420.1760202057739,38694700
2024-01-30,421.1960754394531,423.55311457639135,420.28496986138805,422.97872455744596,36739000
2024-01-31,412.946533203125,418.7895962972089,412.7682773304046,416.7890987605464,64010600
2024-02-01,417.8091125488281,418.3042878447809,413.778378386228,414.74893284661204,51008600
2024-02-02,424.87030029296875,426.08841213002773,418.7103186461384,419.7105521526754,59602400
2024-02-05,424.31573486328125,425.464514985163,420.89901313797907,424.92974741145673,39889200
2024-02-06,423.4639587402344,426.06858534216695,421.11683293487255,425.464455832466,35846100
2024-02-07,427.821533203125,428.65342405542555,424.9495225938039,426.2567926001766,37712700
2024-02-08,428.6138610839844,429.37642019492995,427.2570855456161,427.94039968058377,29889900
2024-02-09,432.83270263671875,433.62500122311496,428.9604585212787,429.7527268845742,36943900
2024-02-12,431.13922119140625,434.9025715582553,430.4558768680945,432.7237881762321,33203300
2024-02-13,424.4147033691406,427.10845799317786,421.22577348497225,423.1569690887234,64491700
2024-02-14,429.0396423339844,429.4654857929742,424.74152481565034,427.0985638276945,45092700
2024-02-15,430.3172302246094,430.78269619535706,427.167892483565,429.73292702270913,38796100
2024-02-16,426.4152526855469,430.792585285216,425.7021990653748,430.69357440657893,53716500
2024-02-20,423.19659423828125,425.92994113971844,419.4134479735006,424.4147060430947,53999500
2024-02-21,421.5030822753906,421.592240421049,417.561506436684,420.45331311223856,49779000
2024-02-22,433.8428649902344,434.8827209600342,429.5249209528767,430.29739315923933,53887800
2024-02-23,432.5653076171875,436.3385407564334,431.584870254059,435.40760883106094,39853900
2024-02-26,432.3375244140625,434.36776119374065,432.1493553900167,433.37741063480513,33043200
2024-02-27,433.3774108886719,433.76363189087067,430.8322026971725,433.4467426813821,33713200
2024-02-28,431.0698547363281,432.45636962600565,430.10921353464533,431.2283144443798,32938800
2024-02-29,434.763916015625,435.8433945493471,430.82230972359486,434.00135692935396,42495200
2024-03-01,441.3101501464844,442.270791510957,435.595837627302,435.65525625000305,43853000
2024-03-04,439.7354431152344,441.73597058168656,439.48785547616654,441.31009687293357,34325700
2024-03-05,431.8423767089844,436.69511893611053,429.4655412603914,436.685205758496,57917100
2024-03-06,434.5559387207031,437.725042437446,432.67427866652747,436.0711738965989,46234500
2024-03-07,441.1517028808594,442.40943730822073,436.6059668654391,438.15094166280267,44526700
2024-03-08,434.78369140625,444.31088916848194,434.11026027986867,441.5081801623854,72096000
2024-03-11,433.16943359375,434.42716788876976,431.2382379675774,433.2882708218653,45860000
2024-03-12,439.3789367675781,439.7354484650849,432.2484005864345,435.48686628762516,55300900
2024-03-13,436.0018615722656,438.3985233769722,434.88276053310153,438.37869702173583,37928700
2024-03-14,434.9025573730469,437.76465476192743,432.1790933458998,437.23977017652857,52195200
2024-03-15,429.73291015625,434.6351270874889,428.56427357521653,431.86215772576384,73069800
2024-03-18,433.83148193359375,437.3617895539183,433.59346292495405,435.0710570885691,47323800
2024-03-19,434.9123840332031,435.3189683120467,429.71606445011173,431.8184093155366,43004100
2024-03-20,440.0690002441406,440.40616105313256,434.4066294366334,436.1122860523407,43653500
2024-03-21,442.1515197753906,445.5925818117654,441.9532058971587,445.1364266024582,39345700
2024-03-22,442.6572265625,443.75795471311835,440.78297450531056,441.63581790167524,28253900
2024-03-25,441.05072021484375,442.53821024496335,438.84923375974427,439.8507898011425,27789200
2024-03-26,439.62274169921875,443.50013613572423,439.3946489924608,442.57786928705144,34142000
2024-03-27,441.12017822265625,442.8159388955268,438.2443697945435,442.7167668263367,41359200
2024-03-28,440.3070373535156,441.92344825650804,439.9500239590986,441.07060478205983,36839600
2024-04-01,441.2391662597656,443.79763595945445,439.32523929867665,441.2589885667326,38729000
2024-04-02,437.43115234375,437.7484908244917,434.37685269003515,436.4097436976016,44259700
2024-04-03,438.4129638671875,440.29711212320956,435.28924040811586,435.29913643085507,39949800
2024-04-04,431.7093200683594,443.22250998661207,431.48122734232624,442.60765528118344,57267700
2024-04-05,436.7965087890625,439.47400306211324,432.3241122245516,433.13728073865605,54744600
2024-04-08,436.9254455566406,438.8095936916302,435.53712747102014,437.7286878155733,28144900
2024-04-09,438.5418701171875,439.543426269449,433.79180962155937,439.26576264361427,39443600
2024-04-10,434.7140197753906,435.5767591936677,432.641453861938,433.35545032241964,61502200
2024-04-11,441.6556701660156,442.6076554234298,434.30746492273147,436.5883013945989,45474600
2024-04-12,434.6148681640625,438.5517600352813,433.23647633955466,437.42128323978454,53665000
2024-04-15,427.46502685546875,438.46253441648776,426.6221096654615,438.37328863350814,63453600
2024-04-16,427.50469970703125,430.1425193560447,426.11638153993636,427.30635557041785,47619000
2024-04-17,422.2884826660156,429.50776611697734,421.356319862856,429.4879438120598,56880500
2024-04-18,419.8787841796875,424.66848889149566,419.3036044050467,422.9330838090479,46549400
2024-04-19,411.1918640136719,419.2243170638417,409.62505433483545,418.6987384090921,75231000
2024-04-22,415.32708740234375,417.6673906954906,410.4877813065422,413.82967097777305,47807700
2024-04-23,421.52496337890625,422.72486361887206,415.3766586914757,417.2608068172804,44384700
2024-04-24,422.95294189453125,426.1460884984029,420.6622095768694,424.6288498170546,48440300
2024-04-25,420.91015625,421.7728957250398,414.652783221514,415.7435851591573,57392200
2024-04-26,427.405517578125,428.9425786799663,423.35955754881877,424.0537014844938,41874900
2024-04-29,429.1408996582031,430.14248602327274,426.39401213106163,429.5177353307269,30022200
2024-04-30,421.0489196777344,428.9524511616385,420.96960019274496,427.5542069170889,43665900
2024-05-01,418.00457763671875,426.552713593709,417.1517644296991,419.6209885314432,52251700
2024-05-02,423.3396911621094,424.24210548579566,417.1219932221059,421.75302894752986,36559000
2024-05-03,431.84814453125,432.8398046158384,429.0119809525339,430.81680956962015,48515300
2024-05-06,436.578369140625,436.66761492012506,432.87946598721726,433.6529596726167,30227200
2024-05-07,436.6477966308594,438.2840297962167,435.9139475542184,437.02463232314915,30996100
2024-05-08,436.3899230957031,437.79809369508,433.9008466636998,434.0198712917402,24896700
2024-05-09,437.3419189453125,437.9170987408149,434.8032715536724,436.65767106694204,24580100
2024-05-10,438.3732604980469,440.6044957185327,436.8262731662219,438.8492682397871,27116600
2024-05-13,439.384765625,440.3863520599488,437.96669887467266,440.28717999240814,22994200
2024-05-14,442.21099853515625,442.7465034838916,438.7699366421945,438.95835448965573,34478300
2024-05-15,449.1228332519531,449.3707482659212,443.1728729167193,444.6901115916814,41464700
2024-05-16,448.2105712890625,450.8979618566639,448.0419757456327,448.93446383956336,34780400
2024-05-17,447.9923400878906,448.9443252329413,445.7908536341057,448.3393968842616,35803700
2024-05-20,451.1160888671875,451.78048417088377,448.0221142717293,448.21053210724057,24474200
2024-05-21,451.9986572265625,452.1870750648368,449.0633518318087,449.26169595517035,23167700
2024-05-22,451.909423828125,453.0101822957235,449.3013528761101,452.25651092198274,25120000
2024-05-23,449.8765563964844,456.7388278262186,448.0816539096593,456.70907923163844,40899200
2024-05-24,454.13079833984375,455.4001221787376,449.7873218442807,451.49297858995686,29669500
2024-05-28,455.8463134765625,455.90581066229674,452.8812594229002,455.350483420067,26216800
2024-05-29,452.6333312988281,454.41830734534204,451.54249915348555,451.6813460915583,29739200
2024-05-30,447.7840881347656,451.84000441299276,446.45526728549703,451.7011574782768,30536800
2024-05-31,446.95111083984375,448.7063685680924,439.36491720141737,448.0121943996343,55941300
2024-06-03,449.3509521484375,451.7805012690849,444.16455885925086,450.7789451331645,32997500
2024-06-04,450.58062744140625,451.7805277756861,447.3676581687935,449.09313718363126,23767400
2024-06-05,459.6641845703125,459.7435040590487,450.620249701227,454.16048336446056,33817400
2024-06-06,459.5055847167969,460.665840473326,458.3354329370959,460.34850194433557,21966800
2024-06-07,459.09893798828125,461.85575177508935,457.98828355087136,459.1386128647784,25829700
2024-06-10,460.9533996582031,461.3104130687084,457.68093308775514,457.9685230207916,20660800
2024-06-11,464.1167297363281,464.2357543643346,458.17669566942965,459.6741120421122,22053300
2024-06-12,470.1956787109375,472.526086238178,467.359545059579,468.0536890431166,34532600
2024-06-13,472.74420166015625,474.4002873344188,470.46339554706907,473.73586175507495,25859000
2024-06-14,475.1936340332031,475.2630575074721,472.079806607534,472.5458880928072,23372600
2024-06-17,481.0146789550781,482.7996551533129,474.1524075357547,475.46137595836245,37054500
2024-06-18,481.16339111328125,481.84763900683316,479.3982373367575,480.96507725010366,24438600
2024-06-20,477.4546203613281,482.7798305998029,475.6200430053543,482.36335027824913,33918700
2024-06-21,476.1753234863281,478.5156569801472,474.67793736474135,477.1769098377103,37456800
2024-06-24,470.7542419433594,476.68386353531054,470.61520463093876,474.94570010748254,37751000
2024-06-25,476.13763427734375,476.435593050345,471.906437833723,472.8500244668389,29014700
2024-06-26,477.1208801269531,477.66717823691323,474.8960406845145,475.3131829243897,22737100
2024-06-27,478.3525390625,479.83248182039836,476.05816554245166,476.8726266157692,26222100
2024-06-28,475.86944580078125,483.9047544228724,475.2238482454163,479.1471438922123,34881600
2024-07-01,478.6604919433594,479.22661364625856,473.0387703675387,476.79320268997816,24898300
2024-07-02,483.68621826171875,483.7458100140832,477.03152301013625,477.16064857731465,26723600
2024-07-03,487.71875,487.847875565811,482.93134386964243,482.93134386964243,18064900
2024-07-05,492.8041687011719,493.2411951357157,488.2650711444418,488.56306024681385,28495900
2024-07-08,493.9761047363281,494.53231460220036,492.14855370401017,493.1715858120785,22109400
2024-07-09,494.4032287597656,496.6181566504467,492.88357841286194,495.49579476662996,25614500
2024-07-10,499.55810546875,500.1143153546077,495.01903875500045,496.3300875938562,28046900
2024-07-11,488.6026916503906,499.8759289300722,487.4108263603545,499.6673578087696,49966600
2024-07-12,491.4731750488281,496.240696987892,488.7119794494803,489.1788017056475,37109400
2024-07-15,492.7941589355469,497.62130286804535,490.74809468726573,493.251039123013,31151400
2024-07-16,492.9828796386719,495.06868183839055,489.8144535573124,494.2542208338356,25950600
2024-07-17,478.5114440917969,485.4938941085194,478.44194058688345,484.97742214156807,56268800
2024-07-18,476.24688720703125,482.4248185092798,473.0486649513109,482.2460432411684,49347400
2024-07-19,472.0256042480469,478.4319904360646,470.73440919691376,475.9091617750745,42042900
2024-07-22,479.0577392578125,480.08077143386856,474.4789041552317,477.9055815130326,40300000
2024-07-23,477.36920166015625,481.15342934804005,476.89246765926686,478.15386678483986,23282500
2024-07-24,460.24578857421875,470.9826693166206,459.3816779424556,470.6151767777019,58818600
2024-07-25,455.17034912109375,464.7749566525204,452.5482212765371,460.5834986147531,59256800
2024-07-26,459.8385925292969,462.7785633719282,456.6602243726604,459.5207496514002,39992100
2024-07-29,460.7623291015625,464.74521649893046,458.497751473368,462.56008444051145,28218500
2024-07-30,454.43536376953125,463.40428556931835,451.0782205164948,462.69909634451886,41317200
2024-07-31,467.8837890625,469.5921565573994,463.25530468316606,464.7054210637037,44552100
2024-08-01,456.5509948730469,472.33350369622815,452.89589261514305,468.5691599962209,56653900
2024-08-02,445.7147521972656,450.5021580359357,441.4637024026831,447.8402922501388,66323200
2024-08-05,432.4252624511719,439.2984706561797,420.58590329425436,421.837360360957,87483500
2024-08-06,436.5571594238281,444.0461697793086,431.6207736907292,434.2727280075505,63164400
2024-08-07,431.82928466796875,445.9630464738007,431.43199625672804,443.4700139531835,54929200
2024-08-08,445.03936767578125,445.9531280389296,434.1932146384202,438.0767719597118,47890100
2024-08-09,447.363525390625,449.0023590763839,442.59597339158745,443.7183351596952,33574000
2024-08-12,448.3269958496094,451.2967626201712,445.51612020964365,448.3369379119588,27795000
2024-08-13,459.4512023925781,459.7193955740895,452.5978784610078,452.73694608270466,40084500
2024-08-14,459.6002502441406,461.9641272088199,455.29952003256074,460.3749733562008,34733700
2024-08-15,471.211181640625,471.6084701008011,465.21202586511583,465.5894605111915,38280600
2024-08-16,471.8170471191406,473.18771808832525,468.4599035131474,469.4233439544463,38383600
2024-08-19,478.0147705078125,478.05450844255967,470.16821066480134,471.9560539944661,23737700
2024-08-20,477.0116882324219,479.6735543148151,475.31323228875635,477.1010758645358,29209300
2024-08-21,479.2364807128906,481.09382761218853,476.0779967778975,477.7962760557126,25658800
2024-08-22,471.6382751464844,482.2559738891847,470.60530088101154,481.56069633698496,37739600
2024-08-23,476.7533874511719,479.4748450049665,472.0653112621221,475.9985182214683,36061500
2024-08-26,472.12493896484375,477.1308584014276,470.03913667367,476.2071559175767,27452600
2024-08-27,473.53533935546875,474.60802120277503,468.5194779462626,470.48609669601757,27510000
2024-08-28,468.16192626953125,473.79355899841914,464.7253372305788,473.06851591373936,37372400
2024-08-29,467.4765930175781,474.6974098895093,466.19530972422103,470.07886723160885,41081500
2024-08-30,473.0486145019531,473.674358184777,467.32759435434446,471.8269533223109,33466500
2024-09-03,458.68646240234375,470.12853389393064,456.302701297159,469.99943863374244,44985200
2024-09-04,457.4945373535156,461.30859125060357,454.6340423974472,455.56768690303494,32505100
2024-09-05,457.92169189453125,462.2124498582173,454.8426531701362,455.86568539060124,34452400
2024-09-06,445.6551818847656,458.10043106486665,445.15856375258096,457.21643624021857,50624400
2024-09-09,451.38616943359375,452.3794057534475,446.77756867127937,449.99564464803194,32981200
2024-09-10,455.55780029296875,456.0643605447914,449.1712976638083,453.1541549238158,29680300
2024-09-11,465.4504089355469,466.1953361907622,448.22769443230897,456.7993288987733,57843000
2024-09-12,470.0192565917969,470.8337175865454,463.6923465673884,465.4801596820985,40067800
2024-09-13,472.12493896484375,473.3068925861367,469.0558424367427,469.28429769764654,29111800
2024-09-16,470.03912353515625,470.65492517384394,466.7118062737845,469.9894738460358,22585600
2024-09-17,470.2874755859375,474.36969279766674,467.78453086442937,473.0685555876703,30084400
2024-09-18,468.2513122558594,475.5913125717107,467.64542236585686,471.4892722143178,39909200
2024-09-19,480.0906982421875,482.9413119725844,477.2401148229579,479.3457709941867,52782500
2024-09-20,479.1769104003906,480.41845574275317,475.0648976771265,479.2265600896189,34577700
2024-09-23,480.44708251953125,481.5411838648417,479.014809913627,480.35756927588244,24843000
2024-09-24,482.7645263671875,483.7193645829603,477.59245820747196,481.8594076096414,25952600
2024-09-25,483.2121276855469,485.17155394845867,481.95888164673994,482.1379081226381,26549900
2024-09-26,486.842529296875,491.04983361052376,483.1922164784065,490.7215880503668,32020200
2024-09-27,484.13714599609375,488.00627920570344,482.9535314389067,487.86701615014687,22851100
2024-09-30,485.4500732421875,485.78824449765136,480.327724241577,483.1723573424701,30281100
2024-10-01,478.6865234375,485.38040760913503,474.8373025206438,485.08203015579704,42735400
2024-10-02,479.3628845214844,481.2825169164109,475.15558040984394,477.7813929962249,23744000
2024-10-03,479.0048522949219,481.9489547067567,476.4188028564975,477.1647769048644,25337200
2024-10-04,484.7040710449219,485.2610625337713,479.80054259491305,484.83337806086183,30686600
2024-10-07,479.5121154785156,483.958121938575,478.2887071345021,482.78446340912143,24975100
2024-10-08,486.6734619140625,487.35976047377227,481.25273532026443,482.058384872313,28272000
2024-10-09,490.5027770996094,491.0796806722642,485.33070878142695,486.3750602662613,24995000
2024-10-10,489.94580078125,491.8157139029741,486.90222911844774,488.2151507171597,25750400
2024-10-11,490.7116394042969,491.7361395257322,487.5387911821617,488.1057083653818,20644500
2024-10-14,494.8294372558594,496.1522845063359,492.6014712113681,493.1087129085002,26060100
2024-10-15,488.2151184082031,495.8240470616674,486.0567536340458,495.15763027265047,34784500
2024-10-16,488.2748107910156,489.0506225559772,484.95274347162825,488.54335051027755,22996800
2024-10-17,488.61297607421875,493.8248381058072,488.5533005817777,493.775118646693,27210700
2024-10-18,491.8157043457031,492.90980565670185,490.65197150724066,491.40790156825085,25335000
2024-10-21,492.7606201171875,493.5662696437468,488.6726666363485,490.6022552281417,30336500
2024-10-22,493.2976989746094,494.7797213575166,489.32912684084965,490.0850569058557,26685800
2024-10-23,485.73846435546875,491.5968613498573,482.4462348949116,490.9404005936158,39346600
2024-10-24,489.6772155761719,490.35355802647877,486.812670664568,489.4683210091217,22024900
2024-10-25,492.6611633300781,497.59452988954064,491.7759262195307,492.4821368426961,38762100
2024-10-28,492.74072265625,495.8439698659142,492.4423451759984,495.7842943698639,20477800
2024-10-29,497.47515869140625,498.6587732328474,491.19903302397995,493.0589900594559,28014100
2024-10-30,493.7154541015625,497.66414449235685,493.2280941179006,496.7093062383675,29756000
2024-10-31,481.2527160644531,489.7866455665972,481.1532467902301,489.73692610636607,41245200
2024-11-01,484.8134765625,488.1156621424876,482.5954665919066,482.89384405538004,33655800
2024-11-04,483.401123046875,486.75302813437827,481.6505609593022,484.2067725635964,23291600
2024-11-05,489.56787109375,490.23428797498894,484.9030439863683,484.9925572354129,24353600
2024-11-06,502.86602783203125,503.69158938131693,496.91814796198105,497.8729861727274,43082200
2024-11-07,510.7832946777344,511.56909280939686,505.61122649755987,505.67090198917174,32853100
2024-11-08,511.3801574707031,512.1559389332151,509.6594026733871,510.28602574687085,22924500
2024-11-11,511.0817565917969,512.8124066364791,508.177417665437,512.6035120523711,24167500
2024-11-12,510.1567077636719,511.8973138842997,507.0932543470221,511.0121374806699,25835300
2024-11-13,509.500244140625,512.215570085627,507.21260267251756,509.64946322425976,24567400
2024-11-14,505.95941162109375,510.03737899840763,505.0443367221456,509.1621282367674,28679500
2024-11-15,493.9044494628906,500.6281415498902,491.8355977793818,500.2402508303333,51461100
2024-11-18,497.3359069824219,499.4445524267209,494.0635893908615,495.4560681908618,27080800
2024-11-19,500.7574462890625,501.244836636938,494.41168891677285,494.7498905270381,24523000
2024-11-20,500.4690246582031,500.77735816706814,493.8944909882249,500.4590686244457,29565500
2024-11-21,502.2693176269531,504.23866971479384,494.8891342532554,503.522533404553,34526700
2024-11-22,503.074951171875,503.8109691728965,500.08109899945873,501.7123101251142,23826600
2024-11-25,503.8706359863281,508.70456343177693,501.5531567141476,507.16286557439406,26375200
2024-11-26,506.5760498046875,507.40161140893434,504.50722848471355,505.3526414489566,26557100
2024-11-27,502.5875549316406,505.5117755416059,499.2356498317086,505.44217436804354,24957400
2024-11-29,507.0036926269531,507.60047788200296,502.59748026778794,503.21414723496116,15334000
2024-12-02,512.5238647460938,513.4886892849554,507.87895063661637,508.26687165865917,25147200
2024-12-03,514.0953979492188,514.3739240276802,510.6141862135398,511.1910897278422,18597900
2024-12-04,520.451171875,520.7097859190565,516.8107846060128,517.5269512439784,26086200
2024-12-05,519.0089721679688,521.22698231813,518.6210510802872,520.5009203136432,18169600
2024-12-06,523.6538696289062,523.8925716110627,519.5460343479797,519.6753413729017,23762600
2024-12-09,519.5758666992188,523.5245265819977,518.422059588154,522.7288331270506,20674400
2024-12-10,517.805419921875,522.5597902510734,516.3731473444096,520.8092281333355,24350000
2024-12-11,527.0753784179688,527.7616769340509,521.7740335072752,522.18180592059,32168600
2024-12-12,523.6737670898438,526.1205837537462,523.1963631388469,524.8474256077255,23577500
2024-12-13,527.68212890625,530.307911172932,524.4694263576389,527.6124973833525,28780400
2024-12-16,535.2811279296875,536.2559086463527,530.1388970892364,530.2184846535105,31979900
2024-12-17,532.923828125,534.5948026460842,531.2628096373928,533.4808196320281,28579100
2024-12-18,513.6975708007812,533.9980443477575,512.2454469027805,532.2773503776515,54703200
2024-12-19,511.4099426269531,518.9592265752744,511.07180172717307,518.3922790235606,46441800
2024-12-20,515.8759155273438,522.0028839395379,506.55624692639833,507.70006789758867,60530000
2024-12-23,520.90185546875,521.2804299717675,514.1872352921986,517.5943450139422,29672800
2024-12-24,527.9652099609375,528.0548371426894,522.2169092458087,522.854514827797,17558200
2024-12-26,527.6065673828125,529.2404090350186,524.3289727948384,526.331416906876,19090500
2024-12-27,520.593017578125,524.4683897338862,515.9106967940162,524.0300435156842,33839600
2024-12-30,513.669189453125,517.4050741628361,509.90341888184463,513.5695901830321,34584000
2024-12-31,509.3056945800781,515.7114537740447,508.33934453247315,514.9543655599355,29117000
2025-01-02,508.3094482421875,514.6953239346398,503.80644256925154,512.3641052015905,36389800
2025-01-03,516.6279907226562,517.6939703511654,510.60077614752055,511.41763601457836,29059500
2025-01-06,522.5655517578125,525.9328339298473,520.0650507509039,522.0475504427856,36109700
2025-01-07,513.2407836914062,524.0100909190774,511.34797203831766,523.6116330578326,36690300
2025-01-08,513.3304443359375,514.9741969361809,508.6481238764345,513.1411571001679,30777800
2025-01-10,505.2809143066406,509.65437432114186,502.02323369257596,509.55477504823097,40532500
2025-01-13,503.656982421875,504.1152423896796,497.81905506714537,499.31340880810814,31694200
2025-01-14,503.1788330078125,508.2397285865004,499.7019793212129,506.82506018066647,33737200
2025-01-15,514.7550659179688,515.9007006401041,509.5347694909147,511.09889744457155,34957600
2025-01-16,511.14874267578125,517.1062140175117,511.0192271417945,517.026498118424,28229000
2025-01-17,519.776123046875,522.0973697832961,511.1786021287471,520.8819303330192,51837900
2025-01-21,522.8246459960938,523.9902251025194,518.102497036575,522.5058431761768,23628000
2025-01-22,529.5093383789062,531.8106408124149,527.2678076655376,527.5766383538297,33593000
2025-01-23,530.6350708007812,530.7546142367858,526.4608402116309,527.0485853044178,23096600
2025-01-24,527.6364135742188,531.7807280773806,526.1620039307094,531.0136677980639,19878300
2025-01-27,512.2744750976562,516.0402151151869,508.22972944368433,509.07653602446203,60771700
2025-01-28,519.8458251953125,521.0313482861533,509.85358086015856,513.2806042053568,33194200
2025-01-29,518.8695678710938,520.6229528077788,514.9543680275574,520.4934372745863,26649000
2025-01-30,521.0811767578125,524.1196841000327,516.2594290396685,521.738726504641,27431300
2025-01-31,520.3240356445312,529.5193345139795,519.2282004570609,524.9366128086152,38755200
2025-02-03,516.1597290039062,518.8894054371615,509.12630650744677,511.5371801798635,40580800
2025-02-04,522.495849609375,523.1334552229995,516.2793468900811,516.6778655999509,26046800
2025-02-05,524.8668823242188,525.0263141261553,518.6603518561534,519.8558471490118,21134100
2025-02-06,527.6065673828125,527.8157988351848,523.7611109716172,525.3750084458582,19434500
2025-02-07,520.95166015625,530.0970984278108,520.2244274064886,528.1445149779497,29605500
2025-02-10,527.2578125,528.3636196768954,524.7672229274917,525.2354245805267,20852800
2025-02-11,526.0025634765625,527.9252913951378,523.8507207672724,523.9802362938708,19325500
2025-02-12,526.3113403320312,527.1980047525458,519.9852675723625,520.3339257665217,25009400
2025-02-13,533.8828735351562,534.2016155325434,527.1981083755304,527.9851128913989,28714800
2025-02-14,536.1243896484375,536.8117948718372,533.6536831962131,533.9924301665412,17862600
2025-02-18,537.3397216796875,537.9673551250996,534.0222392975678,537.6983519898058,20565000
2025-02-19,537.4891967773438,538.774319161458,534.440717443179,536.5427605384632,19666900
2025-02-20,535.2077026367188,537.0706585904028,530.4556995445992,536.7020562341382,26550800
2025-02-21,524.0997314453125,536.373363440965,523.7311290744665,536.3534192678146,47093800
2025-02-24,517.9131469726562,527.0785293164791,517.574460821282,525.893006175843,39268400
2025-02-25,511.3878479003906,517.3652636325313,507.52244752917295,517.2855477305859,48940000
2025-02-26,512.6231689453125,517.7039479775173,509.44517382673405,513.5895494374117,34457600
2025-02-27,498.3869323730469,517.1161858963768,498.16775925470586,516.179721700075,52448000
2025-02-28,506.2572326660156,506.86492199810715,495.05951998987877,498.2474871694091,47654000
2025-03-03,495.17901611328125,511.1088175947708,491.7220765044318,509.5945500507053,44587200
2025-03-04,493.6846923828125,501.8438669070773,485.90409236827736,492.3198540523609,67875400
2025-03-05,500.1203918457031,501.7342891326799,489.4108559644338,494.33226372255456,46323700
2025-03-06,486.36236572265625,496.7032685538406,484.36989397516925,491.8316909406421,57574300
2025-03-07,489.9388732910156,491.42325508804356,478.7212470644506,485.3262961011522,54714700
2025-03-10,470.9505920410156,482.14827344983826,466.89590476835264,481.63024174431433,76668000
2025-03-11,469.8248596191406,477.0077119927552,465.25214045630736,470.5720365490684,68760800
2025-03-12,475.1248474121094,479.2492483034156,470.01415228809566,477.35640613966797,46971100
2025-03-13,466.5771179199219,474.48723340088907,464.67430370193534,474.4573475399869,46563300
2025-03-14,477.8545227050781,478.75112894816397,471.3391313072949,471.94685102493906,43563000
2025-03-17,480.9527893066406,484.0112407832775,476.00149572097644,477.8046802482964,41744400
2025-03-18,472.7537841796875,477.8046769977494,470.63179688559507,477.6054480628794,39072300
2025-03-19,479.07989501953125,483.503154430963,473.08253546288665,475.015235534952,40430300
2025-03-20,477.4560241699219,482.7260901579374,474.3876005916405,475.0849778783517,36780500
2025-03-21,479.0300598144531,479.7971505017605,471.1299165344871,472.29549549568526,42234900
2025-03-24,489.54205322265625,490.3901226191041,483.296306654798,486.6286929361406,34567200
2025-03-25,492.3356628417969,492.4953019420397,489.30261128131787,490.27040239350913,26035200
2025-03-26,483.2763671875,492.036361140999,481.71992401202056,491.1783047786964,34627100
2025-03-27,480.52264404296875,485.47133436435945,479.1557704025238,481.31085258636614,33469800
2025-03-28,467.8715515136719,479.4251537993937,466.98356470882175,478.716780016139,46363800
2025-03-31,467.85162353515625,468.7894538218736,456.28800345950606,460.8675723729834,53000300
2025-04-01,471.62298583984375,472.5508595678627,463.3618526767417,466.23526514595727,41156200
2025-04-02,475.06512451171875,478.46735875532056,464.7985609219212,465.0579782762513,49894500
2025-04-03,449.6332092285156,459.0217729152515,449.11440497013695,455.4000387216,70456300
2025-04-04,421.70697021484375,439.3666229320661,421.70697021484375,437.14172341887735,117088400
2025-04-07,422.7246398925781,442.13033594097755,401.47318336158713,407.72888642907077,161557000
2025-04-08,415.1120300292969,442.1303469387709,408.8563268062054,437.16168260614245,101248100
2025-04-09,464.938232421875,466.7640494224436,414.48344740281163,414.6231430319054,142876900
2025-04-10,445.16339111328125,454.5519544943761,431.64427637376247,452.52658097834694,108384100
2025-04-11,453.3646545410156,454.7515020748195,440.32442691120883,443.636869679333,52483800
2025-04-14,456.4376525878906,463.9903813646482,451.59869711931657,463.40172932076626,43941200
2025-04-15,456.94647216796875,461.3264842842656,455.11066821301586,457.49523727635807,35404200
2025-04-16,443.1679382324219,451.58871031200715,436.76258311356116,448.00689370261694,48980600
2025-04-17,443.088134765625,446.72981223752805,440.3543570860115,446.1511471509205,44837000
2025-04-21,432.1231689453125,438.07956785863604,426.9549785874865,437.2315288936066,44149300
2025-04-22,443.46728515625,446.5601976003793,436.6228994956535,437.82017753392927,52304400
2025-04-23,453.5242919921875,462.3242031118777,451.8481271450211,457.126082514728,55801100
2025-04-24,466.28515625,466.5944474838895,454.791384907367,455.4399282507265,45956100
2025-04-25,471.4833068847656,472.0120981036559,464.3296602150249,465.90604691253196,38697100
2025-04-28,471.3336181640625,473.7281436779861,464.96815011298537,471.95220062328804,33550800
2025-04-29,474.446533203125,475.3345200084478,468.5200646884619,469.09876024538016,30613100
2025-04-30,474.38665771484375,476.11272692532424,461.3763604209729,466.06566379739684,46810600
2025-05-01,480.58251953125,486.06998817768186,479.64465881765256,482.3085888122424,43316500
2025-05-02,487.7162170410156,489.7914949378418,483.7253307988606,485.4314565899748,39218100
2025-05-05,484.82281494140625,487.9157577687587,482.99699794174893,483.49585870590107,28309500
2025-05-06,480.3131103515625,483.944800773913,477.10044590776903,478.4673194893256,32786300
2025-05-07,482.1988220214844,484.69312594348264,475.6936883542095,480.9816004896274,38006300
2025-05-08,487.1774597167969,491.57741536579834,483.06685184010024,487.4169031432312,39577600
2025-05-09,486.8581848144531,490.4200580470196,485.09222863644607,489.09307133776764,27767400
2025-05-12,506.6929016113281,506.73281899928145,500.337420129814,505.83484523458407,45090600
2025-05-13,514.415283203125,516.2111698224404,507.261606258493,507.99991046562667,53269600
2025-05-14,517.4982299804688,518.0469646789172,514.5749130124277,515.5926085268512,47014500
2025-05-15,518.06689453125,520.740780872913,513.9961737159014,515.34313429326,50153300
2025-05-16,520.32177734375,520.5113468748441,515.9217911890203,519.4736774852381,48394600
2025-05-19,520.8206787109375,521.3395134461759,513.0683621458206,513.0683621458206,52536200
2025-05-20,519.0845947265625,519.7430641355207,515.4827737581309,518.2863687936461,42517600
2025-05-21,511.8710021972656,521.8083299834028,510.0751157264444,515.0936839619509,71292800
2025-05-22,512.828857421875,516.5304261558193,511.13271867141765,512.4896053133482,55607200
2025-05-23,508.0796813964844,510.6737633579092,504.4280170923934,505.0266560754982,58368100
2025-05-27,520.0324096679688,520.5213443920381,513.4175716555094,514.9740148753984,47226300
2025-05-28,517.7276000976562,522.4867508022915,517.208826363743,520.9901686583013,46637200
2025-05-29,518.745361328125,525.2804253410164,516.1413226819035,525.1308036452639,58513300
2025-05-30,517.92724609375,519.4936763161024,510.7636123003792,518.2565112732493,67662800
2025-06-02,522.0178833007812,522.2573267152803,514.7943285522307,516.0614543327235,44762800
2025-06-03,526.0985107421875,527.5352320724114,521.4990294523216,522.3670422459896,44070300
2025-06-04,527.5652465820312,528.6328159543389,524.7715775087336,526.8069684561985,41359300
2025-06-05,523.59423828125,531.8354275236306,521.4690866380274,528.9719717219339,61031200
2025-06-06,528.7125854492188,530.5883068303796,527.0065205763339,528.7924202239315,42467000
2025-06-09,529.4908447265625,531.1370487649452,527.8046928522319,528.9321230881146,33688700
2025-06-10,532.9928588867188,533.6812892020579,527.6849728561217,529.9597463571823,40664800
2025-06-11,531.1968994140625,535.5569985772692,528.9021520465418,534.3996074866686,53701000
2025-06-12,532.4440307617188,533.4218392444852,529.6305097104157,529.8799400862898,34104900
2025-06-13,525.7593994140625,530.6581857051825,524.5321604293532,526.4777297402487,55814400
2025-06-16,533.0726318359375,534.1501881746067,529.2414151368115,529.2912890357304,37622100
2025-06-17,527.8745727539062,532.114889646886,526.707194611121,530.498585491132,42180900
2025-06-18,527.78466796875,531.3365539479147,526.1983249413829,528.8921241797174,43983500
2025-06-20,525.629638671875,532.344284928363,523.6840695536811,531.047259148263,61643500
2025-06-23,531.034423828125,531.55378026132,523.0436870736086,526.20000126727,50666100
2025-06-24,539.1549682617188,540.0738858388895,535.649023059839,536.2683002275495,45442000
2025-06-25,540.5333251953125,542.680859941889,538.7554180865176,541.4323074065491,44804200
2025-06-26,545.5874633789062,546.0369544844908,540.8929546179629,542.7207916351388,43811400
2025-06-27,547.4553833007812,549.3531466770356,543.9094451396949,546.6263273030402,57577100
2025-06-30,551.001220703125,552.1598506096717,548.3742613412151,550.6216558623904,45548700
2025-07-01,546.3566284179688,550.0723527171726,544.0293092638873,549.0934460070984,56166700
2025-07-02,550.1621704101562,550.3619510063211,545.4875970893971,545.5275288228387,36538300
2025-07-03,555.575927734375,556.5548344555102,552.5394696749878,552.5394696749878,26443500
2025-07-07,551.3908081054688,553.6981308106792,548.9436328812806,552.8790730109989,45349300
2025-07-08,551.700439453125,553.3684885906421,550.4618241127889,552.7392132279926,36153300
2025-07-09,555.6058959960938,556.9843029163527,552.4595191206155,553.8379260408744,43045500
2025-07-10,554.8068237304688,556.6546571200741,552.1099380275332,556.2451587077356,34710900
2025-07-11,553.5582885742188,555.1464133288152,551.4107537333198,552.6593063234978,39618600
2025-07-14,555.5659790039062,556.3051123937647,550.9912651766557,553.3485178698481,36453300
2025-07-15,556.0753173828125,560.1506100210427,556.0153892983303,559.6012590858759,43277700
2025-07-16,556.6446533203125,559.5613159442702,550.9213079932537,556.6347161101686,52314700
2025-07-17,561.1494750976562,561.6588943188981,556.5648240354463,557.3738836913942,40423800
2025-07-18,560.610107421875,564.0760601261163,559.331560315118,562.4679390321799,50484700
2025-07-21,563.5167236328125,565.4045498103267,561.4091814589228,561.4391759845101,39595200
2025-07-22,560.60009765625,563.6964836094055,557.9631400264451,563.6465537000605,43270600
2025-07-23,563.1571655273438,563.1970972643824,558.9320829262327,561.6888968940013,40215300
2025-07-24,564.3557739257812,565.5843301767457,562.637733844974,564.4756300983396,42275500
2025-07-25,565.7141723632812,567.0426493724743,563.6166284241184,564.2758373590184,30630800
2025-07-28,567.4821166992188,568.3810379335021,566.213567832283,567.0825555076628,31498700
2025-07-29,566.6031494140625,571.4475089568917,565.8740142282852,570.099096579047,45463300
2025-07-30,567.3623046875,569.9592697412776,564.3957119723051,567.5220925978703,43433800
2025-07-31,564.3557739257812,573.9646298675983,563.2170793219943,573.8747072559383,64613600
2025-08-01,553.2386474609375,558.3727103030013,551.0411827265443,558.1829278722018,69400800
2025-08-04,563.44677734375,563.6665542967966,558.3027773528459,558.4026371722885,47669800
2025-08-05,559.6212768554688,565.903971649668,559.081863110002,564.7353434752952,48666600
2025-08-06,566.6630859375,567.1025788833654,559.9808301040473,560.46025478518,41823700
2025-08-07,568.5808715820312,572.6561644511387,564.45564880044,571.0080505877872,44463000
2025-08-08,573.8847045898438,574.1044815488668,569.4898360186871,569.7894764496438,35255500
2025-08-11,572.1866455078125,576.1320838089041,570.9081593818767,574.0245417091662,33112900
2025-08-12,579.3782958984375,579.6779363086406,571.8270527389294,574.493943836454,42143300
2025-08-13,579.6680297851562,582.6445596248751,578.2696265108757,582.0852105080592,41209300
2025-08-14,579.2185668945312,581.206252942872,577.2408180571425,577.610445725867,45425000
2025-08-15,576.6715087890625,579.1686139695657,574.903538812632,579.1286212694092,49480200
2025-08-18,576.4417114257812,577.1009813081188,574.5738816999574,575.7725043332697,29831000
2025-08-19,568.620849609375,575.8923882635952,567.5920130021344,575.7226021797385,53752600
2025-08-20,565.2447509765625,567.7917860584612,558.1929284111997,567.6719298873941,76781100
2025-08-21,562.6278076171875,565.8340517424351,560.3304220145135,563.6965150159476,46436900
2025-08-22,571.3076782226562,573.3253587434433,562.617800852793,564.0161431934172,51502100
2025-08-25,569.6596069335938,572.6261385677973,568.5009160121044,569.7395313678815,34044700
2025-08-26,571.9469604492188,572.2565990617475,568.1413744854693,569.1702111117808,34103000
2025-08-27,572.825927734375,573.7448453667379,569.7095453598557,570.9281643841576,36927100
2025-08-28,576.4118041992188,577.3307218421304,571.7971586699575,573.4452115221324,46787900
2025-08-29,569.7395629882812,574.3642068270976,567.8816703337434,573.9945791596829,56030400
2025-09-02,564.9650268554688,565.3145971818625,558.8920502137331,560.660020123991,65876800
2025-09-03,569.409912109375,571.0380295776428,566.0737527363494,568.5708579374373,54230200
2025-09-04,574.5639038085938,574.9334704969435,568.3711317527417,570.0791126733634,47526300
2025-09-05,575.3929443359375,580.4470826304052,570.8682215867353,579.8178072667213,68342500
2025-09-08,578.19970703125,580.1674576203714,577.1010051346319,577.7002859937904,46371400
2025-09-09,579.8378295898438,580.26732437145,576.3718158469537,578.9987754125199,44007600
2025-09-10,580.027587890625,583.0940402853914,577.8800531074673,583.0640457610823,49308000
2025-09-11,583.4036865234375,584.2027479772381,580.9465131126315,582.5646323700341,44745800
2025-09-12,585.9806518554688,587.1792745116926,583.4236186389489,584.3625326071349,50745900
2025-09-15,590.994873046875,591.1047310439144,587.6087837729755,587.7586344703801,44360300
2025-09-16,590.4954223632812,592.1734696533504,589.8062189258886,591.9237591465338,36942100
2025-09-17,589.3168334960938,591.0648071547686,583.6933476484554,590.415535410039,69384800
2025-09-18,594.6306762695312,597.4474182598135,592.2734235847219,594.2211168753206,61069300
2025-09-19,598.6559448242188,599.3551464363971,595.159997727806,596.6383253844207,58196100
2025-09-22,602.2000122070312,602.8699951171875,597.719970703125,597.739990234375,57154800
2025-09-23,598.2000122070312,602.5700073242188,596.97998046875,602.3699951171875,64635500
2025-09-24,596.0999755859375,599.9000244140625,593.3599853515625,599.5800170898438,49850300
2025-09-25,593.530029296875,595.1199951171875,588.5,592.2000122070312,70920200
2025-09-26,595.969970703125,596.2999877929688,591.0599975585938,594.3499755859375,54337400
2025-09-29,598.72998046875,602.0499877929688,597.4099731445312,599.1099853515625,48332900
2025-09-30,600.3699951171875,600.7100219726562,596.0999755859375,598.4299926757812,46533800
2025-10-01,603.25,603.7899780273438,596.3400268554688,597.1699829101562,46899600
2025-10-02,605.72998046875,607.1599731445312,602.9299926757812,607.0599975585938,43765400
2025-10-03,603.1799926757812,607.3300170898438,601.3900146484375,606.510009765625,46482100
2025-10-06,607.7100219726562,609.3599853515625,605.969970703125,608.4500122070312,41962100
2025-10-07,604.510009765625,609.7100219726562,603.030029296875,609.02001953125,58209500
2025-10-08,611.4400024414062,611.75,605.260009765625,605.4099731445312,50629800
2025-10-09,610.7000122070312,611.6099853515625,607.47998046875,611.47998046875,45551000
2025-10-10,589.5,613.1799926757812,589.0499877929688,611.4000244140625,97614800
2025-10-13,602.010009765625,602.9500122070312,597.22998046875,599.6799926757812,65872600
2025-10-14,598.0,602.6900024414062,590.1300048828125,595.3099975585938,69203200
2025-10-15,602.219970703125,606.7000122070312,595.9299926757812,604.010009765625,62805500
2025-10-16,599.989990234375,608.3099975585938,595.5,605.1099853515625,70982000
2025-10-17,603.9299926757812,605.510009765625,596.3699951171875,597.9500122070312,72024900
2025-10-20,611.5399780273438,612.7999877929688,607.0700073242188,607.1400146484375,45761700
2025-10-21,611.3800048828125,612.719970703125,609.3200073242188,611.6400146484375,44538200
2025-10-22,605.489990234375,611.4099731445312,599.739990234375,610.8200073242188,61478800
2025-10-23,610.5800170898438,611.3699951171875,604.5499877929688,604.9000244140625,42410648
