Date,Close,High,Low,Open,Volume
,SPY,SPY,SPY,SPY,SPY
2020-10-26,316.4000244140625,319.74683746079165,312.8853827916075,318.95441004602804,91473000
2020-10-27,315.3092956542969,317.080585746798,315.0948653963875,316.7449854652139,65994100
2020-10-28,304.5323181152344,315.3372174361068,304.03822102637105,309.6038191727914,127094300
2020-10-29,307.62744140625,310.81575753836887,303.06867225462327,304.765393806988,90597700
2020-10-30,304.42041015625,307.35702560570274,300.7473008041244,306.0425346339721,120287300
2020-11-02,307.8325500488281,309.8462084877659,305.0730373948067,307.8325500488281,86068300
2020-11-03,313.26751708984375,315.3371366859289,307.9163505410987,311.08603077780833,93294200
2020-11-04,320.26885986328125,324.3708013943451,316.5864185914475,317.770379479061,126959700
2020-11-05,326.5149841308594,328.33290390754655,325.2284597904764,325.58272341467915,82039700
2020-11-06,326.44049072265625,327.69904866845604,324.10050668381683,326.2260604665925,74973000
2020-11-09,330.5423583984375,339.69716549113775,330.07622803873187,339.3149351821384,172304200
2020-11-10,330.0576171875,331.12037969112043,326.76673774549005,329.544856684147,85552000
2020-11-11,332.5094909667969,333.3391883318111,331.0085361992471,332.2577623282602,58649000
2020-11-12,329.2838439941406,332.55608865324723,327.4659524226816,331.49329763734,67546200
2020-11-13,333.842529296875,334.58832640287704,330.6821521807107,331.20421584497933,62892200
2020-11-16,338.00982666015625,338.20559347455685,335.2316790566966,336.5275353075786,74541100
2020-11-17,336.1919250488281,337.40388130288846,334.0663713105455,335.58596114697053,66111000
2020-11-18,332.1459045410156,337.0123074631445,332.1086061397919,336.4622769590578,70591300
2020-11-19,333.54425048828125,333.9171490987625,330.16013940874217,331.5119288783694,59940900
2020-11-20,331.2601013183594,333.48821750475605,331.1855329986732,333.28311906270415,70417300
2020-11-23,333.24591064453125,334.5138000241452,330.8313587818934,333.0781105421872,63230600
2020-11-24,338.61572265625,339.1657530390702,334.9519450408349,335.8096089274794,62415900
2020-11-25,338.0936584472656,338.55978878288744,336.9935976832792,338.53182210076363,45330900
2020-11-27,339.0353088378906,339.5107425153413,338.01911949606887,339.19377724692663,28514100
2020-11-30,337.53436279296875,338.52255702297106,334.84014371693416,338.25219340899883,83872700
2020-12-01,341.2260437011719,342.77359984333077,340.2098829744601,340.80654346555957,74231400
2020-12-02,341.9439392089844,342.10240760927593,339.529387204614,340.10738433573124,45927000
2020-12-03,341.8507385253906,343.2491298215101,340.7413458211083,341.84140681263983,62882000
2020-12-04,344.7967224121094,344.7967224121094,342.3448715305177,342.4381033167671,50749900
2020-12-07,344.088134765625,344.58223185090435,342.81094202350715,344.02286968163634,48944300
2020-12-08,345.094970703125,345.66363609845934,342.76431885272535,342.81092050959734,42458900
2020-12-09,341.9998474121094,345.91532532686597,341.1608184625429,345.756856938236,74098300
2020-12-10,341.887939453125,342.9413700309111,339.74372300685593,340.62005024527565,57735400
2020-12-11,341.48712158203125,341.89731861236754,338.65306921832496,340.18196214475313,57698600
2020-12-14,339.9582214355469,344.75002707857266,339.7810896102844,343.66862960375323,69216200
2020-12-15,344.5543212890625,344.5543212890625,341.1329395328439,342.5126675313935,63865300
2020-12-16,345.094970703125,346.01789973177443,343.8830146707132,344.76867375400104,58420500
2020-12-17,347.02471923828125,347.2298177334712,345.9153267120729,346.7450524040855,64119500
2020-12-18,345.63909912109375,347.48348251320584,343.61682886083776,347.31496713442135,136542300
2020-12-21,344.4032287597656,354.3273207303426,338.9449938903344,341.6975257603453,96386700
2020-12-22,343.8228454589844,344.843337922766,342.6900093950238,344.73099432258715,47949000
2020-12-23,344.13177490234375,346.05104449361977,343.80408706266854,344.7964934994354,46201400
2020-12-24,345.47052001953125,345.49860591081483,344.01936801719836,344.6091717341536,26457900
2020-12-28,348.43841552734375,348.8316180275012,347.40855183615247,348.0358129674166,39000400
2020-12-29,347.77374267578125,350.1517868754694,347.1839102280351,349.97389999212953,53680500
2020-12-30,348.2699279785156,349.309163326104,347.87672541470425,348.59761582943503,49455300
2020-12-31,350.0394287109375,350.7696906226059,347.55841250921895,348.0733301574872,78520700
2021-01-04,345.2739562988281,351.5092819858067,341.5571038998392,351.37819543116666,110210800
2021-01-05,347.6519775390625,348.7473845802602,344.58112922844174,344.62795810088295,66426200
2021-01-06,349.73040771484375,352.9417139632321,345.58289548005973,346.1352704406905,107997700
2021-01-07,354.9266052246094,355.6755816081708,351.9400140376987,352.1179009288276,68766800
2021-01-08,356.9488525390625,357.1641682352384,353.0541127402017,356.32156271560956,71677200
2021-01-11,354.542724609375,356.3121933540035,353.63457579782636,353.7562908815828,51034700
2021-01-12,354.6175842285156,355.6380765572961,352.3612553180215,354.7299563854463,52547700
2021-01-13,355.57257080078125,356.57432017615855,353.7562732681172,354.54270695675297,45303600
2021-01-14,354.327392578125,356.8271519116291,353.99036178526615,356.3215771507239,49989100
2021-01-15,351.743408203125,353.50350553896874,349.8709386967397,352.6983573655993,107160000
2021-01-19,354.5052490234375,355.04828112745787,352.7264088801036,354.21501856397003,51233300
2021-01-20,359.4111328125,360.25373828155864,356.41517050960914,356.80837306175,61836100
2021-01-21,359.7388000488281,360.4035472353348,358.81193686949877,359.972858716062,47840100
2021-01-22,358.465576171875,359.6358696437213,357.49188400324584,357.8757436906056,52860500
2021-01-25,359.8792419433594,360.2349871014211,354.327348891495,359.20515186913644,70402000
2021-01-26,359.3175048828125,361.2461459790852,359.0834462199482,360.83420044671493,42665300
2021-01-27,350.53558349609375,356.06873314994533,348.288626276301,355.97510398003493,123351100
2021-01-28,353.55029296875,357.57609050684005,351.9212538321037,352.361256685765,94198100
2021-01-29,346.4723815917969,352.6515363137359,344.787141992205,351.677844227635,126765100
2021-02-01,352.23956298828125,353.2787697068861,346.7625847217708,349.88960493835793,75817600
2021-02-02,357.2203369140625,358.78386142826054,352.32384773866625,355.4414967055677,64450700
2021-02-03,357.501220703125,359.2332605872249,356.2185837542622,358.05359573948704,52427100
2021-02-04,361.5645446777344,361.6113449923203,357.61363240590646,358.54049577902424,47142600
2021-02-05,362.9875793457031,363.69912692297333,361.51771245232595,363.44635381760435,48669800
2021-02-08,365.6089782714844,365.6557785722611,363.58670813187786,364.44802795313245,38365200
2021-02-09,365.3656005859375,365.96480452292707,364.35447965678804,364.766396648948,35551100
2021-02-10,365.2063903808594,367.2661179869432,362.79091761700954,367.11631701817225,59154400
2021-02-11,365.7962951660156,366.71381556698043,363.3527360226122,366.29249847319824,42913300
2021-02-12,367.6032409667969,367.84664258303746,364.9162231244043,364.99113790756934,50593300
2021-02-16,367.2849426269531,369.0357259033939,366.5640520342695,368.83909600133495,50972400
2021-02-17,367.369140625,367.62191370338655,364.5042362118772,365.52475715839137,52290600
2021-02-18,365.80560302734375,366.5545793175443,363.01561348886065,364.7476533030153,59712800
2021-02-19,365.1595764160156,367.35973341937574,364.7101735265169,367.06950298187,83241000
2021-02-22,362.3509521484375,364.77579684279107,362.0794360573979,362.3790380494679,67414200
2021-02-23,362.79095458984375,364.1485063646974,355.9564525513784,360.1320514093147,107284100
2021-02-24,366.78863525390625,367.21932376060425,360.7031100835053,361.69551651787236,72433900
2021-02-25,357.9505615234375,366.89161908333995,356.499409324203,365.51535308048653,146670500
2021-02-26,356.106201171875,360.9933472345688,354.1120453484226,359.84179688986745,152701600
2021-03-01,364.7382507324219,365.99283019760054,356.30279669644193,361.0026839459195,105348800
2021-03-02,361.8922119140625,365.19711965466763,361.3866371159713,364.9630609518723,79595300
2021-03-03,357.0986328125,362.16363712651844,356.99563214374973,361.189973661977,119940200
2021-03-04,352.6795959472656,359.51409730594685,348.166938181186,356.91136618185686,183433000
2021-03-05,359.1676940917969,360.2256437904817,348.878484696464,356.199817756297,152039600
2021-03-08,357.3794860839844,362.9594365096086,357.09862712207564,360.13201819714425,123149200
2021-03-09,362.4820251464844,365.0472992498292,360.7406136330213,361.24618840423545,113633600
2021-03-10,364.7382507324219,366.4422045047818,363.4181851334653,364.84125139222533,109899400
2021-03-11,368.4363708496094,370.4211834677537,366.7605030526777,367.2192773978372,86245000
2021-03-12,368.9327087402344,369.0731382557075,366.25509073981186,367.06961050117644,64653600
2021-03-15,371.13275146484375,371.39489600309264,367.0320394531125,369.185367547899,73427200
2021-03-16,370.66461181640625,372.46216609264167,369.8875211655964,371.7506472869531,73722500
2021-03-17,371.92852783203125,372.7336757902978,368.2210186283199,369.3725973528739,97959300
2021-03-18,366.51715087890625,371.4230112994617,365.8336892989774,369.3258548274589,115349100
2021-03-19,365.8389892578125,367.802125044602,363.6504017230037,366.2147039509197,113624500
2021-03-22,368.7602233886719,370.1503993662236,366.29925903985094,366.35561481385486,73778600
2021-03-23,365.8577575683594,369.57738168580414,365.0687481292161,368.1214765299791,90686600
2021-03-24,363.9979248046875,368.9104795107674,363.9509712192673,367.2667027083642,97588600
2021-03-25,366.04571533203125,366.84409847707457,360.59775078258417,362.55151347107545,116128600
2021-03-26,371.9444580078125,372.3483505991138,366.59983248275023,367.2009702777949,114409100
2021-03-29,371.75653076171875,372.6676538345254,368.9668057792232,370.460290857603,108107600
2021-03-30,370.77032470703125,371.4466226295594,369.16409922528067,370.47914366616993,76262200
2021-03-31,372.2731628417969,373.8418081671427,371.3150861152096,371.34326399936833,112734200
2021-04-01,376.29339599609375,376.34978043348616,374.0109012264915,374.217548612949,99682900
2021-04-05,381.6943359375,382.2391465633513,378.89523733741964,378.9703688038174,91684800
2021-04-06,381.46893310546875,382.52094568198214,380.792635211254,381.1307984909578,62021000
2021-04-07,381.91046142578125,382.25799827421105,380.83967299184064,381.299921394875,55836300
2021-04-08,383.7232360839844,383.7795918510456,382.2297509264768,383.1690519310872,57863100
2021-04-09,386.5129699707031,386.68206594090964,383.4790460028009,383.6011597225974,61104600
2021-04-12,386.65386962890625,386.9262462744944,385.30127392287335,385.9118138275653,56704900
2021-04-13,387.79986572265625,388.42921011670427,386.1654908663117,386.5506077842819,56551000
2021-04-14,386.4754638671875,388.8330902261772,385.93065315580645,387.7716753560826,61659900
2021-04-15,390.62713623046875,390.8995415703954,388.57946675216493,388.6264203401687,60229800
2021-04-16,391.93280029296875,392.54334029694746,390.49567070474995,391.9233981087674,82037300
2021-04-19,390.0072021484375,391.44433168646464,388.67341063742913,390.99348550367637,78498500
2021-04-20,387.1517639160156,389.89450719534887,385.66765206065935,388.78613872856624,81851800
2021-04-21,390.8149719238281,391.02161928936465,386.39084359782294,386.5317616792458,66793000
2021-04-22,387.2456359863281,391.48189292118855,386.1748476885306,390.6459298873599,97582800
2021-04-23,391.4443054199219,392.8626591602239,387.73408351877964,387.80921498913796,73209200
2021-04-26,392.26153564453125,392.83452424631287,391.51010619798046,392.1018705031073,52182400
2021-04-27,392.1769714355469,392.75936217623746,391.03102298643597,392.5620883130966,51303100
2021-04-28,392.0642395019531,393.5765290480743,391.59458899256765,392.44935635947223,51238900
2021-04-29,394.5627746582031,395.1827167562843,391.1625096341873,394.80700209037826,78544300
2021-04-30,391.9703063964844,393.1350591602017,391.0685854384391,392.280291787345,85527000
2021-05-03,392.815673828125,394.35611250011635,392.31784546480463,393.9709956658209,68128300
2021-05-04,390.3923034667969,391.3128288285941,386.682081464695,390.8150004114941,101591200
2021-05-05,390.5143737792969,392.28026416898666,389.95078747075047,392.04543892919156,60162200
2021-05-06,393.6329040527344,393.7643912958881,388.5700575548466,390.5895491108578,74321400
2021-05-07,396.497802734375,397.1553250152091,393.7174793153785,394.40317948452287,67733800
2021-05-10,392.5715026855469,397.08013648406006,392.449388956533,396.8547133936928,81852400
2021-05-11,389.06781005859375,390.0634666996631,385.16971713381986,388.0251998395296,116888000
2021-05-12,380.80206298828125,387.5462380172157,379.47764499537993,386.268802278505,134811000
2021-05-13,385.3763732910156,387.3207330396428,382.31424317473454,382.3612254189922,106394000
2021-05-14,391.2940368652344,392.1488043000285,388.10041888080025,388.12859676699367,82201600
2021-05-17,390.29833984375,391.11555578967017,388.26944625097997,390.1762547929354,65129200
2021-05-18,386.9356994628906,390.8056154288192,386.7760056623648,390.56138796867197,59810200
2021-05-19,385.9212646484375,386.09973416381524,380.7269303289626,382.2204444134808,106467100
2021-05-20,390.0729064941406,391.3409685393417,386.6820437446114,386.80412879220756,78022200
2021-05-21,389.7536315917969,392.81576259314926,389.2933831892121,391.56647597870926,76578700
2021-05-24,393.72674560546875,394.80693583812956,391.76358162505295,392.0078090162445,51376700
2021-05-25,392.85321044921875,395.17328488500607,392.27084846103713,394.8163459463942,57451400
2021-05-26,393.6329040527344,394.14010598871914,392.4024219512265,393.4450323737221,43088600
2021-05-27,393.839599609375,395.182793416517,393.55779205638487,394.6661892338307,56707700
2021-05-28,394.54400634765625,395.6805525494972,394.3091810939177,395.41754941191766,58520200
2021-06-01,394.19647216796875,397.06132881646664,393.75499954141014,396.9204393963293,54216600
2021-06-02,394.81640625,395.66180014538963,393.83955377586835,394.8539863190647,49097100
2021-06-03,393.35107421875,394.4970225992489,391.0122238732597,392.4869333407822,58138800
2021-06-04,396.9485778808594,397.2491610574459,393.416797218941,395.21086543113086,55938800
2021-06-07,396.5635681152344,397.117752372502,395.6242669337236,396.9392828547992,51555000
2021-06-08,396.64801025390625,397.521553271491,394.8069883892223,397.42761744197645,47134300
2021-06-09,396.0562438964844,397.56853334739355,395.8308208390332,397.4933732181162,48436300
2021-06-10,397.8973388671875,398.85544436779344,395.96238082799704,397.28679886427324,51020100
2021-06-11,398.5547790527344,398.66749057896106,397.15522982677004,398.4514697087565,45570800
2021-06-14,399.4471740722656,399.55048342857026,397.4182803625306,398.6675381475228,42358500
2021-06-15,398.71453857421875,399.6350353003225,397.831593252923,399.5974838955145,51508500
2021-06-16,396.4883728027344,399.0808530066341,394.4313297696512,398.8554299159279,80386100
2021-06-17,396.35687255859375,397.3431272132893,393.86773046301494,396.0750937044504,90949700
2021-06-18,391.00982666015625,393.75210964966317,390.80250323301783,393.0547621033666,118676300
2021-06-21,396.6075439453125,396.79603026606236,391.9616466044744,392.78150745768414,72822000
2021-06-22,398.7278747558594,399.56660147363755,395.872482504178,396.59812893618243,57700300
2021-06-23,398.24725341796875,399.6136784463433,398.16244321005354,398.80325062028317,49445400
2021-06-24,400.60321044921875,401.0272615121453,400.15086055645696,400.40531995318634,45110300
2021-06-25,402.0262145996094,402.4785645361461,401.02730032052824,401.35713701848357,58129500
2021-06-28,402.836669921875,403.0062903628767,401.34773145256673,402.55396918687217,53159600
2021-06-29,403.05340576171875,403.86383366669776,402.51624563364214,403.22302619406673,35970500
2021-06-30,403.3926086425781,404.0711190670555,402.56331492833107,402.5915849977271,64827900
2021-07-01,405.6260681152344,405.78628436268957,404.08999376429597,404.1559668520113,53441000
2021-07-02,408.7265319824219,409.0846387735572,405.7109230918931,406.79467641000605,57697700
2021-07-06,407.98199462890625,408.99977471807125,405.2302784805173,408.78301833118127,68710400
2021-07-07,409.4237976074219,409.70652706116164,406.6438115789658,408.66990991539325,63549500
2021-07-08,406.08782958984375,406.85115025329117,402.8837348812311,404.07113536169277,97595200
2021-07-09,410.4227600097656,410.72432662563244,405.8899428637395,407.60507063763464,76238600
2021-07-12,411.892822265625,412.14728165569136,409.9044268961415,410.3379108909958,52889600
2021-07-13,410.4886474609375,412.60898875562293,410.22478391684655,411.10118474983057,52911300
2021-07-14,411.1012268066406,412.6844369921227,409.8478820337302,412.19438410369895,64130400
2021-07-15,409.6971435546875,410.4321942087509,407.7841252653317,409.7536837004635,55126400
2021-07-16,406.4836120605469,410.93161864795053,406.0878310715976,410.8845114498762,75874700
2021-07-19,400.4806823730469,406.5495732707812,397.65356035580317,401.6303798104182,147987000
2021-07-20,406.2198486328125,407.50149258871085,400.34884660483385,401.1498704823978,99608200
2021-07-21,409.5086669921875,409.6500461189735,406.17268327597156,407.42602821585336,64724400
2021-07-22,410.36614990234375,410.6111763308338,408.69815837347124,409.6876395118079,47878500
2021-07-23,414.5880432128906,414.92728406769214,411.61957069748223,412.3074853504877,63766600
2021-07-26,415.6058044433594,415.6152373869866,413.94724562650384,413.9943528266913,43719200
2021-07-27,413.71160888671875,414.58800978326263,410.8656210701545,414.5597397143087,67397100
2021-07-28,413.5419921875,414.9272831929667,412.1095939830681,414.3430158827244,52472400
2021-07-29,415.25714111328125,416.34086557570345,414.46555032093,414.47498326479524,47435300
2021-07-30,413.2404479980469,414.70111625120774,412.5430716548514,412.67501782428445,68951200
2021-08-02,412.3734436035156,415.5209693765124,412.0153368747902,414.9649721562708,58783300
2021-08-03,415.7283020019531,415.85081522859116,410.9693246034538,413.1744764060181,58053900
2021-08-04,413.6833801269531,415.7000456846464,413.44778660915404,414.43726788032035,46732200
2021-08-05,416.30322265625,416.388032880496,414.5315546147277,414.85195838153834,38969700
2021-08-06,416.9910888671875,417.4151686980422,416.3408484646631,416.62357793822423,46930000
2021-08-09,416.6518249511719,417.28319943179935,415.8790713621011,416.9627957200079,41222600
2021-08-10,417.1701354980469,417.8863489753924,416.41624776534786,417.104162412718,43339300
2021-08-11,418.2067565917969,418.30099974900475,417.1135992379283,418.2444596064748,44034300
2021-08-12,419.4601135253906,419.6014926447661,417.151314281578,418.05598534711794,38909400
2021-08-13,420.2234191894531,420.24225631588496,419.42239555203986,419.91241967001224,39470300
2021-08-16,421.2129821777344,421.344899606322,417.34924234487704,418.9135869117013,73740000
2021-08-17,418.45184326171875,419.31881141124575,415.44566729575104,418.6403008442786,92673900
2021-08-18,413.871826171875,419.00777622060184,413.6268284762824,417.433998911538,89351900
2021-08-19,414.5126647949219,415.71893127183074,410.98819480450277,411.12954517008563,92812200
2021-08-20,417.8108825683594,418.14071918836515,414.3712235516576,414.86127639017,72008700
2021-08-23,421.4861755371094,422.4002794047785,417.8863002018375,419.50718452103524,54973000
2021-08-24,422.1553039550781,422.6924640652562,421.6370097316265,422.1553039550781,38744700
2021-08-25,423.0411071777344,423.55940136359277,421.9667870353015,422.34375963480386,40529700
2021-08-26,420.5438232421875,422.99397259305755,420.4495800920067,422.75837909709145,57829600
2021-08-27,424.30389404296875,424.68083789165667,421.29771867840407,421.35425881775865,77235100
2021-08-30,426.1697998046875,426.961390505125,424.73737293430094,424.98239937454537,48357400
2021-08-31,425.53839111328125,426.41479201047923,424.9352867221564,426.07555118277867,59300200
2021-09-01,425.76458740234375,426.9990951161605,425.52899388811954,426.4808008884569,48721400
2021-09-02,427.0744934082031,427.8849212781439,425.86825578758834,427.1970066348159,42501000
2021-09-03,426.9708251953125,427.4891481821727,425.52899403811125,425.93423673953987,47170500
2021-09-07,425.44415283203125,426.71636346840927,424.76564240989444,426.62212031775687,51671500
2021-09-08,424.92584228515625,425.6420556917791,422.9939584275475,424.90700515933963,56181900
2021-09-09,423.1071472167969,426.49026689222916,422.8621207401383,424.7280318706646,57970400
2021-09-10,419.7710876464844,425.4724389893883,419.64857442190095,425.04838793387586,89948200
2021-09-13,420.8453674316406,423.0505478951639,418.5177025058968,422.78668432604593,83738600
2021-09-14,418.57427978515625,422.5039633310245,417.6790129654165,422.29663989692546,78197100
2021-09-15,422.0704345703125,422.56989159599084,417.8862920778878,418.99828639785545,78792200
2021-09-16,421.4014587402344,422.52285751363877,418.43295717865146,421.54280911007726,77786700
2021-09-17,417.29656982421875,421.0497821361924,416.93731577730705,420.6243724894117,118425000
2021-09-20,410.33843994140625,412.72082022935746,405.4412816283992,411.1325667040566,166445500
2021-09-21,409.9508361816406,413.99711770891486,409.42141832581854,412.69247054595706,92526100
2021-09-22,413.9497985839844,416.00131425425957,410.06424688851166,412.2386394237889,102350100
2021-09-23,418.9793395996094,420.59598269867746,415.594844733839,415.8311930271532,76396000
2021-09-24,419.6694641113281,420.38797211616685,417.116891142323,417.33434194671065,62094800
2021-09-27,418.46881103515625,419.80178990253705,417.769200530089,418.6295117037704,61371100
2021-09-28,410.03594970703125,416.01084179881366,409.2985441473634,415.67994840064347,130436300
2021-09-29,410.7260437011719,413.1746083672385,410.15880207113577,411.4256253625887,82329200
2021-09-30,405.7060546875,412.91938062174535,405.3656981304132,412.2103357165181,140506000
2021-10-01,410.5274658203125,412.21972744584093,403.9002802066604,407.4455041184316,129240100
2021-10-04,405.23333740234375,410.26280707989173,403.07781330339657,409.3552377258311,128570000
2021-10-05,409.4497985839844,411.70927331778387,405.94239790833774,406.7459590433155,90682500
2021-10-06,411.1515197753906,411.359507445002,404.19343928496,405.8289511472057,113032200
2021-10-07,414.7061767578125,417.5612537816005,414.2713039723199,414.4509309850232,72437500
2021-10-08,413.9497985839844,415.86897422613924,413.31640137941633,415.48135960268235,74557400
2021-10-11,410.95294189453125,416.21878855170235,410.8867574511802,413.28806407914567,65233300
2021-10-12,409.94134521484375,412.2859304538344,409.1472184849697,411.87941835123945,71181200
2021-10-13,411.4162292480469,412.2387167626421,407.9750128069303,410.97189326473404,72974000
2021-10-14,418.33648681640625,418.4877531890268,414.63053281497906,415.1032294102518,70236800
2021-10-15,421.5224304199219,421.8911475892967,419.8396318019155,420.4635947300898,66260200
2021-10-18,422.77032470703125,423.11065236001764,419.0643712182425,419.72615790052475,62213200
2021-10-19,426.0320129394531,426.09816853776465,423.7914067813759,424.40593545300055,46996800
2021-10-20,427.70526123046875,428.0077939222588,426.3817167677691,426.495159314414,49571600
2021-10-21,428.8208923339844,429.04777746656447,426.6653970211421,427.1002698089574,41305400
2021-10-22,428.3765563964844,429.84193314740844,426.4195855745832,428.3860195607123,58845100
2021-10-25,430.6737976074219,431.00469094915405,427.6863809221838,429.47315880576673,45214500
2021-10-26,431.0614013671875,433.45324459839003,430.68324992234994,432.2337083526217,56075100
2021-10-27,429.15167236328125,432.19583877612104,429.0760247716625,431.52461786879473,72438000
2021-10-28,433.2925720214844,433.3681907749106,430.5792984437599,430.58873275599586,51437900
2021-10-29,434.1717529296875,434.46482246353304,430.68325030954554,430.9763198433911,70162400
2021-11-01,434.9186096191406,435.54257246962413,433.17908993799193,435.1643921836789,48433600
2021-11-02,436.6770324707031,436.9890283255675,434.9564102409637,435.08877911299237,48908400
2021-11-03,439.3430480957031,439.7495601725243,435.6654553768784,436.10979125304044,52509800
2021-11-04,441.4134826660156,441.49856458035435,439.598315273468,439.94810609389634,52847100
2021-11-05,442.945068359375,444.94929729786503,441.42299917818394,443.654113248998,66390600
2021-11-08,443.32318115234375,444.55220949770364,442.6330626514163,444.0511523068338,50405200
2021-11-09,441.8578186035156,443.9282317392653,440.4397289955285,443.6918834712675,51149100
2021-11-10,438.30316162109375,441.857849049066,436.8094531589126,440.1561240915625,69429700
2021-11-11,438.4449462890625,439.8819622614729,438.42604881351787,439.8063146570788,34848500
2021-11-12,441.75384521484375,442.31162370919134,438.76639940952595,439.7212557199241,53466700
2021-11-15,441.9050598144531,443.20970682007754,440.7706054821188,443.0490061606054,46980500
2021-11-16,443.65411376953125,444.7980314478209,441.56480290396837,441.64042166446166,48857500
2021-11-17,442.5762939453125,443.5689450572857,441.95233110166185,443.3893180787603,47858300
2021-11-18,444.07952880859375,444.3442377330162,440.8746322243383,443.61626655252275,50625600
2021-11-19,443.2854309082031,445.2234754256238,442.9167137120761,443.96608631438687,57315600
2021-11-22,442.0374450683594,447.6814428554644,441.8294574387249,445.176156987895,72762000
2021-11-23,442.6235656738281,443.4838767945243,439.0878049687893,441.7065332793372,73206500
2021-11-24,443.80535888671875,443.9282646113557,439.7874380332355,440.60992545059463,61858800
2021-11-26,433.9070739746094,438.56785505174963,432.772590709686,437.093044118014,112669600
2021-11-29,439.2297058105469,441.0826684857418,436.51643182337625,438.72864854655137,86268800
2021-11-30,430.68328857421875,438.6907694757676,430.4374771300162,436.7716225911538,148559600
2021-12-01,425.8996276855469,439.2958617436407,425.7011031960132,436.4313215616425,131939200
2021-12-02,432.4228515625,434.0016709289296,425.7200171180111,426.1170949635271,127637800
2021-12-03,428.66015625,435.1644366060928,424.40588725877814,434.09616662767235,137331600
2021-12-06,433.73687744140625,435.6276635063296,428.79246149523357,431.22212851292545,98977500
2021-12-07,442.70867919921875,443.2759208287808,433.6045390406269,439.0500125226499,95484700
2021-12-08,443.8809509277344,444.33474999497895,441.3378412207383,443.10575052479743,72238800
2021-12-09,440.8840637207031,443.9849518345426,440.68553925442296,442.58575970531854,61272600
2021-12-10,445.0343322753906,445.1855986313529,441.0353379844853,443.6068083336289,77159800
2021-12-13,441.092041015625,444.8641500421058,440.80840579076323,444.5143592307718,87724700
2021-12-14,438.0573425292969,440.3073827725875,435.1171837726514,437.8020967731242,97264100
2021-12-15,444.9020080566406,445.1477906490949,435.58041689056216,438.1140923790866,116899300
2021-12-16,440.9786071777344,447.0480145048565,439.41868553794336,446.76440812549816,116568600
2021-12-17,436.28533935546875,440.9055744108569,434.5681683996154,437.8791727919841,135511600
2021-12-20,431.6461486816406,432.04459257214927,428.00308834892655,431.1717914151028,107134800
2021-12-21,439.311767578125,439.4540689734904,432.9079442144428,435.0899761499683,69806300
2021-12-22,443.7042541503906,443.81809524961324,438.8563083570705,439.05555923317684,58890200
2021-12-23,446.4650573730469,447.9735099803831,444.60558502690833,444.7099297265655,56439700
2021-12-27,452.78350830078125,452.83093244654975,447.8027569913504,447.8501811371189,56808600
2021-12-28,452.4134826660156,454.253991127198,451.6450262309566,453.219895788075,47274600
2021-12-29,452.9923095703125,454.0169087167038,451.5123169408165,452.51795221592334,54503000
2021-12-30,451.7398986816406,454.4342443807081,451.27503784257567,453.4191129196159,55329000
2021-12-31,450.6014099121094,452.403961588004,450.3263035656478,451.24655774606043,65237400
2022-01-03,453.21038818359375,453.3432221085792,449.5483641714183,451.87269728644833,72668200
2022-01-04,453.0586242675781,455.3640226406569,451.1896554356825,454.64299031389396,71178700
2022-01-05,444.3588562011719,453.46652025004556,444.26397897048724,452.68856749188376,104538900
2022-01-06,443.94146728515625,446.6737696888694,441.5601846155021,443.89404314094736,86858900
2022-01-07,442.18634033203125,445.1368574990053,440.82018912810577,443.95096436729705,85111600
2022-01-10,441.6361083984375,441.8542942099038,433.1830584948898,438.97022289575784,119362000
2022-01-11,445.6586608886719,445.7535381343844,438.353547255863,441.3704815356873,74303100
2022-01-12,446.8634948730469,448.93171449389314,444.8901814454831,447.40426908846183,67605400
2022-01-13,440.7063293457031,448.6281009203371,439.6722340529678,447.9734856231748,91173100
2022-01-14,440.8865966796875,441.2376164067843,436.31378591285176,437.5376357053383,95890900
2022-01-18,433.07867431640625,436.37071480072626,431.95919815118293,436.1619964519161,109709100
2022-01-19,428.58172607421875,436.03860728925076,428.30659079417694,434.6345285203454,109357600
2022-01-20,423.8382263183594,435.2133045377482,421.70361857528985,430.4792281856868,122379700
2022-01-21,415.5179748535156,425.08100399182297,415.4895145774554,422.70921781191396,202271200
2022-01-24,417.28265380859375,417.7949678331947,399.181190781591,409.873194608378,251783900
2022-01-25,412.1879577636719,417.1687084994632,405.243361217748,410.8502669489062,167997300
2022-01-26,411.1539001464844,421.2672003261667,406.86569201949834,418.1174611954088,186391100
2022-01-27,409.1236267089844,418.9428274543259,407.42544862054166,415.7836209470697,149878300
2022-01-28,419.2843933105469,419.3318174555156,405.8790525228431,410.4897911886302,164457400
2022-01-31,426.83612060546875,427.1871403186954,417.25409889395814,418.6107536054704,152251400
2022-02-01,429.72021484375,430.3653337108521,424.01843182554586,427.56661454707444,123155400
2022-02-02,433.8946533203125,434.62515318188235,429.8151629317118,432.13952541780253,117361000
2022-02-03,423.6959533691406,429.73926084170694,422.8515834635683,427.8228677399466,118024400
2022-02-04,425.6882629394531,429.55900586237215,421.0679984051668,423.4587777848124,118454400
2022-02-07,424.3219909667969,427.8606769754043,422.9843002542061,426.4565982619485,84472900
2022-02-08,427.81329345703125,428.7430440345254,422.38664568225283,423.81921375669026,81012000
2022-02-09,434.0748596191406,434.3974190890988,431.6746129861687,431.8738349332814,92589900
2022-02-10,426.2764587402344,434.2361593230949,424.26518838420685,428.19285184404936,140103700
2022-02-11,417.8707275390625,428.44888708129014,416.42869210493336,426.3617328176136,153214600
2022-02-14,416.504638671875,418.9523383499395,413.0133761824723,417.3585049029256,123006300
2022-02-15,423.2215576171875,423.3923192839922,420.4512984505421,420.97310881351615,88482700
2022-02-16,423.6959533691406,425.08106860204714,419.27493978352175,421.16287260489605,84863600
2022-02-17,414.6451416015625,423.6674254251265,414.03797939947293,420.4892261780721,102259100
2022-02-18,411.9603271484375,416.1631256326664,409.6739216215225,414.9013190748919,132642900
2022-02-22,407.5392761230469,413.16514590282145,404.0195246428283,409.7403006112362,124391800
2022-02-23,400.3100891113281,411.0400476361501,399.7408546290032,410.47081315382513,132578000
2022-02-24,406.3343811035156,406.7708105895787,389.5801096524119,389.9405968177941,213942900
2022-02-25,415.2998046875,415.3851855248468,405.91700365528385,407.57725415946004,121804500
2022-02-28,414.2372131347656,415.7267018352962,408.6113431476939,409.8731206825425,145615000
2022-03-01,407.92828369140625,414.7495434726037,405.205448672507,412.7287768929972,137785900
2022-03-02,415.4326477050781,417.16878267401864,409.4367645189232,410.19572461357524,117726500
2022-03-03,413.3644104003906,418.48746320377376,411.5523621271487,417.8803009442285,105501700
2022-03-04,410.00592041015625,411.1443603337347,405.9359274736328,409.60744761780074,113978200
2022-03-07,397.9192810058594,410.129230921241,397.8528640480721,409.4176951084335,137896600
2022-03-08,394.9023742675781,405.30027612358464,393.83032234888356,398.09953720583036,164772700
2022-03-09,405.4901123046875,407.4824187632613,401.13551574732486,403.33654057684396,116990800
2022-03-10,403.6590270996094,404.56028843886276,398.8774982538694,400.8508115340742,93972700
2022-03-11,398.5265197753906,406.78031881925176,398.0142058222295,406.1636601649212,95636300
2022-03-14,395.61395263671875,402.7767356418395,394.4660161806034,399.3044659961506,95729200
2022-03-15,404.313720703125,404.94934328256,396.96118242797354,398.24192399779616,106219100
2022-03-16,413.2790222167969,413.33594277285255,403.01392397187186,407.8429064461944,144954800
2022-03-17,418.4494934082031,418.4494934082031,410.9736188383795,411.3530988315118,102676900
2022-03-18,423.03271484375,423.35627638745905,416.08559496003465,416.8278900408766,106345500
2022-03-21,422.9090270996094,424.8789450738188,419.3783406952006,422.861426581251,88349800
2022-03-22,427.8576354980469,428.7997714092016,424.30792644314903,424.30792644314903,74650400
2022-03-23,422.34747314453125,426.81076907660247,422.2618270720981,425.3071562898667,79426100
2022-03-24,428.714111328125,428.7236372396159,423.2611078478265,424.3840617920597,64736900
2022-03-25,430.80780029296875,431.0837903582013,426.75371156457226,429.3517588407497,77101300
2022-03-28,433.8721923828125,433.8721923828125,428.3049643044695,430.20828815741294,68529800
2022-03-29,439.2394714355469,439.73435413532684,435.0807142126773,437.7834301119864,86581500
2022-03-30,436.52728271484375,438.9064372335808,434.4050664288614,438.0879929770802,79666900
2022-03-31,429.8085021972656,436.5843288240368,429.3516941280503,435.75638779554225,121699900
2022-04-01,431.02667236328125,431.54054882132033,427.42939194494187,431.3978053607539,89048800
2022-04-04,434.7190856933594,434.8237835903003,430.39856216040056,431.2265032549893,59601000
2022-04-05,429.2279968261719,435.6992850924023,428.0764942435374,433.21546187171003,74214500
2022-04-06,424.9360656738281,427.2295743624278,422.0335084647764,425.28820497622104,106898000
2022-04-07,427.0772705078125,428.90447400655216,422.0905717945073,424.0509928478638,78097200
2022-04-08,425.9352722167969,428.84735495642116,424.3840588599722,426.3159311224342,79272700
2022-04-11,418.6550598144531,423.4894888409876,418.1506802366311,422.6424959229476,89770500
2022-04-12,417.1038513183594,424.2032400930323,415.54311205270096,421.6622903518392,84363600
2022-04-13,421.8811340332031,422.6424517548179,416.6755435189756,416.8563615602808,74070400
2022-04-14,416.6280212402344,423.23255635554136,416.52332334176606,422.1095733763251,97869500
2022-04-18,416.7992858886719,418.493242593528,414.5533491208519,415.6953548051551,66002500
2022-04-19,423.5275573730469,424.2508005610737,416.5233117244911,416.69460387093864,77821000
2022-04-20,423.2135314941406,425.9352994763438,422.0430060104534,425.31672508479323,65224400
2022-04-21,416.8849792480469,428.25734974228675,415.971392022418,426.8584056894108,85417300
2022-04-22,405.4460144042969,416.90400193315384,404.8750114975053,415.7905738552038,132471800
2022-04-25,407.7966003417969,407.96789249273206,398.5940181121625,403.1905607924802,119647700
2022-04-26,395.9864196777344,405.4459388332837,395.9578709898367,405.24606897559113,103996300
2022-04-27,397.0999755859375,402.4768888937638,394.94923930522515,397.07142688883476,122030000
2022-04-28,407.13043212890625,408.8719894857778,397.4139732876912,401.8772694508292,105449100
2022-04-29,392.08465576171875,405.28420008438667,391.3328348190379,403.1144123743921,145491100
2022-05-02,394.4447326660156,395.8151277706848,385.44199251181766,392.15122459559575,158312500
2022-05-03,396.2529296875,398.67965556718195,393.3788925749156,394.9491577184404,100028200
2022-05-04,408.3200378417969,408.8910407697949,393.7120223923879,396.9191182335441,144247900
2022-05-05,393.8071594238281,404.45625708071094,389.6484020860431,404.027997662131,172929100
2022-05-06,391.45654296875,394.7492845104544,386.1177344614828,391.22815344103304,151770800
2022-05-09,378.9231262207031,386.7648088043769,377.3338385106116,385.51813438514944,155586100
2022-05-10,379.7987365722656,386.45084382634076,375.7351507959963,384.9377049207639,132497200
2022-05-11,373.7651672363281,384.5094369547044,373.01334629193383,378.82801491865814,142361000
2022-05-12,373.3749694824219,376.6677110229419,366.5325191403808,370.54853290829357,125090800
2022-05-13,382.301513671875,383.6909315289105,376.4868459723986,377.53367958074386,104174400
2022-05-16,380.7503662109375,384.44281864302343,378.3807376216756,380.64569735325904,78622400
2022-05-17,388.58258056640625,388.8204960331947,383.1200217001012,386.8790976923247,83029700
2022-05-18,372.9181213378906,384.2809637960822,371.67144689607505,383.99547691719647,117674500
2022-05-19,370.6341552734375,375.087954074311,368.397744483693,369.83476293543714,98510700
2022-05-20,370.7959899902344,377.8382814677449,362.1453877550972,374.24100104281246,131432200
2022-05-23,377.7336120605469,378.50445579030895,371.5097357957892,373.841289765687,76414900
2022-05-24,374.85009765625,376.0491718307928,368.25505900539866,373.5843711400361,91448800
2022-05-25,378.161865234375,380.1413381489888,372.9467768759817,373.3464585898072,91472900
2022-05-26,385.71807861328125,387.36446413953485,379.1896919831503,379.3990587608102,82168300
2022-05-27,395.18707275390625,395.3012675186101,387.992512153444,388.1923529916757,84768700
2022-05-31,392.9697265625,396.32909178098976,390.2099129651642,393.55975227144035,95937000
2022-06-01,389.7911071777344,396.1196515924214,387.2596836033776,395.1013956588197,86585800
2022-06-02,397.214111328125,397.261682798607,387.3644064181707,389.62936602742064,79609600
2022-06-03,390.6952209472656,394.0260370549625,389.71501051155417,392.46529785271264,71874300
2022-06-06,391.8848876953125,396.4718762826238,390.7048071128911,394.73034766979924,57508900
2022-06-07,395.6438293457031,396.1006374209903,387.9068150098394,388.3731489957817,59272400
2022-06-08,391.34234619140625,395.7199960520667,390.54295380609796,393.9213414033141,64350000
2022-06-09,382.03515625,391.83726222331853,382.03515625,389.5532794670752,86289800
2022-06-10,370.957763671875,376.64871177780395,370.9101921981159,375.7922219532442,132893900
2022-06-13,356.8731689453125,363.35398336996633,355.25533229579526,361.4887344054878,170004900
2022-06-14,355.79779052734375,359.6710610018392,352.6763410025152,358.63375313073595,104011800
2022-06-15,360.8702087402344,365.3430023023354,354.13242613778704,359.119125264377,125666800
2022-06-16,348.9267883300781,353.00942552742333,346.48101056776454,352.60021792926864,134473300
2022-06-17,349.6789855957031,353.0433241630427,346.1522111714354,349.3444884854048,111113900
2022-06-21,358.48162841796875,359.87704821713254,355.3658004748682,355.4422786152375,76811900
2022-06-22,357.8317565917969,361.9702395655686,353.80793250775906,354.2284748308788,90059400
2022-06-23,361.3394470214844,362.0753815456592,356.39811819026664,359.98226603738334,79292100
2022-06-24,372.8277893066406,372.8373563670331,364.5030175396714,364.5316895529819,98050300
2022-06-27,371.4037170410156,374.0511969698246,370.3045842487309,373.7549097606314,66009600
2022-06-28,363.81488037109375,375.7716064430763,363.7001923114466,372.97119937117327,86548900
2022-06-29,363.5185852050781,365.36321951572495,361.6835179551487,364.3692369086249,65676000
2022-06-30,360.56524658203125,363.824434948563,356.08267034145877,359.5999068333425,112508300
2022-07-01,364.3787536621094,364.81843007945116,357.26780285347036,359.9057446860557,74839700
2022-07-05,365.06689453125,365.0860286507047,356.4075970991379,359.2558099507076,81438000
2022-07-06,366.29986572265625,368.80398538246004,362.8113014064899,365.21027090818916,70426200
2022-07-07,371.7859802246094,372.5888257211724,366.3189596993672,368.0871448709256,64525900
2022-07-08,371.4801940917969,373.3630675076642,368.60330888500823,370.14208895607385,72397800
2022-07-11,367.236572265625,369.75979714481576,366.5388476614297,368.7849194454713,58366900
2022-07-12,363.98687744140625,369.081161887606,362.22825930431964,366.68216325527555,62219200
2022-07-13,362.0753173828125,365.0286803532009,358.08976201710044,358.510304290068,84224600
2022-07-14,361.1960754394531,362.28564118298874,354.6299214594834,357.0862352049088,89704800
2022-07-15,368.0967712402344,368.21145930567025,363.7097777300919,365.6308611618828,79060400
2022-07-18,365.0574035644531,371.8816056458765,363.82444858360634,371.2030151789039,63203600
2022-07-19,374.9209289550781,375.49439838177176,368.34523758830653,369.0046938859575,78506000
2022-07-20,377.3103942871094,378.73451550468235,373.7358135711647,375.1121286509885,71843800
2022-07-21,381.15264892578125,381.2004258993657,374.30931207266184,376.72741612704004,64903900
2022-07-22,377.6162109375,382.48109020201116,375.379706447606,381.27683650306295,72197300
2022-07-25,378.07501220703125,378.93520179951645,375.81937347807474,378.2470442919547,53631500
2022-07-26,373.6020202636719,376.6318035148528,372.7035915548239,376.4215323453805,52946400
2022-07-27,383.3031311035156,385.06174955181314,376.62225941087985,376.9185466448507,82342100
2022-07-28,388.11065673828125,388.8083521947853,380.54092354604444,384.11553354942833,73966600
2022-07-29,393.7688293457031,394.76284123179397,388.77969412741766,389.55386776750754,87003700
2022-08-01,392.60272216796875,395.1259759724364,390.33754564724285,391.0543751369848,69997500
2022-08-02,390.01263427734375,394.7341540955972,388.8274853760052,391.0257510803338,63435400
2022-08-03,396.1199645996094,397.2955462267999,391.8667648746773,392.15348498670795,67820600
2022-08-04,395.8524169921875,396.73171159771164,394.19891961633147,396.0435540435376,45656600
2022-08-05,395.183349609375,395.8332680618183,391.48451383201046,391.5418578620573,56814900
2022-08-08,394.724609375,399.1498422183804,393.6159093986644,396.8846652916428,53886100
2022-08-09,393.15716552734375,394.49524167643915,392.07713754590054,393.98868323542905,44931800
2022-08-10,401.41497802734375,401.558367270599,398.289611712446,400.2585011954021,68665700
2022-08-11,401.41497802734375,406.15563175115716,400.6694764674659,404.2822962065461,59489700
2022-08-12,408.2104797363281,408.31560072083687,402.4089331045966,403.3647056962678,61694500
2022-08-15,409.8927001953125,410.4183927247335,405.9262489941598,405.98359302749725,54048300
2022-08-16,410.695556640625,412.63577412947495,408.00027052275385,408.8126831825494,59289000
2022-08-17,407.7804260253906,410.5043841167824,405.76375958246024,407.073163544798,63563400
2022-08-18,408.965576171875,409.6537044837084,406.6812655212501,407.981102334091,49023200
2022-08-19,403.46990966796875,406.45191588489774,402.59058593247676,406.1843006902469,68016900
2022-08-22,395.06866455078125,398.7770674172841,394.16066878836006,398.6050061579676,77695600
2022-08-23,394.1128845214844,397.04711375427405,393.55852001325957,394.6385478471304,49105200
2022-08-24,395.37451171875,396.75079759346136,393.1953510959766,393.88347944939807,49177800
2022-08-25,400.95623779296875,401.00401476357194,395.7759366268872,396.87506946158845,50942300
2022-08-26,387.3842468261719,401.3863116303522,387.3269027952147,400.8415433362592,103087000
2022-08-29,384.8227844238281,387.89080676379103,383.45603640076416,384.4118091443674,65370800
2022-08-30,380.59820556640625,386.22772027989646,378.4859562502946,385.98877712569805,85652400
2022-08-31,377.7022399902344,383.4942200869952,377.5684469825705,382.24216021191813,76029700
2022-09-01,378.887451171875,379.23151536564103,372.78961628303784,375.51357448849853,78740100
2022-09-02,374.892333984375,383.8001439617311,373.06680433764257,382.5767558783768,99632100
2022-09-06,373.47772216796875,376.6891042036381,371.2412177142992,375.7428986338187,76637400
2022-09-07,380.187255859375,380.9614293975106,372.94251177167763,373.1623208208597,70964200
2022-09-08,382.6722412109375,383.13099339504765,376.6890953550019,377.90294523381226,80821700
2022-09-09,388.6171875,389.4869441612766,384.660274502623,384.92788969317974,76706900
2022-09-12,392.7939453125,393.52034196780124,390.3949462719757,390.7008005655626,69256300
2022-09-13,375.7142333984375,385.2719598691794,374.5864286751779,384.0581099399607,122947100
2022-09-14,377.14788818359375,378.6771302355147,373.82178890825554,377.0236330739944,85023700
2022-09-15,372.86602783203125,378.44773670191057,371.58529595960147,375.5804187036109,87633800
2022-09-16,370.021484375,370.683678921136,366.7105116443199,368.65872841605665,103084800
2022-09-19,372.8909912109375,372.8909912109375,366.777713980512,366.8545062926547,73278500
2022-09-20,368.6106872558594,370.5588745356627,365.8371731138835,369.54159620952,77274900
2022-09-21,362.1807861328125,373.62038075248415,362.17117977164145,370.549332521765,106746600
2022-09-22,359.1385498046875,363.0541087165745,358.38998577942874,361.4034253163003,89472600
2022-09-23,353.1211853027344,355.6835646985582,348.6489853785956,355.64516854599304,122346900
2022-09-26,349.6278991699219,355.29011674552225,348.39948576610453,351.6432726901012,92581200
2022-09-27,348.7353515625,355.4724265356737,346.32649822363004,353.1883387257356,108294100
2022-09-28,355.5972595214844,357.29591616121235,347.98685368977493,349.69511669129935,110802200
2022-09-29,348.169189453125,352.31506664874274,345.20372321911407,352.0271686794942,112952300
2022-09-30,342.7852783203125,351.16346104905296,342.65093569127106,347.2190829693907,153711200
2022-10-03,351.8351745605469,353.6969926366844,344.73340906493485,346.52804119382273,89756500
2022-10-04,362.73736572265625,362.76615551587236,351.7968049852699,357.39183624328564,103602800
2022-10-05,361.892822265625,364.1673037688315,356.0002867771157,358.3419542263479,88065700
2022-10-06,358.1596374511719,363.45716478022894,357.66057528426956,360.4820923637906,82333500
2022-10-07,348.169189453125,358.24602840445226,346.3937405422584,354.10012192114687,107789500
2022-10-10,345.5107421875,349.53188239491976,343.2554734979914,349.2919577013395,76042800
2022-10-11,343.3226623535156,348.3994775463755,341.37447483043223,343.80251178568085,92482800
2022-10-12,342.19024658203125,345.31887445166694,341.9407154893059,343.73537708190366,76991800
2022-10-13,351.2209777832031,352.69892216426666,334.0807416549414,335.13641621284387,147254500
2022-10-14,343.21710205078125,355.338103128939,342.5740909391228,353.69699701959405,123737000
2022-10-17,352.0367736816406,353.1500279712491,342.88123755495064,349.34002199190445,93168200
2022-10-18,356.1730651855469,360.3189715527156,352.7085368516379,360.0118608689949,97162900
2022-10-19,353.6490173339844,356.8640142581937,350.8178940825872,354.119260386603,79746900
2022-10-20,350.68353271484375,357.6509551899763,349.91575612261187,353.1979388180783,88283100
2022-10-21,359.2057189941406,359.6951455304752,348.88895554592915,350.40526696150266,131038400
2022-10-24,363.60113525390625,364.7431793435059,358.07325994879784,360.7412511368311,85436900
2022-10-25,369.4073181152344,369.72400586963084,363.40919991488346,363.52435909830035,78846300
2022-10-26,366.6241455078125,371.96006879080073,365.98116367700555,366.2402718239104,104087300
2022-10-27,364.66632080078125,369.4839977078487,364.042493218663,367.6317862548759,81971800
2022-10-28,373.342041015625,373.82189044696423,364.37845715272994,364.56080227965367,100302000
2022-10-31,370.64532470703125,372.7470677586442,369.7336282736311,370.8660660099493,96631300
2022-11-01,369.0233459472656,374.65680210670706,367.84293525082256,374.4168774236667,85407600
2022-11-02,359.7623291015625,372.9677955998721,359.65677627855564,368.42840916915645,126990400
2022-11-03,356.057861328125,359.1193028445847,353.927328819612,356.4993145757821,87100100
2022-11-04,361.1826477050781,363.60107812725107,355.0885544933981,361.8064460648948,103505200
2022-11-07,364.6375732421875,365.232581816184,360.39569163090664,362.48782800001794,68286900
2022-11-08,366.6050109863281,369.59926712301353,362.4975005164182,365.75086483457835,84641100
2022-11-09,359.0521545410156,365.7796532095322,358.5530923683433,364.61839645211097,78495500
2022-11-10,378.7835388183594,379.119439271063,370.0982760012639,372.4111244405357,141455800
2022-11-11,382.4495849609375,383.2557284527507,377.74703732716836,379.6472515285247,93839900
2022-11-14,379.1961975097656,384.05227125277725,378.91787664815723,380.6741419104121,71903500
2022-11-15,382.4303894042969,386.0964460790681,378.5915939637452,384.9831918867859,93194500
2022-11-16,379.512939453125,381.74902499018623,378.87953466838616,380.78932609591885,68508500
2022-11-17,378.3516845703125,379.0330918757376,374.41694251455505,374.72402390359406,74496300
2022-11-18,380.06951904296875,381.77778175546456,377.2000289694266,381.7105958096339,92922500
2022-11-21,378.68756103515625,379.8680011496598,376.8353493065511,378.73556354967485,51243200
2022-11-22,383.7835388183594,383.94670049862543,379.22496958302423,380.6453343304418,60429000
2022-11-23,386.2020568847656,386.69148342418305,383.21737797832736,383.44769634981793,68261600
2022-11-25,386.1156005859375,386.6722422842189,385.35745963035964,385.6357511918176,30545400
2022-11-28,379.9543762207031,384.6568947405759,379.1865995660662,383.0062115427125,67881600
2022-11-29,379.30181884765625,381.28837337516256,377.4495776531365,380.0887497120294,52310000
2022-11-30,391.2499694824219,391.2499694824219,377.6222651494603,379.55123967258356,144566700
2022-12-01,390.9621276855469,393.47653402180293,388.43811498859696,392.2960938761709,76398200
2022-12-02,390.5110778808594,391.4227742514983,385.93332473042165,386.03887754997197,85342700
2022-12-05,383.486083984375,388.6108726499475,382.1233279330947,387.67038646213933,77289800
2022-12-06,377.9581604003906,383.8699084428757,375.8564470015134,383.32290239292064,77972200
2022-12-07,377.31524658203125,379.6953105461082,376.17320247675576,377.1041116393495,65927900
2022-12-08,380.2711181640625,381.3459763460932,377.42081099421483,379.2154727059395,60737900
2022-12-09,377.4303894042969,381.5954791950506,377.3056238588924,379.02349312314146,81447700
2022-12-12,382.8718566894531,382.8718566894531,377.5551170158899,378.2268886185699,75405800
2022-12-13,385.7701721191406,393.9467962907857,382.98705113699305,393.68768812858906,123782500
2022-12-14,383.30377197265625,389.1579416878911,380.33830559860786,385.42469854677717,108111300
2022-12-15,373.927490234375,379.32099341165576,372.2576235064061,378.4092677339219,117705900
2022-12-16,369.5127868652344,372.703974428708,367.36284995057173,371.35423231188963,119858000
2022-12-19,366.3795166015625,370.04313670562277,364.70198173657724,369.70569375335475,79878100
2022-12-20,366.8808288574219,368.5101700109185,364.2873819052728,365.61785261496107,74427200
2022-12-21,372.3666687011719,373.504306712911,368.95372524377467,369.4936222467078,78167400
2022-12-22,367.0543518066406,372.34728309588786,361.31791067696275,369.3007053164615,100120900
2022-12-23,369.165771484375,369.3103814762374,364.4609302679499,366.02277702441427,59857300
2022-12-27,367.7099609375,369.3971461549578,366.02277572004226,369.05008217572487,51638200
2022-12-28,363.14007568359375,369.62851797947127,362.9086997184609,367.6424330641149,70911500
2022-12-29,369.6767272949219,370.5540670964372,365.4732107416271,366.00348658061273,66970900
2022-12-30,368.70294189453125,368.84755186749146,364.84651903067794,366.9772138469204,84022200
2023-01-03,367.15081787109375,372.55943787649556,364.26812120753186,370.57338206560365,74850700
2023-01-04,369.9852600097656,372.0291596467577,366.3602127005797,369.4260621560679,85934100
2023-01-05,365.7624816894531,368.134173839708,365.1647407706404,368.0184858453798,76970500
2023-01-06,374.15020751953125,375.2782243767106,365.7914257805464,368.87654703027266,104189600
2023-01-09,373.9380187988281,379.56842191990927,373.7548657861261,376.35793349581024,73978100
2023-01-10,376.5604248046875,376.6279192710031,372.4051312224063,373.3499654843039,65358100
2023-01-11,381.3230895996094,381.40023453480234,377.33170715744893,378.15120291638493,68881100
2023-01-12,382.71142578125,384.1865064616025,378.334406682949,382.4318562863919,90157700
2023-01-13,384.1961669921875,384.7746363651928,379.2213774598209,379.4913259109335,63903900
2023-01-17,383.4924011230469,385.86412286969926,382.80789415820544,384.17693751006607,62677300
2023-01-18,377.437744140625,385.7579813271269,377.23529017482616,384.6878380857325,99632300
2023-01-19,374.6900634765625,377.0424543796125,373.35959286713046,375.38419135399994,86958900
2023-01-20,381.6702880859375,381.8245485766389,374.4394930840735,376.0977565813882,91806400
2023-01-23,386.2497253417969,388.1972085363031,381.51596216179814,382.48006799669383,84178800
2023-01-24,385.83514404296875,386.7510268785712,383.36703560558396,384.56251735495596,59524900
2023-01-25,385.9797668457031,386.31720976357485,379.43348015881935,381.73770716693184,84800300
2023-01-26,390.2218017578125,390.3857126808354,385.6712214473941,388.6599551525802,72287400
2023-01-27,391.118408203125,393.5094010221229,388.9588207680121,389.17092520697304,68346200
2023-01-30,386.21112060546875,390.58816896843814,385.91225017539324,388.3417860843798,74202000
2023-01-31,391.88970947265625,391.9379029905027,386.3846445458055,386.73173790968514,86811800
2023-02-01,396.0547180175781,398.82172684731836,387.9080402797086,390.66536921253794,101459200
2023-02-02,401.8199462890625,403.2950267370687,398.05994018847497,399.96885051991296,101654500
2023-02-03,397.5490417480469,402.003205939953,396.3342589967362,396.8163119079325,94736800
2023-02-06,395.11944580078125,396.5270613769811,393.4515616867472,395.0809027548212,60295300
2023-02-07,400.2871398925781,401.54046582162954,392.94065747845775,394.1939834075091,90990700
2023-02-08,395.9100341796875,399.6507693278752,395.2158768385581,398.3010271151718,76227500
2023-02-09,392.47784423828125,399.6893665385149,391.24378993568155,399.535106072918,78694900
2023-02-10,393.3937683105469,393.77940477497185,390.4725286948175,391.29199514840457,70769700
2023-02-13,398.01177978515625,398.1467687182115,393.58653774588544,394.0493191164229,64913500
2023-02-14,397.8286437988281,400.15211295752647,393.84688201353043,396.4788720991391,88389300
2023-02-15,399.12054443359375,399.19765995468856,394.77241769972466,395.620835542643,61555700
2023-02-16,393.6250915527344,398.08890585011767,393.49013204825167,394.1167948967315,76431500
2023-02-17,392.6416931152344,392.8827195379742,389.54689266329166,391.48475451721475,89257800
2023-02-21,384.7650146484375,389.65303855349947,384.50471665110956,388.59251619409105,82655900
2023-02-22,384.2347412109375,386.73177175063176,382.7692815363674,385.17954608304234,83742300
2023-02-23,386.2785949707031,387.76332599336087,382.02688528457264,387.1462842200383,96242400
2023-02-24,382.1522521972656,382.99101951483533,379.5106117861291,381.22671889051696,108194400
2023-02-27,383.45379638671875,386.8860105552823,382.50896214532895,385.51696742365004,80444700
2023-02-28,382.03662109375,384.94821037879007,381.9305541430677,382.97180501259515,96438600
2023-03-01,380.5710754394531,382.4510933274541,379.25990580721304,381.2170392056283,99706800
2023-03-02,383.53094482421875,384.3793626775315,378.2476341881557,378.5850771192018,85127800
2023-03-03,389.6819152832031,389.9325921996263,384.7071259569614,385.36271082218923,90120000
2023-03-06,389.9518127441406,392.8248581680508,389.50833238413077,390.5109810743991,72795900
2023-03-07,383.9743957519531,390.14469623900044,383.35738335655236,389.90366979566807,108310600
2023-03-08,384.60113525390625,385.3627577243644,382.3547520498777,384.090160308204,74746600
2023-03-09,377.5052490234375,387.06919110818103,376.51222126754647,385.3916270787408,111945300
2023-03-10,372.0580139160156,379.0477798596134,370.5250894673214,376.9556576590165,189253000
2023-03-13,371.52777099609375,376.3772510764091,366.986841233707,368.10520741419566,157790000
2023-03-14,377.669189453125,379.3274526667239,373.1571517830789,376.48332868372586,149752400
2023-03-15,375.30706787109375,375.5095218310467,369.9369920299811,372.0387648288825,172996900
2023-03-16,381.8918762207031,382.2389695554327,372.4243810657821,372.9353558851639,143254200
2023-03-17,377.42657470703125,381.69451136775194,376.03296153069533,380.5525318171182,140553400
2023-03-20,381.0557861328125,381.471956270632,377.5040305133461,378.21049490172476,93055800
2023-03-21,386.0592346191406,386.54312726544555,382.8364930554503,384.4430201853183,91524200
2023-03-22,379.47833251953125,389.5239500544752,379.43964236697053,385.8850969044398,111746600
2023-03-23,380.5041809082031,386.4270225535405,377.775019119637,382.3623122499542,119351300
2023-03-24,383.00103759765625,383.08813473168556,376.85559495356796,379.21699347990887,107682400
2023-03-27,383.71722412109375,386.06896509128705,382.8171907866008,385.2947190499491,74010400
2023-03-28,382.85589599609375,383.717209612336,381.0074224062795,383.0204029687121,62871700
2023-03-29,388.4206237792969,388.6625700966461,385.8366241148439,387.0463557015899,77497900
2023-03-30,390.6949462890625,391.3240008414437,388.81744040170287,391.07236720670556,69840000
2023-03-31,396.20166015625,396.50167125316136,391.5175530536762,391.6240248005127,112062600
2023-04-03,397.7113952636719,398.11784856510405,395.2822446216,395.6790401531173,67391100
2023-04-04,395.5047912597656,398.65009316438295,394.120835975544,398.35973988328044,66601500
2023-04-05,394.4692687988281,395.53383846720504,392.8046770085828,394.7692798597623,65200200
2023-04-06,396.00811767578125,396.2887837167382,392.61118140652866,393.6660639683365,63743300
2023-04-10,396.4145202636719,396.49195962652357,392.89179714996766,393.5111643804643,63681000
2023-04-11,396.5210266113281,397.9339849948255,395.7468101220198,397.0436389855675,59297900
2023-04-12,394.9047546386719,398.8920546290536,394.31441981990406,398.601701336913,86420400
2023-04-13,400.15020751953125,400.5082833714351,394.8467331999566,395.9984001225183,85814800
2023-04-14,399.1726989746094,401.717978926939,396.8500202638753,399.5114297215723,78161500
2023-04-17,400.6050720214844,400.6244170961677,397.8468778541493,399.08564192658326,66436400
2023-04-18,400.8663024902344,402.32766760444576,399.4823767319135,402.1921634988677,63560000
2023-04-19,400.7986145019531,401.7083055035842,398.8823889937934,398.94045374848343,55227300
2023-04-20,398.6114501953125,400.37282668912735,397.0533003632559,397.9630209904145,75840400
2023-04-21,398.92108154296875,399.38559954889513,396.95647871767505,398.9113942396915,73457400
2023-04-24,399.3372497558594,399.7630776470883,397.3726467945154,398.71785299244885,64332100
2023-04-25,392.99822998046875,397.9145956980485,392.9401652269469,397.35326370138665,97766700
2023-04-26,391.33367919921875,394.7015829292316,390.77237667811613,393.61766803712607,80447000
2023-04-27,399.12432861328125,399.3953073087713,393.6369731115294,393.88860673393543,92968400
2023-04-28,402.53094482421875,402.5406321285379,398.17591084348595,398.23397560047187,89433100
2023-05-01,402.1244812011719,404.1664940165015,401.89219264472746,402.08576151935387,62122300
2023-05-02,397.6048889160156,401.456684846814,394.68218809084806,401.4082778635942,103998500
2023-05-03,394.875732421875,400.53728211796295,394.63378610609743,398.10813165652803,91531800
2023-05-04,392.0788879394531,394.1499332536064,390.73365211142163,393.82088977507607,94901900
2023-05-05,399.3372497558594,400.39213217998366,395.47579589188126,395.7370872883095,87891800
2023-05-08,399.4437561035156,399.92764882720917,398.0307976199815,399.66635738882314,50046800
2023-05-09,397.6919860839844,398.81462051922,397.45972707478455,397.88555494795884,49220100
2023-05-10,399.5501708984375,401.18573043410413,395.69837473456306,400.5469885857553,96142900
2023-05-11,398.85333251953125,399.14365627544123,396.76291287359527,398.6791382659853,70157100
2023-05-12,398.3307189941406,400.3146964349357,395.8919108486453,400.1017825031055,70481500
2023-05-15,399.7050476074219,400.1115009260559,397.014605443422,398.9404888907035,54289400
2023-05-16,397.03387451171875,399.5210895402576,397.0241872087838,398.591994492311,57705500
2023-05-17,401.853515625,402.46319557761643,397.41138447772136,399.0662891323237,87287000
2023-05-18,405.72467041015625,406.1504983347822,401.3115714953653,401.5341432279205,97177200
2023-05-19,405.13427734375,407.16663237955544,403.9052006458144,406.6343622786256,103793300
2023-05-22,405.2987976074219,406.8472599314695,403.90518446922516,405.153635725206,60745400
2023-05-23,400.7502136230469,405.2310643131679,400.35341810364366,403.6438822355551,86383500
2023-05-24,397.8468322753906,399.5211113793427,396.67582040020153,399.13400318876785,89213700
2023-05-25,401.29217529296875,402.7535405708676,399.1243456365869,401.3792724272558,90961600
2023-05-26,406.4891357421875,407.2149746540987,401.87281089483815,401.95022071694586,93830000
2023-05-30,406.6440124511719,408.9666912196438,405.25039928319615,408.43442112865796,72216000
2023-05-31,404.3891296386719,405.7149908926057,402.81163473322954,404.8052702665772,110811800
2023-06-01,408.2311706542969,409.2957403085758,403.3632121544437,404.6213211330253,88865000
2023-06-02,414.1347351074219,414.9282966772401,410.2926259460805,410.82489609425363,91426200
2023-06-05,413.3411560058594,415.77996461543063,412.634662021608,414.4831357054983,65460200
2023-06-06,414.2411804199219,414.77345057207395,412.2668899493353,412.92500646250835,64022200
2023-06-07,412.8088073730469,415.7799153285168,412.3829794788346,414.6379357642491,85373300
2023-06-08,415.3056945800781,415.7605548350046,412.1023277227419,412.8765441192514,61952800
2023-06-09,416.0509033203125,418.07357109575076,415.0540856217096,416.10896807677756,85742800
2023-06-12,419.82525634765625,419.902695711882,416.3122204755869,417.0380594592685,76104300
2023-06-13,422.5931701660156,423.2415698352903,420.62856701394855,421.2963412930002,95899700
2023-06-14,423.09637451171875,424.9158156190619,419.62202879480867,422.9318675484063,100612100
2023-06-15,428.341796875,429.59990600169886,422.1770089921392,422.2737638984509,110303100
2023-06-16,426.8827209472656,430.91394272147096,426.40675415039067,430.3408319788212,114165800
2023-06-20,424.66802978515625,425.8239747064654,422.5795680820443,424.9303214367884,76160400
2023-06-21,422.4921569824219,424.4834747724099,421.8995995747334,423.6772421536243,76982300
2023-06-22,424.0172119140625,424.12404951475344,421.190491765927,421.5304807898792,70637200
2023-06-23,420.8116149902344,422.6086743183153,420.09280311667067,420.53962971557473,92074500
2023-06-26,419.0923156738281,422.1715745996257,418.84947060075757,420.2385373041195,72823600
2023-06-27,423.68695068359375,424.30861864916244,419.5197209730496,419.97627089139985,72813700
2023-06-28,423.900634765625,424.9205721541883,421.97729122939955,422.5989591645144,75636000
2023-06-29,425.5713806152344,425.73652829865455,423.0749559403356,423.48291903838407,67882300
2023-06-30,430.59344482421875,431.58424202754236,428.48553659525265,428.8061086850334,104964000
2023-07-03,431.0888366699219,431.3705155902683,429.9620320560209,430.2437406205391,32793400
2023-07-05,430.4477233886719,431.18598184502025,429.252915041293,429.2626383296677,58418400
2023-07-06,427.0770263671875,427.50443603080225,424.55143189423796,426.84390460309635,80658300
2023-07-07,425.9988098144531,429.9717812453892,425.7559647445226,426.0765368375681,86134200
2023-07-10,427.0770263671875,427.2518676902559,425.0662622193869,425.6393729855586,62443500
2023-07-11,429.7969055175781,430.2923189408992,426.86334777712636,427.84445133494313,64463800
2023-07-12,433.2550048828125,434.67324137999515,432.17678704335077,433.61444047347214,91924500
2023-07-13,436.6937255859375,437.49026454706734,434.6441273807825,435.0812307295677,72425200
2023-07-14,436.4217224121094,438.44218031125604,435.65432370566384,437.58739058280713,69815800
2023-07-17,437.93707275390625,438.99587367974635,436.2274340105894,436.27602081008126,52680200
2023-07-18,441.1911926269531,441.84200078561497,437.1696642128114,437.60679717753897,80668200
2023-07-19,442.1723327636719,443.36711158295185,441.1135021298131,441.98776813165426,65891700
2023-07-20,439.2386779785156,442.0751211172044,438.51986613914056,441.1717446740703,70591600
2023-07-21,439.2386779785156,441.1717446740703,439.2289843348553,440.96773349465013,71275600
2023-07-24,441.2009582519531,442.01691417279216,439.3553119074868,440.39469597638623,54023400
2023-07-25,442.4054260253906,443.66820850012533,440.88035190934755,440.928938708636,55191200
2023-07-26,442.47344970703125,443.91107357800564,440.4044049260487,441.4632058951924,71052900
2023-07-27,439.5398254394531,446.29092981349305,438.6267256628274,445.8829370784207,92194400
2023-07-28,443.84307861328125,444.678451402353,439.53984155934154,442.8328348489528,80011800
2023-07-31,444.6881408691406,445.04754679264636,442.99791919803175,444.3190116577011,62040400
2023-08-01,443.4156494140625,444.1636015046727,442.4539628470819,443.2116382259376,55291500
2023-08-02,437.2474365234375,440.5404004560669,436.4897610451548,440.2781384365682,93933400
2023-08-03,435.9942626953125,437.8884658442926,434.5663326899411,435.21717043346763,64276100
2023-08-04,434.0224304199219,439.9381329025484,433.4978767564068,437.8205309585227,100128900
2023-08-07,437.8108215332031,437.9662459437654,435.1686658419951,435.8680608674377,58357500
2023-08-08,435.9068908691406,437.801094230308,432.52647689868775,435.2560530527077,71361300
2023-08-09,432.99273681640625,436.34401046211,432.2253381355895,436.17886277984366,78789600
2023-08-10,433.1481628417969,438.77246268587845,431.9728010613545,435.36290858516065,93005500
2023-08-11,432.8955993652344,433.9155664068905,430.6614366639976,431.2636876715916,68690900
2023-08-14,435.2851867675781,435.2851867675781,431.661957430911,431.972806223491,47867400
2023-08-15,430.2146301269531,433.85730620818447,429.6414896699664,433.49787060039694,75707500
2023-08-16,427.05767822265625,431.467723739304,426.9508109674534,429.7969483244661,80107200
2023-08-17,423.803466796875,428.79634550432957,423.27891319959895,428.53408352777683,95711300
2023-08-18,424.0074768066406,425.046860783059,420.61736923881205,420.9670518976972,98852000
2023-08-21,426.7662048339844,427.5141569709801,422.86126681527594,425.0274258479956,68719000
2023-08-22,425.61029052734375,428.55357177513196,425.0469029729387,428.55357177513196,64994200
2023-08-23,430.3505859375,430.9722835194303,426.53306871425866,426.6787698212197,68441000
2023-08-24,424.3863220214844,432.4779062769333,424.35715215624055,431.9630759418828,88517300
2023-08-25,427.378173828125,428.67009652943136,422.55041275410997,426.1250849933823,102325100
2023-08-28,430.08831787109375,430.7099858000723,427.37815874320273,429.58318118186605,61595400
2023-08-29,436.30517578125,436.58688436647253,429.7969159631644,429.9814805902922,83081900
2023-08-30,438.1021728515625,438.7432873106637,435.93598443569806,436.645102620197,69053900
2023-08-31,437.4610595703125,439.87006338705424,437.27649496897567,438.72384191656135,66084600
2023-09-01,438.2770690917969,440.6861028481344,436.81027538892874,440.20041271014344,58944100
2023-09-05,436.3828430175781,438.15076214258977,436.3148689313638,437.8302197116103,55166200
2023-09-06,433.44927978515625,435.6737487730609,431.10824991477125,435.5668815346729,70758500
2023-09-07,432.11846923828125,432.79841756241575,430.078564977538,430.42824760523524,70355400
2023-09-08,432.76934814453125,434.31383929121245,431.807691116867,432.1670970910779,61659700
2023-09-11,435.6155090332031,435.92632820080127,433.69216536005706,435.4114978256294,60180100
2023-09-12,433.225830078125,435.6931439963164,432.6430256947625,434.1583763798451,67565400
2023-09-13,433.73101806640625,434.8966566152503,432.34192173721107,433.4493094849952,60199300
2023-09-14,437.47076416015625,438.1701590763617,434.90633589685,436.2177050702565,83430800
2023-09-15,432.2000427246094,436.2065137393471,431.76139755793423,435.8750830305015,111848900
2023-09-18,432.4535217285156,433.75975919903385,431.41047137001715,431.88811715622586,55752200
2023-09-19,431.5566101074219,432.1220145797145,428.85640660660175,431.5273671001471,66514600
2023-09-20,427.5892028808594,433.2430695466763,427.3844720654377,432.823909827221,82562600
2023-09-21,420.5218200683594,424.9864210648089,420.3658474474756,424.7232340007312,104095800
2023-09-22,419.5762939453125,423.1635752995273,419.15710447421105,421.55515026695025,100829700
2023-09-25,421.3406677246094,421.37963856954656,417.91908703660135,418.35776190640524,70874500
2023-09-26,415.150634765625,418.99137510509695,414.31228562997944,418.2797555857833,96168400
2023-09-27,415.31640625,416.8956181827338,411.65115307874015,416.33021360529125,104705800
2023-09-28,417.7241516113281,419.4105778926448,414.1661131466468,414.7607606962109,92258300
2023-09-29,416.7103576660156,420.97025796891,415.1799040850308,420.7947999115168,115111300
2023-10-02,416.54461669921875,417.80212557556916,413.7664118672184,415.8719977478269,83798600
2023-10-03,410.96875,416.60313149378044,409.59426899346283,414.35133041357295,103760600
2023-10-04,413.9613952636719,414.71198567409095,409.96468205177416,411.43664961182077,87453000
2023-10-05,413.805419921875,414.65349694142213,410.55932689037775,413.66893271247125,70142700
2023-10-06,418.71844482421875,420.26838378364897,410.0036712419603,411.33915155455975,113273300
2023-10-09,421.399169921875,421.97430226851634,416.252192062559,416.80780923724586,80374400
2023-10-10,423.5924987792969,426.20497351561806,421.63312785268664,422.0328021572993,78607300
2023-10-11,425.32763671875,425.58106621387174,422.26672961556096,424.66477534883535,62451700
2023-10-12,422.73468017578125,426.3219617182537,420.36590701719814,425.94180257182495,81154200
2023-10-13,420.6290283203125,425.45433266519603,419.04984646161904,424.24555230832215,95143100
2023-10-16,425.0547180175781,426.12701132779,422.64694430004124,422.8906459728739,75433200
2023-10-17,425.03521728515625,427.1018325299322,421.5551798879123,421.9060960293189,75324700
2023-10-18,419.3715515136719,424.2163416495345,418.27977284903875,423.2512926064637,93559800
2023-10-19,415.686767578125,421.915795975772,415.0044208134736,420.0929124098837,121323000
2023-10-20,410.5788269042969,415.7940485790275,410.47158270042024,415.24815921948914,123919900
2023-10-23,409.8671569824219,413.7566553773687,407.2741679687024,409.03856545850545,92035100
2023-10-24,412.9573669433594,414.1173892958725,410.14016130190197,412.0020456681311,78564200
2023-10-25,407.03045654296875,411.29038608727296,406.51381026968136,411.26114308119,94223200
2023-10-26,402.1564636230469,406.8160381281592,401.23041517306166,405.9582332820246,115156800
2023-10-27,400.33355712890625,404.1548119928044,398.90059027353647,403.75513772715857,107367700
2023-10-30,405.119873046875,406.1824086755449,401.8347795507034,403.1410168304096,86562700
2023-10-31,407.6640930175781,407.98576607535904,403.7745948265521,405.69496483477656,79665200
2023-11-01,412.01177978515625,412.83061379639145,408.10279562252936,408.6389571260531,98068100
2023-11-02,419.9077453613281,420.0637180038268,415.813545304772,415.8330307293069,94938900
2023-11-03,423.7387390136719,425.2984357283652,422.1010708501771,422.2278004846274,100167800
2023-11-06,424.7135009765625,425.16190369457485,422.7541301400226,424.499042329037,67831700
2023-11-07,425.9222412109375,426.5656171377113,423.5632258948368,424.7134905447946,64256100
2023-11-08,426.23419189453125,427.05302588029497,423.91414739383225,426.52662197918363,61746000
2023-11-09,422.91009521484375,427.4234545693612,422.48117792745524,427.3844539753976,83174400
2023-11-10,429.5094909667969,429.8214361961388,422.9003038823785,424.99616172117294,89462200
2023-11-13,429.1001281738281,430.2113922506014,427.3747311670345,428.16432214885,52236100
2023-11-14,437.4250183105469,438.7214981235358,434.85151436015457,435.0757306092195,97176900
2023-11-15,438.3510437011719,440.00822689231774,437.4932090962841,438.7702034175982,77327600
2023-11-16,438.8872375488281,439.2089106749989,436.83037991296646,437.9026732481024,66665800
2023-11-17,439.43310546875,440.0472384283699,437.9708954691745,438.8969439529958,83133200
2023-11-20,442.815673828125,443.6637508451693,439.16987676520114,439.1796343511977,69936200
2023-11-21,441.8505554199219,442.68890452456174,440.57356121582086,441.76282640002967,49244600
2023-11-22,443.5565185546875,444.8822710900932,442.4550120107973,443.5175477071304,59394900
2023-11-24,443.82940673828125,444.0243799462038,443.2737896182981,443.6052202727786,29737400
2023-11-27,443.0301513671875,444.01468588647003,442.6402048955527,443.1958518437672,50506000
2023-11-28,443.4687805175781,444.77501785393656,442.07481415289016,442.6401889183708,62115000
2023-11-29,443.1568298339844,446.77338386709766,442.75718529272547,445.63284701527954,63146000
2023-11-30,444.90179443359375,445.25274033268937,441.9188881606161,444.0049888835271,79752700
2023-12-01,447.53375244140625,448.06988421555565,443.69301174485037,444.2876295398619,89183400
2023-12-04,445.1844482421875,447.55322124535616,442.89364668102655,444.1219125709975,72430900
2023-12-05,445.0967102050781,446.06175924267177,443.41028403700943,443.7904728995386,69793500
2023-12-06,443.3031005859375,447.28029879816927,442.8644256752274,447.2510557873712,69124700
2023-12-07,446.6856384277344,447.3387421895649,444.79451124637484,445.39888657776544,66995400
2023-12-08,448.60601806640625,449.1421498074846,445.69132604578505,445.93502770059104,83194400
2023-12-11,450.35089111328125,450.52637891012574,447.89438919355985,448.1088478352707,65002200
2023-12-12,452.4077453613281,452.5052319702893,448.9959222888426,449.99997188879604,68327600
2023-12-13,458.64654541015625,458.9000046679178,452.42727399846257,452.7879477122068,93278000
2023-12-14,460.1185302734375,461.79519902487226,457.42805420169003,460.5961760475195,119026000
2023-12-15,459.3608703613281,460.7017950539939,457.50123455083025,459.51747535907043,141553700
2023-12-18,461.9448547363281,462.9334108167086,459.9090492984959,460.9758929509902,70375300
2023-12-19,464.75384521484375,464.8321626490839,462.41462711319724,462.49291467808797,55761800
2023-12-20,458.31365966796875,465.7913622558364,457.8830033552832,463.892567568819,102921000
2023-12-21,462.6593322753906,462.9333835656848,458.88130748488805,461.3184075260525,86667500
2023-12-22,463.5891418457031,465.2824054768028,461.6805799335795,463.7946728489947,67160400
2023-12-26,465.5466613769531,466.4568999785943,463.92191803061615,464.00023546887513,55387000
2023-12-27,466.388427734375,466.53523560014366,464.80284304536906,465.34114850963823,68000300
2023-12-28,466.5645751953125,467.40629349897097,466.1437160434832,466.7505417729767,77158100
2023-12-29,465.2138977050781,466.8973642343975,463.2465827268645,466.36882605664505,122283100
2024-01-02,462.6103820800781,463.60873526144735,460.4962592993178,462.13079978352283,123623700
2024-01-03,458.8323974609375,461.1814128694219,458.2255717162588,460.43754654015044,103585900
2024-01-04,457.35443115234375,460.9562565274368,457.1293058653944,458.35275441965285,84232200
2024-01-05,457.9808654785156,460.4473270881045,456.52249444505304,457.55997646197653,86118900
2024-01-08,464.5189514160156,464.66575926813886,458.3527528026961,458.47999623098605,74879100
2024-01-09,463.81427001953125,464.8419549117133,461.33801120953973,461.8469550820588,65931400
2024-01-10,466.43731689453125,467.3084266115464,463.80445318872887,464.0883016196984,67310600
2024-01-11,466.2318115234375,467.96420403660454,462.2286911764114,467.44546301044596,77940700
2024-01-12,466.5547790527344,468.4340092581526,465.13559658829763,467.69014294589425,58026400
2024-01-16,464.8419189453125,466.4862265933185,463.01164473206603,465.1649260825611,85014900
2024-01-17,462.258056640625,462.7474360984551,459.8894469222123,461.79803875549055,68843900
2024-01-18,466.36883544921875,466.9267352108962,462.3853092838849,463.94153240644374,91856200
2024-01-19,472.18267822265625,472.4665266846665,466.41780347643123,467.5042115854746,110834500
2024-01-22,473.1810302734375,474.9134228764255,472.5252486289505,473.7291329004626,75844900
2024-01-23,474.5610046386719,474.80569435270064,472.63287836670105,473.72908350645395,49945300
2024-01-24,475.0798034667969,478.3879835049079,474.58062686260826,477.44838331115716,81765000
2024-01-25,477.6636962890625,477.9377475814214,475.07978837101456,477.22324284414435,72525000
2024-01-26,477.056884765625,478.7305541413174,476.2053692914894,477.23305420109756,76641600
2024-01-29,480.8348693847656,480.98170711382187,476.8219818291813,477.3700844183153,61322800
2024-01-30,480.4629821777344,481.177457075331,479.69952154301166,480.13997500622065,58618400
2024-01-31,472.6230773925781,478.6913643297399,472.60348309923063,478.2411436229909,126011100
2024-02-01,478.808837890625,478.8381994611378,473.52351624352735,474.3359028099636,91891600
2024-02-02,483.8494873046875,485.5133595788127,478.9067367427997,479.24930834520416,99228200
2024-02-05,482.0876770019531,483.87882248887064,479.8169790887864,483.2132736155175,75757100
2024-02-06,483.4873046875,483.8200791102588,481.598277417189,483.037054113165,55918600
2024-02-07,487.51983642578125,487.9406956034412,484.8380166056108,485.74828512507054,70556500
2024-02-08,487.735107421875,488.1168078335821,486.6976254514365,487.51977928446235,52343600
2024-02-09,490.5539855957031,490.99440919073515,487.9015274006516,488.2440989985779,63979400
2024-02-12,490.3386535644531,492.8051152852079,489.6143516538678,490.5246201484485,56502300
2024-02-13,483.585205078125,486.53127905269594,480.2965893692246,484.0256585499092,113099200
2024-02-14,487.9798278808594,488.46920732678694,483.89839015930903,486.23763824813125,68387800
2024-02-15,491.3467712402344,491.53273782316427,488.20493362506164,488.6845458033632,61683000
2024-02-16,488.8998718261719,492.18848742065717,488.1560054976972,491.0433562248227,75532900
2024-02-20,486.20831298828125,487.82325930658317,483.9473821687879,487.1479132312173,71736700
2024-02-21,486.64874267578125,486.80534769645107,483.07627838297776,484.8967856125797,59293400
2024-02-22,496.7201843261719,497.68914616203364,492.33533332535967,493.3043250305752,76402500
2024-02-23,497.0627136230469,499.29428272154865,496.3286444476272,498.45253453500476,61321800
2024-02-26,495.2421875,497.9435715199019,495.11494406872197,497.50311808383964,50386700
2024-02-27,496.1622619628906,496.38738727191105,494.0285746437228,495.9371665232225,48854500
2024-02-28,495.5064392089844,496.09367059298773,494.2340348484982,494.596170825083,56506600
2024-02-29,497.2878112792969,498.91255464581906,494.61581858519605,497.2780440014064,83924800
2024-03-01,501.95648193359375,502.38713824254285,497.75762772536723,498.16871960912823,76844800
2024-03-04,501.4181823730469,503.27784821506253,501.124566645019,501.1539580871736,49799300
2024-03-05,496.40692138671875,499.852171759294,494.1851494829937,499.40192116874573,72855600
2024-03-06,498.9223327636719,501.1930605051688,497.62059661226607,499.705327910019,68382400
2024-03-07,503.8748474121094,504.9319237100217,498.981053101571,502.24033683922556,58652100
2024-03-08,500.8504943847656,507.21239722419125,500.27303023090644,504.51107290066597,86532500
2024-03-11,500.4198303222656,501.0070916139854,497.69888187766907,499.6368351795393,62557200
2024-03-12,505.80303955078125,506.39027097966664,500.0087440051748,502.5437557737152,73114400
2024-03-13,505.0101623535156,506.30213117139687,503.5616184086326,506.1259617515082,55104100
2024-03-14,504.0119323730469,506.1456197116887,500.9484120857823,505.9889848262863,110171800
2024-03-15,500.5510559082031,502.38704698505336,498.87218638115144,500.9241446835828,107646300
2024-03-18,503.5259094238281,506.09822050628367,503.11357022244954,504.64517575188347,88893300
2024-03-19,506.3240661621094,506.60876657056906,501.8175780927784,502.82886078971904,60755300
2024-03-20,511.0071716308594,511.1446379930055,505.705488344828,506.3829326447679,69594600
2024-03-21,512.6958618164062,514.5710730467603,512.4111015260332,513.8642059623243,60256100
2024-03-22,511.72393798828125,513.0984218682763,511.48825568021914,512.6075219273547,79070800
2024-03-25,510.3101806640625,511.46869741749754,510.15305911399236,510.3396035020047,48512100
2024-03-26,509.36761474609375,512.0872197037324,508.96510314507884,511.7435537767085,65463700
2024-03-27,513.6482543945312,513.6875647434284,510.03523783042095,512.2148648432812,82999800
2024-03-28,513.550048828125,515.0619990069974,513.2653484476477,513.6875151873788,96294900
2024-04-01,512.6566162109375,514.8362431784628,511.4882719174824,514.2962652111693,62477500
2024-04-02,509.3970947265625,509.5345011723104,507.08000138258785,508.80797882244235,74230300
2024-04-03,509.9566955566406,511.46870586053615,508.248373198387,508.2974512119765,59155800
2024-04-04,503.73211669921875,514.3355443672095,503.42776110615574,513.9919383481855,96858100
2024-04-05,508.9945373535156,510.96796482720384,504.6549983834538,505.0968203427488,74546500
2024-04-08,509.27923583984375,510.7126853242271,508.46438503558613,509.7014625472124,48401800
2024-04-09,509.8683166503906,511.27228327624755,504.9887401265568,511.02683330828006,68049200
2024-04-10,504.76300048828125,506.7658508730003,502.7699776912442,504.1346341197876,82652800
2024-04-11,508.5723571777344,510.0254018796054,502.7601184459389,506.29457417860783,70099000
2024-04-12,501.552490234375,506.43203698768644,499.8146852171386,505.0084151327042,92561100
2024-04-15,495.26898193359375,505.92148710242344,494.41479083445734,505.754597894728,92101400
2024-04-16,494.3657531738281,497.2817003745105,493.06976998193414,495.75009477032967,73484000
2024-04-17,491.43994140625,497.00676017490997,490.0359747017538,496.8398410039947,75910300
2024-04-18,490.42864990234375,494.95476278762635,489.48613043648334,492.8438991042068,74548100
2024-04-19,486.1480712890625,491.35159908684795,484.871713365081,490.3501739150544,102212600
2024-04-22,490.6250915527344,493.2366831181411,486.41316121179784,488.7694751922515,67961000
2024-04-23,496.4471435546875,496.87913793386264,490.4385325961786,492.64758250516905,64633600
2024-04-24,496.2115173339844,498.13583685049355,493.9730146419187,497.34058128634894,55928100
2024-04-25,494.32647705078125,495.09227985948104,488.435676995503,490.0949214080457,69122400
2024-04-26,499.0096130371094,500.60012403741905,496.49620775921056,497.13437168422746,64306100
2024-04-29,500.77685546875,501.4542997979017,498.01800014191997,500.8063082673151,46415400
2024-04-30,492.843994140625,500.28602524952794,492.843994140625,499.3042252109721,77483600
2024-05-01,491.24359130859375,498.94089901298264,490.7723165650843,492.2548440181232,80242800
2024-05-02,495.8384094238281,496.6827729302825,490.4581351081365,494.9744207054676,62550200
2024-05-03,501.9845275878906,503.22157520671925,499.30420281647224,501.85688879465766,72756700
2024-05-06,507.16839599609375,507.2076464204613,503.9578910557652,504.39971300822606,47264700
2024-05-07,507.7280578613281,509.1320246468493,507.0506134757241,508.1403970755998,52561300
2024-05-08,507.7771301269531,508.3171081269149,505.76445216837857,505.8822633711224,42047200
2024-05-09,510.70281982421875,510.7421301704395,507.3058306373819,507.96361976918945,43643700
2024-05-10,511.3607177734375,513.1279457174053,510.1334678228607,512.3130349714144,52233200
2024-05-13,511.4294128417969,513.1573904337706,510.2807236178911,513.0494068153514,36716400
2024-05-14,513.77587890625,514.2962616201814,511.08575675127395,511.62573471479726,57535900
2024-05-15,520.1380004882812,520.432528485142,515.621684813936,516.2598787440616,59504900
2024-05-16,519.0678100585938,521.8463206535929,518.9205160986112,520.2361543782758,50244800
2024-05-17,519.81396484375,519.8826980271124,517.7227262796864,519.1855985309879,59187600
2024-05-20,520.412841796875,521.885541616312,519.5390255221749,519.9317694437484,37764200
2024-05-21,521.689208984375,521.846330534573,519.440908663292,519.6471082263093,33437000
2024-05-22,520.1871337890625,521.7089118715144,517.9976789436778,520.9922170155929,48390000
2024-05-23,516.3875732421875,523.3681571803176,515.1700908499565,523.2601735572039,57211200
2024-05-24,519.80419921875,520.6191100051178,517.2907935924079,518.2431108375699,41291100
2024-05-28,520.1674194335938,520.8546913706681,517.5165476330567,520.6190689749426,36269600
2024-05-29,516.5248413085938,517.7128406174895,515.808146643555,516.1125021789841,45190300
2024-05-30,513.0985107421875,515.6413992433119,511.84183783640026,514.9737823989375,46377600
2024-05-31,517.7718505859375,517.8994893772648,508.92582317948944,514.0606778227026,90785800
2024-06-03,518.1939697265625,519.6764971476924,513.0885983159723,519.3917967524706,46835700
2024-06-04,518.773193359375,519.5193707703163,515.4056273488814,516.8783269996437,34632700
2024-06-05,524.93896484375,524.9586200186185,519.1070707176025,521.1099809761525,47610400
2024-06-06,524.92919921875,525.6753768600677,522.9852542553429,525.2433824321638,30808500
2024-06-07,524.291015625,527.1186043544275,522.8477384972871,523.9473496782516,43224500
2024-06-10,525.910888671875,526.2348994057324,522.8771606503717,523.4760441854506,35686100
2024-06-11,527.1774291992188,527.2363347918784,522.3665860762226,524.3498409029419,36383400
2024-06-12,531.5072021484375,534.2169795758864,530.4664966070287,531.7723073085223,63251300
2024-06-13,532.5772705078125,533.4412590560199,529.7693376882881,533.2645422972001,44760900
2024-06-14,532.9014282226562,532.930851061761,530.0247015137712,531.0359842688257,40089900
2024-06-17,537.1427001953125,538.5467267827651,531.7526283434909,532.2141054561657,55839500
2024-06-18,538.5073852539062,538.635024027193,536.7794079456912,537.2015746864449,41376400
2024-06-20,537.0446166992188,540.107828000523,535.2577334527383,539.4402111706817,70328200
2024-06-21,536.3245849609375,537.447462175694,534.8569932184257,536.2162529799443,64338600
2024-06-24,534.5811157226562,538.7278494880962,534.4629244620497,536.1472401021375,45528700
2024-06-25,536.6397705078125,537.004203612723,534.2856841465313,535.8123714938099,37936200
2024-06-26,537.3095703125,538.0285772692542,534.8668704239683,535.5169224493349,38550600
2024-06-27,538.1566162109375,538.7377734099973,536.4230640239002,537.1716488426333,35041500
2024-06-28,536.0389404296875,542.00790070753,534.7880726863442,538.9347470490513,76144500
2024-07-01,537.14208984375,537.6739505394513,534.3644748642668,537.4277087162804,40297800
2024-07-02,540.7569580078125,540.7569580078125,535.4775472099752,535.5267835560936,40434800
2024-07-03,543.1701049804688,543.5345380828469,540.4023491902368,540.4417262410547,32789900
2024-07-05,546.3023071289062,546.7061172919005,542.8352028084947,543.4754556350376,41488400
2024-07-08,546.9327392578125,547.8881288012321,545.8590983154559,547.0903075936609,36110500
2024-07-09,547.4645385742188,548.804079690317,547.1690604041432,547.8979265962074,27289700
2024-07-10,552.8818359375,553.2265504354008,548.4002468766333,548.6957250344957,38701200
2024-07-11,548.1145629882812,553.8766575443788,547.4743703382464,553.0000222525385,53054200
2024-07-12,551.5718383789062,555.1965108923417,548.774564863736,549.2473299383824,53084400
2024-07-15,553.0886840820312,556.3489232473163,551.2172222757705,553.5811677028757,40584300
2024-07-16,556.36865234375,556.664130530242,553.650132792749,554.4085769027762,36475300
2024-07-17,548.5676879882812,552.0840284475104,548.2426319478126,550.3997127297722,57119000
2024-07-18,544.3519897460938,551.108910966774,542.1555319524306,550.1140843965545,56270400
2024-07-19,540.7372436523438,545.7507541733052,539.6734620267257,544.1156746223836,65509100
2024-07-22,546.3121337890625,546.9228087020715,542.7366977016144,544.6869137065378,43346700
2024-07-23,545.4552001953125,548.3706648208323,544.96271656342,546.2037248169792,34439600
2024-07-24,533.0938720703125,540.9145154169191,532.1680003349537,540.6091779359837,74515300
2024-07-25,530.3162841796875,539.2302874589092,529.3707539281593,533.2120908102739,61158300
2024-07-26,536.255615234375,538.9642753902813,533.3499495890577,534.1281122545862,53763800
2024-07-29,536.57080078125,538.8263542761403,534.5614289959356,537.8118692092069,39515800
2024-07-30,533.852294921875,539.1120469361489,530.4246278378796,538.0482653827025,46853600
2024-07-31,542.5299072265625,545.1794720155896,539.3484816681636,540.7273999983412,65663400
2024-08-01,534.8470458984375,546.5287423968499,531.3208465092305,544.2633298730499,76428700
2024-08-02,524.88916015625,528.9176432227539,520.653752172347,527.6962932454506,82789100
2024-08-05,509.6024169921875,515.7092266413154,502.59928343934064,503.948713970534,146267400
2024-08-06,514.3006591796875,521.7863860222427,510.0849706117107,511.41465231478685,84826300
2024-08-07,510.8631286621094,523.5988091359484,510.2623130193522,520.525655759712,70698300
2024-08-08,522.6729125976562,523.3032459691668,513.9953532420095,516.0341826136271,63276600
2024-08-09,524.9777221679688,526.4748917317265,520.6143241553161,521.8455333050815,45619600
2024-08-12,525.2535400390625,527.6765211620506,522.9684086509645,526.1794117211571,42542100
2024-08-13,533.8916015625,534.1280441902442,528.2182409668121,528.4644827677885,52333100
2024-08-14,535.5759887695312,536.7678208880384,532.0005525316452,534.6894941203759,42446900
2024-08-15,544.7559204101562,545.0415393102818,540.6289046503756,541.2395796214291,60846800
2024-08-16,545.977294921875,546.676643441067,542.9731562772823,543.1307246146675,44430700
2024-08-19,551.1975708007812,551.1975708007812,545.5340084715398,546.3909252667271,39121800
2024-08-20,550.3013305664062,552.4091753538346,548.9519299589504,550.7445779458401,33732300
2024-08-21,552.1923828125,553.6599745235571,546.3909107782366,551.3551846243884,41514600
2024-08-22,547.8585205078125,554.7139150306325,546.6371705904586,554.1032400719556,56121500
2024-08-23,553.6797485351562,554.6253389142347,548.9124797023921,551.1188572535754,50639400
2024-08-26,552.3598022460938,555.4328954778962,550.6459687265464,554.713888571281,35788600
2024-08-27,553.1183471679688,553.6108309182116,549.9270620852188,551.0794572278462,32693900
2024-08-28,549.9072875976562,553.2069644594469,546.6962842536592,552.7735763985828,41066000
2024-08-29,549.9564819335938,555.2063746094201,548.8040869961412,551.887039533177,38715200
2024-08-30,555.2064208984375,555.7186231878466,548.7647556974438,552.340192195133,62700100
2024-09-03,543.78076171875,552.3795069769291,541.2493885534014,552.0445916444628,60600100
2024-09-04,542.6678466796875,546.0955142822328,541.2002547491184,541.9291210675773,47224900
2024-09-05,541.347900390625,545.4749160649053,538.875622679528,542.6086874774144,44264300
2024-09-06,532.2368774414062,543.3078994766953,531.33072442365,541.6728803282899,68493800
2024-09-09,538.1959838867188,539.4764895373146,534.5220749045959,536.46249184752,40445800
2024-09-10,540.5402221679688,540.8948561111164,535.2115751398666,540.1166934123364,36394600
2024-09-11,546.0855102539062,547.0113818470635,531.8429227025737,540.4515266019145,75248600
2024-09-12,550.6854248046875,550.9907622799467,544.430846031605,546.6667411644733,51819600
2024-09-13,553.5614624023438,554.5661482506139,551.0399486078251,551.2960497156297,39310500
2024-09-16,554.3790893554688,554.6449896789841,551.483282734757,553.2955891224333,36656100
2024-09-17,554.6055297851562,558.062774533223,552.3597755455934,556.6049820887653,49321000
2024-09-18,552.9607543945312,560.1411455135499,552.3993157299367,555.26554457798,59044900
2024-09-19,562.3966064453125,564.2680683514808,559.5402373625056,562.4261843206043,75315500
2024-09-20,561.4244384765625,562.4717038247719,558.3814171564327,561.0193897436827,77503100
2024-09-23,562.827392578125,563.4794987580368,561.2762433950409,562.5013997902016,44116900
2024-09-24,564.4378662109375,564.4971431139204,560.7822963882264,563.6277083354797,46805700
2024-09-25,563.1929321289062,565.0207470003917,562.0765003209592,564.2797556394728,38428600
2024-09-26,565.42578125,567.8068671978508,563.0546451370627,567.4808141228361,48336000
2024-09-27,564.6057739257812,567.3227423718845,563.5683980340395,566.5027553128888,42100900
2024-09-30,566.8682861328125,567.4808341729492,561.2565187412819,563.5683780406285,63557400
2024-10-01,561.7900390625,567.1646991347823,559.2015139106102,566.5126532309621,72668800
2024-10-02,562.0271606445312,563.0547073454915,558.4803154651253,560.8910099759402,38097800
2024-10-03,560.9996337890625,562.9558317101478,558.6976037139259,560.5451373731803,40846500
2024-10-04,566.09765625,566.4730967206212,561.2762673344769,565.475218643551,42939100
2024-10-07,560.9798583984375,565.0899243287395,559.8239287376792,564.4378181494166,49964700
2024-10-08,566.2853393554688,566.8880581569168,562.6891071231569,563.5683710395065,37398700
2024-10-09,570.2076416015625,570.7708022277346,565.672748297138,566.2754067507159,37912200
2024-10-10,569.2098388671875,570.6424343017676,567.5895231990827,568.8541774674673,44138100
2024-10-11,572.618408203125,573.3593995994619,568.9924468862521,569.1307797527231,42268000
2024-10-14,577.3014526367188,578.2400537803853,573.7545473576104,574.2386520785454,36217200
2024-10-15,572.8160400390625,577.8745366754565,571.5908835628732,577.5682626319184,54203600
2024-10-16,575.3056640625,575.8293268875105,572.005816398955,572.8159741665754,30725400
2024-10-17,575.3551635742188,579.07990006433,575.167443319496,578.8724007400444,34393700
2024-10-18,577.5681762695312,578.3585549441526,575.5823098994521,577.0544029951151,37416800
2024-10-21,576.6197509765625,577.8250680389981,573.6261167836691,576.8370795083325,36439000
2024-10-22,576.3135375976562,577.4793569502931,573.4088485997169,574.070784100358,34183800
2024-10-23,571.0474243164062,574.722772641486,567.5202983769775,574.2781657865612,49314600
2024-10-24,572.282470703125,573.0926285399634,569.644558193077,573.0135725724089,34979900
2024-10-25,572.0848388671875,577.4397799503068,571.1364085012576,574.5252018172647,47268200
2024-10-28,573.8533935546875,575.7108168113346,573.5471195231146,575.5823734785425,30174700
2024-10-29,574.7821044921875,575.9083655831134,571.4821962800153,572.885123103402,42899700
2024-10-30,573.0432739257812,576.3135137591064,572.3318907812009,574.3078679687578,41435800
2024-10-31,561.809814453125,568.715844657544,561.6122046859157,568.646678223919,60182500
2024-11-01,564.1809692382812,568.6368073209918,563.7660309249709,564.4576349818459,45667500
2024-11-04,562.9656982421875,565.6233895940205,561.0687772961523,564.319237599237,38217000
2024-11-05,569.7730102539062,569.8125080872711,563.6672482360568,563.884576772617,39478300
2024-11-06,583.9407348632812,584.8200591512631,578.3586356989562,582.122869688031,68182000
2024-11-07,588.455810546875,589.4833571706318,585.8771750583134,585.9562310221482,47233200
2024-11-08,591.0048217773438,592.4374171107561,589.0090657831266,589.0090657831266,46444900
2024-11-11,591.5679931640625,592.9610303908673,589.8291237873193,592.6053690098148,37586800
2024-11-12,589.7303466796875,592.0915933127267,587.2307068852001,591.4889348135927,43006100
2024-11-13,590.016845703125,592.0323205035678,587.813650678472,590.1946763941613,47388600
2024-11-14,586.2229614257812,590.6294119127012,585.5314177067058,590.1453071885351,38904100
2024-11-15,578.7142333984375,583.1107940523099,576.8469207592872,582.6365185919044,75988800
2024-11-18,581.08544921875,582.4093200141474,578.3092039992318,579.1785783846396,37001700
2024-11-19,583.2095947265625,583.9406965622665,577.0149478875358,577.6867728258052,49412000
2024-11-20,583.4071655273438,583.6936604621411,577.607678291141,583.2886117403912,50032600
2024-11-21,586.5391235351562,587.9717189391857,580.3938639302464,586.2724076420711,46750300
2024-11-22,588.3570556640625,588.9893827920057,586.0254172195599,586.5292407131672,38226400
2024-11-25,590.3528442382812,593.6428027871202,588.0508139658752,592.318931861111,42441400
2024-11-26,593.4353637695312,594.1071887666359,590.8863363525481,591.607548718168,45621300
2024-11-27,591.6371459960938,593.6328416785968,590.1057759445099,593.2475720089939,34000200
2024-11-29,595.3124389648438,596.1028176783489,592.1805324077891,592.4571378216023,30177400
2024-12-02,596.3795166015625,597.0612310941011,595.2334161464374,595.7274104076383,31746000
2024-12-03,596.6561279296875,596.9031250627299,595.1050389999714,596.1424148983427,26906600
2024-12-04,600.3610229492188,600.6080200567633,597.6836128967337,598.3554377930116,42787600
2024-12-05,599.3731079101562,601.1712543095007,599.0174465042294,600.3610964613101,28762200
2024-12-06,600.5093383789062,601.7542136421392,599.7288491068647,600.1437874272632,31241500
2024-12-09,597.4168701171875,600.558666264525,596.8241011467584,600.3907251065754,34742700
2024-12-10,595.5594482421875,598.5234137048745,594.8975128400896,598.0985858914665,37234500
2024-12-11,600.1635131835938,601.1218330792508,598.2270340236872,598.5036997474019,28677700
2024-12-12,597.0711059570312,599.8670699892645,597.0711059570312,599.2940800778147,31543800
2024-12-13,596.9525146484375,599.8374239971062,595.5693067171701,599.1162117354461,35904700
2024-12-16,599.5015258789062,600.4796851568691,597.9405474515993,598.7210366652528,43695200
2024-12-17,597.0315551757812,597.900989889001,595.6484074425919,596.9327804455652,55773500
2024-12-18,579.2379150390625,599.1260676649564,578.8525850593486,596.7252628946356,108248700
2024-12-19,579.0599975585938,585.8771418800329,578.8130004498754,584.2568263743534,85919500
2024-12-20,586.01513671875,590.5751556827481,575.8640332815654,576.716609074651,125716700
2024-12-23,589.5243530273438,590.1290398696646,582.5553885988357,585.7573730277389,57635800
2024-12-24,596.076904296875,596.1165955673065,590.2975285951272,590.8824302891231,33160100
2024-12-26,596.11669921875,597.2467510278158,592.8850063759046,594.2926551063172,41219100
2024-12-27,589.8416137695312,592.5875722637912,585.628530262738,592.349606135686,64969300
2024-12-30,583.1105346679688,586.5999783678407,579.3336317674779,582.7834446998471,56578800
2024-12-31,580.9891357421875,585.5095236812081,579.3435211584518,584.7858235548729,57052700
2025-01-02,579.5616455078125,585.9952616225524,575.4575923435457,584.2703854968423,50204000
2025-01-03,586.8081665039062,587.4524841165517,581.3360954279694,582.4265768189647,37888500
2025-01-06,590.1885375976562,594.4908658796807,588.4438157230102,591.0906669897693,47679400
2025-01-07,583.5169677734375,592.5577435625502,581.6830616942256,592.2305931115341,60393100
2025-01-08,584.3695068359375,585.4500653976103,580.1167928192344,583.5863907900373,47304700
2025-01-10,575.4476928710938,580.8602875756501,573.5245418299866,580.7908883545033,73105000
2025-01-13,576.3399047851562,576.6967632072416,570.352331124668,570.7687264554227,47910100
2025-01-14,577.1329345703125,579.9185236912625,573.3262632797856,579.2840683920101,48420600
2025-01-15,587.6309814453125,588.7808787490047,584.082061353333,585.2022507077428,56900200
2025-01-16,586.5008544921875,589.1872759074608,585.7969999803885,589.0088467012978,43319700
2025-01-17,592.3892822265625,594.1537892227647,590.4363626944013,591.7746725476055,58070600
2025-01-21,597.811767578125,597.8216903968008,593.4698083475514,595.4524359229735,42532900
2025-01-22,601.1723022460938,602.5403200370894,600.1016664737954,600.656799743693,48196000
2025-01-23,604.4535522460938,604.4535522460938,600.2603144924775,600.537850876753,41152100
2025-01-24,602.68896484375,605.4746144426255,601.5291447490314,604.5130086851335,34604700
2025-01-27,594.1637573242188,594.4809850060814,589.4748623340163,589.6433687414142,70361100
2025-01-28,599.2689819335938,600.1115743831343,592.0621119171008,595.4028342716128,44433300
2025-01-29,596.5825805664062,598.8824359394148,594.0150510945792,598.4759633815796,37177400
2025-01-30,599.7844848632812,601.3309319842132,595.5020019503173,598.7139095137852,39281300
2025-01-31,596.5924072265625,604.6617151174094,595.8290763300002,602.2230616784475,66566900
2025-02-03,592.57763671875,595.0757062127931,585.3608436126516,587.5219003161839,65857200
2025-02-04,596.5527954101562,597.0682373976618,592.0918837004701,592.6370941417676,33457800
2025-02-05,598.9715576171875,599.1202788798545,593.3805941197304,595.4226979994195,30653100
2025-02-06,601.0533447265625,601.1822203511523,597.3953946627929,600.726194256066,35771500
2025-02-07,595.5515747070312,602.8476293093627,594.8377973519179,601.6184099530446,50788500
2025-02-10,599.5960693359375,600.2404474451814,597.5044119428333,598.7832453434885,26048700
2025-02-11,600.0521850585938,600.5973955759445,597.197196325744,597.3161491475298,30056700
2025-02-12,598.1190795898438,599.2987454315366,593.3112318639063,593.9952408058122,45076100
2025-02-13,604.4337158203125,604.6419134904336,597.9604684697639,599.2293186121958,40921300
2025-02-14,604.4039916992188,605.6827646257742,603.7794592105552,604.6418973129976,26910400
2025-02-18,606.1784057617188,606.1784057617188,603.0954346706795,605.5737189248886,26749000
2025-02-19,607.6058959960938,607.9032780036847,604.2651736833511,604.7806761664997,31011100
2025-02-20,605.078125,606.3668208452111,601.7473251371486,606.2280223913441,36554000
2025-02-21,594.728759765625,604.9987554556133,594.2628108513653,604.8599570126433,76519800
2025-02-24,592.0224609375,597.7919137798638,591.3086836297409,596.7906772884849,50737200
2025-02-25,589.0782470703125,592.6965662998072,584.4389061860617,591.9630038380435,58266500
2025-02-26,589.3756713867188,594.3719315476118,586.718957724097,590.7536120583931,43321600
2025-02-27,579.9680786132812,592.8254489982988,579.571589429075,591.665568384651,74196700
2025-02-28,589.0187377929688,589.5540253826259,577.3807252129548,580.4736189631635,88744100
2025-03-03,578.69921875,592.1513529367862,574.8628395664972,591.0013951605243,74249200
2025-03-04,571.8493041992188,580.3052405478704,567.2793617823376,574.6745850300975,109648200
2025-03-05,577.995361328125,579.7995595159383,568.1020700009266,571.6806979232716,71230500
2025-03-06,567.7352905273438,575.1304520011837,565.1677614238747,570.481188331108,80094900
2025-03-07,570.9173583984375,572.374620972555,560.7167623995564,565.9410048616534,81158800
2025-03-10,555.710693359375,564.5928260670291,550.7640472991095,562.6598126082816,99326600
2025-03-11,551.0911254882812,559.1208032031337,547.2250381485285,554.5409384975098,88102100
2025-03-12,554.0155639648438,558.2187249887419,548.8805655060252,557.2868875538214,69588200
2025-03-13,546.6301879882812,554.2533928238977,544.9053118169562,553.6387831652644,74079400
2025-03-14,557.9212646484375,558.9324239905063,546.6995862320014,551.2794507149214,62660300
2025-03-17,562.2236328125,564.7613936613525,557.4652782790344,557.9014587611023,49008700
2025-03-18,556.1468505859375,560.1121055231899,554.203853884888,559.8939850390469,66041400
2025-03-19,562.2037963867188,565.9906223374012,556.7515705240334,557.9411591768904,66556000
2025-03-20,560.5780029296875,565.6138937221895,557.7130916703615,558.4367918514132,62958200
2025-03-21,560.762939453125,561.6677826377718,554.8469278493619,556.0897976294804,83763000
2025-03-24,570.8053588867188,571.86926269199,566.9474862667257,567.5440394813636,58766800
2025-03-25,572.177490234375,573.1220227068575,570.4175672260229,572.0183689196199,38355700
2025-03-26,565.3466796875,573.0425195248911,563.9546412826954,571.9090077398645,51848300
2025-03-27,563.8452758789062,567.6434930945948,561.717468314772,563.944681183511,42164200
2025-03-28,552.4904174804688,563.0399428035041,551.903816900767,562.304173568215,71662700
2025-03-31,556.1991577148438,557.5116354900671,543.750554530121,546.6936920279248,95328200
2025-04-01,557.7700805664062,559.7288748312798,550.5216860996894,554.270200650382,54609600
2025-04-02,561.2999267578125,564.1833483830226,551.645291964534,551.883913264606,76014500
2025-04-03,533.6385498046875,544.844221821506,533.6385498046875,542.0005504953318,125986000
2025-04-04,502.3977966308594,522.8703441644736,502.17905033414394,520.6828811973194,217965100
2025-04-07,501.5029296875,520.1857262659767,479.0517131179981,486.3995737800916,256611400
2025-04-08,493.64801025390625,521.9854113898446,486.36975741253633,518.8832132196871,165816600
2025-04-09,545.4906005859375,545.4906005859375,490.23757127668296,490.62536123459006,241867300
2025-04-10,521.5877075195312,530.4568090591443,506.41474390850067,529.1343786533849,162331200
2025-04-11,530.894287109375,533.3700738725757,517.1034096020134,520.0266416001656,97866300
2025-04-14,536.0447387695312,541.1753390049968,530.8147332303623,540.9466097072813,68034000
2025-04-15,534.5433349609375,540.1312723398183,533.7479104814203,536.5915818220184,56892900
2025-04-16,522.6614990234375,534.8217778198467,517.3221354783915,528.6471791077158,83484800
2025-04-17,523.4072265625,528.1400842911512,520.9214870568637,524.6302516664327,79868100
2025-04-21,510.94873046875,518.7241309058172,505.55963388256157,518.1871723342323,69368100
2025-04-22,524.2424926757812,526.2807870532888,516.2284704641588,517.1730636694438,75948100
2025-04-23,532.3658447265625,542.3187554782935,530.8346510289886,537.3472764364299,90590700
2025-04-24,543.5715942382812,544.3073634486632,532.3957187263146,533.6584331737259,64150400
2025-04-25,547.4990844726562,547.9067190711562,540.5887161390857,543.5318537188763,61119600
2025-04-28,547.7078247070312,550.3924355414467,541.9111238077456,548.2447832861145,47613800
2025-04-29,551.1580810546875,552.2816402164788,545.4209745990806,545.7789065390313,47775100
2025-04-30,551.3768310546875,553.3455782199762,538.4311395978207,544.4466177046888,93101500
2025-05-01,555.2843627929688,560.8524558505887,554.6778569018302,557.1735491438936,63186100
2025-05-02,563.527099609375,565.1378539569648,559.1720791327064,561.5086499974077,60717300
2025-05-05,560.2955932617188,563.4176964006293,558.4959204283713,559.3609528534779,38659200
2025-05-06,555.6124877929688,560.1365216016732,553.7830174830004,554.747455291201,48264700
2025-05-07,557.9490966796875,560.6038493983164,552.8681991631311,556.9548009077818,55588000
2025-05-08,561.8367919921875,567.0568450320475,558.4959726115572,562.0157579568283,65130800
2025-05-09,561.1209106445312,564.2628586264095,559.5499063100929,563.2486575047216,37603400
2025-05-12,579.66455078125,579.6745034500635,573.7484781026347,578.1532016097033,78993600
2025-05-13,583.4926147460938,585.7198277838014,579.5154312681863,580.0821265092247,67947200
2025-05-14,584.2383422851562,585.6203674349406,582.1999871834588,584.4570582487896,66283500
2025-05-15,587.0919189453125,587.5989588253952,581.7624473439984,582.2198452585625,71268100
2025-05-16,590.810546875,591.108823462645,585.9186287766337,587.8773622746659,76052100
2025-05-19,591.4568481445312,592.1429146923263,584.7453513153635,584.7453513153635,68168500
2025-05-20,589.46826171875,590.661428858583,586.2368002538279,589.7069436963179,60614500
2025-05-21,579.5352783203125,589.1998657689248,578.5012324590923,585.0834662873492,95197700
2025-05-22,579.7639770507812,583.2738097421649,578.0935066667054,579.3363764431303,70860400
2025-05-23,575.806640625,578.4912514897796,572.3166525694867,572.6944898379297,76029000
2025-05-27,587.7780151367188,587.9370757702034,575.1305403861026,582.7269752337963,72588500
2025-05-28,584.3775024414062,589.3887925532393,583.6417331947018,588.1856726822466,68445500
2025-05-29,586.6842651367188,589.8163213976459,582.7269869994868,589.6771054111595,69973300
2025-05-30,586.028076171875,587.7581413312192,579.9131321005323,585.5706782096897,90601200
2025-06-02,589.3291015625,589.4086015340318,581.7227142099362,584.4073250806647,61630500
2025-06-03,592.6898193359375,593.6741624833163,588.4739541013344,588.961210027987,63606200
2025-06-04,592.5307006835938,594.5391976596761,592.0932080953481,593.5548545078736,57314200
2025-06-05,589.6671142578125,595.5831864273371,587.6785226503756,594.2210060312028,92278700
2025-06-06,595.722412109375,597.4027744725131,593.455388510206,595.2451088486548,66588700
2025-06-09,596.2593383789062,597.8203901729,595.0761238694207,596.2990883662742,53016400
2025-06-10,599.639892578125,600.027621795065,595.6726622807697,596.7961606362574,66247000
2025-06-11,597.9297485351562,601.608655383662,595.851704156038,600.7436228335788,73658200
2025-06-12,600.3060913085938,600.3060913085938,596.1002394800107,596.5874347137615,64129000
2025-06-13,593.5946044921875,598.4169149439988,592.083255426069,595.0860482220673,89506000
2025-06-16,599.2421875,601.0021104918266,596.7961979763596,596.9752246255282,79984100
2025-06-17,594.1216430664062,598.3175425273638,593.3560158231398,596.786348727835,82209400
2025-06-18,594.0321044921875,597.7905111811382,593.0676059775907,595.0264003245132,76605000
2025-06-20,592.636962890625,597.8026339141032,591.2208450851572,596.7256028572928,94051400
2025-06-23,598.49072265625,598.8795981212522,590.2535502615591,593.3948045851308,87426000
2025-06-24,605.1024169921875,606.1694051168853,601.7416782982235,602.65917852593,67735300
2025-06-25,605.4414672851562,606.9273380866383,603.8658185288903,606.2292612300843,62114800
2025-06-26,610.1783447265625,610.617130683572,606.6880212532993,607.306302256393,78548400
2025-06-27,613.2098999023438,614.6858494593505,609.1412239120898,611.1855439983277,86258400
2025-06-30,616.1417846679688,617.5079921128906,613.3395560055452,615.6731133088892,92502500
2025-07-01,615.9423828125,617.1191131155733,613.8182668389494,614.6559103723325,70030100
2025-07-02,618.734619140625,618.7744866384667,614.9052090235124,615.53347209637,66510400
2025-07-03,623.611083984375,624.5484875028751,620.7090954800537,620.7290596612153,51065800
2025-07-07,618.9639892578125,622.3047639816969,616.1617605422166,621.6365725170731,74814500
2025-07-08,618.6249389648438,620.3900039601925,617.8071987595777,619.6320954349991,59024600
2025-07-09,622.3345947265625,622.9927431754923,619.1932795088373,621.0481832340878,66113300
2025-07-10,624.0897827148438,625.1368675729468,621.2875540464601,622.4742664500196,57529000
2025-07-11,621.8958129882812,623.1323749024951,619.8116254973129,621.0182411395347,63670200
2025-07-14,623.08251953125,623.4315275028133,620.0808318567448,621.437057113524,51898500
2025-07-15,620.419921875,626.1240780025647,620.340126016414,625.7850521197855,74317300
2025-07-16,622.494140625,623.0027403264891,616.3412163521633,622.0154871960257,88987500
2025-07-17,626.3035888671875,626.6626398066976,622.4542755061946,622.6736989062512,68885700
2025-07-18,625.8449096679688,627.7296380152247,624.7280110672211,627.5601250668279,65621600
2025-07-21,627.0316162109375,629.7939164140192,626.6028123652087,627.0316162109375,63375000
2025-07-22,627.121337890625,627.9889276793821,624.4587368446605,627.3606646093982,60046300
2025-07-23,632.4566040039062,632.4566040039062,627.9889485945137,629.8039240942028,70511000
2025-07-24,632.6659545898438,634.3912129187636,632.2371507469353,632.8454496264281,71307100
2025-07-25,635.3385620117188,635.8172763273444,633.0848614440556,633.3341702599237,56865400
2025-07-28,635.1790161132812,636.2759505305676,633.782862430909,635.7175012309004,54917100
2025-07-29,633.503662109375,636.9042074633194,632.5862227401361,636.5850848856694,60556300
2025-07-30,632.7058715820312,635.9169397338984,629.7939009526881,634.1617960302962,80418900
2025-07-31,630.3324584960938,638.0809348105399,629.0260827850975,637.6920593309911,103385200
2025-08-01,620.0010375976562,624.6083202058907,617.5777633723885,624.5683918435021,140103600
2025-08-04,629.4249267578125,629.4747763447384,623.8504160518278,623.9401331350132,73218000
2025-08-05,626.2337646484375,630.8609506236863,625.3063432085271,630.0432104487703,68051400
2025-08-06,631.030517578125,631.6886660273483,626.3933495625395,627.310788901774,64357500
2025-08-07,630.501953125,635.2188561282265,627.3706199993678,634.4809118212801,74205800
2025-08-08,635.4183349609375,635.8870671683993,631.9878433436463,632.3069659204185,64051600
2025-08-11,634.1618041992188,637.1834561323586,632.9052780831173,635.6975853928571,58742300
2025-08-12,640.9131469726562,641.0726778368414,635.0294344517399,636.5252873774225,64730800
2025-08-13,643.1070556640625,644.4034493171588,640.9031438473124,643.1269589799253,60092800
2025-08-14,643.1668701171875,643.8350006749072,640.5641007895744,641.0128079474052,59327500
2025-08-15,641.6610717773438,644.3037696191185,640.7436323612244,644.2040095711507,68592500
2025-08-18,641.5214233398438,642.2195001872421,640.40452473057,641.0826373957427,43804900
2025-08-19,638.0410766601562,642.3291760201543,636.714736747966,641.341922870885,69750700
2025-08-20,636.3457641601562,637.89146660832,631.2000571048222,637.6322365737963,88890300
2025-08-21,633.7928466796875,636.2061389257788,632.057667095043,634.5208697964243,54805800
2025-08-22,643.52587890625,644.7125912923959,635.4881651988852,635.9967649167205,84083200
2025-08-25,640.6936645507812,643.505875096025,640.5740011970607,642.2593311060981,51274300
2025-08-26,643.3762817382812,643.7253506035642,639.7962411945653,640.4245042856638,51581600
2025-08-27,644.8422241210938,645.580168455503,642.6383123424215,642.7879219740594,48341100
2025-08-28,647.1258544921875,647.6843037743214,643.5557962693775,645.4505066457858,61519500
2025-08-29,643.2666015625,646.04892693251,641.361908969664,645.6798938838932,74522200
2025-09-02,638.4998168945312,638.7191794281234,633.1645719217177,635.7374558444352,81983500
2025-09-03,641.960205078125,642.4289372924937,638.6893051342267,640.8931560649971,70820900
2025-09-04,647.3253173828125,647.3552636551144,641.7308424389964,642.6382997027142,65219200
2025-09-05,645.4505004882812,650.4067910780432,641.551337641252,649.6787679935875,85178900
2025-09-08,647.0361328125,648.0433501046099,645.4405199703039,646.826691508285,63133100
2025-09-09,648.531982421875,649.0604854255209,645.4305347021028,647.1756962960839,66133900
2025-09-10,650.4067993164062,652.7402956265305,648.8311506393708,651.8128741836446,78034500
2025-09-11,655.8118286132812,656.5099054682547,651.7830200765693,652.3713547945198,69934400
2025-09-12,655.5924072265625,657.2877193463212,655.0838683704039,655.7818843611192,72780100
2025-09-15,659.0827026367188,659.2123480846643,657.5170969033588,657.8162552961535,63772400
2025-09-16,658.1752319335938,659.9503398052897,657.3874380375795,659.6411384615709,61169000
2025-09-17,657.3575439453125,659.8904996422112,652.4910309141978,658.1852662695255,101952200
2025-09-18,660.4290161132812,663.0517496492283,658.4445277353276,660.0600439458431,90459200
2025-09-19,663.7000122070312,664.5499877929688,660.3699951171875,662.3300170898438,97945600
2025-09-22,666.8400268554688,667.2899780273438,662.1699829101562,662.2000122070312,69452200
2025-09-23,663.2100219726562,667.3400268554688,661.97998046875,666.719970703125,81708900
2025-09-24,661.0999755859375,664.6099853515625,659.6699829101562,664.510009765625,68082200
2025-09-25,658.0499877929688,659.4099731445312,654.4099731445312,657.9400024414062,89622100
2025-09-26,661.8200073242188,662.3699951171875,657.8800048828125,659.510009765625,69179200
2025-09-29,663.6799926757812,665.280029296875,661.8599853515625,664.3599853515625,73499000
2025-09-30,666.1799926757812,666.6500244140625,661.6099853515625,662.9299926757812,86288000
2025-10-01,668.4500122070312,669.3699951171875,663.0599975585938,663.1699829101562,72545400
2025-10-02,669.219970703125,670.5700073242188,666.780029296875,670.4500122070312,56896000
2025-10-03,669.2100219726562,672.6799926757812,668.1599731445312,669.989990234375,70494400
2025-10-06,671.6099853515625,672.510009765625,669.4600219726562,671.6199951171875,54623300
2025-10-07,669.1199951171875,672.989990234375,667.6699829101562,672.5399780273438,72020100
2025-10-08,673.1099853515625,673.2100219726562,669.4199829101562,670.25,60702200
2025-10-09,671.1599731445312,673.9400024414062,669.2100219726562,673.530029296875,66501900
2025-10-10,653.02001953125,673.9500122070312,652.8400268554688,672.1300048828125,159422600
2025-10-13,663.0399780273438,665.1300048828125,659.77001953125,660.6500244140625,79560500
2025-10-14,662.22998046875,665.8300170898438,653.1699829101562,657.1699829101562,88779600
2025-10-15,665.1699829101562,670.22998046875,658.9299926757812,666.8200073242188,81702600
2025-10-16,660.6400146484375,668.7100219726562,657.1099853515625,666.8200073242188,110563300
2025-10-17,664.3900146484375,665.760009765625,658.1400146484375,659.5,96500900
2025-10-20,671.2999877929688,672.2100219726562,667.27001953125,667.3200073242188,60493400
2025-10-21,671.2899780273438,672.989990234375,669.97998046875,671.4400024414062,56249000
2025-10-22,667.7999877929688,672.0,663.2999877929688,672.0,80564000
2025-10-23,671.760009765625,672.7100830078125,667.7999877929688,668.1199951171875,65409199
