Date,Close,High,Low,Open,Volume,Symbol,Return,MA20,Volatility20
2020-10-26,272.03350830078125,276.7182096470231,268.4351127971686,273.8860593572563,38421100.0,QQQ,,,
2020-10-26,316.4000244140625,319.74683746079165,312.8853827916075,318.95441004602804,91473000.0,SPY,,,
2020-10-27,274.15771484375,274.9821531368368,271.77171885166905,273.0326035825386,30559100.0,QQQ,0.007808620916729403,,
2020-10-27,315.3092956542969,317.080585746798,315.0948653963875,316.7449854652139,65994100.0,SPY,-0.0034473093413489586,,
2020-10-28,263.4690856933594,270.2585257625643,263.2168970189138,269.64747142039835,53413500.0,QQQ,-0.03898715437018563,,
2020-10-28,304.5323181152344,315.3372174361068,304.03822102637105,309.6038191727914,127094300.0,SPY,-0.03417906699102935,,
2020-10-29,268.07635498046875,271.0830850052984,264.3227375888688,264.7883101086615,43246300.0,QQQ,0.017486944530834103,,
2020-10-29,307.62744140625,310.81575753836887,303.06867225462327,304.765393806988,90597700.0,SPY,0.010163529802588833,,
2020-10-30,261.2771301269531,266.9608487678682,259.0366166449959,266.0879264345736,65838300.0,QQQ,-0.02536301589900014,,
2020-10-30,304.42041015625,307.35702560570274,300.7473008041244,306.0425346339721,120287300.0,SPY,-0.010425049323752655,,
2020-11-02,261.859130859375,265.2926279027856,258.9396608651883,263.67287734493533,39987400.0,QQQ,0.002227522677316074,,
2020-11-02,307.8325500488281,309.8462084877659,305.0730373948067,307.8325500488281,86068300.0,SPY,0.011208643634724735,,
2020-11-03,266.3886108398437,268.493350964964,262.69321677651993,263.77952280253584,43604100.0,QQQ,0.01729739179078371,,
2020-11-03,313.2675170898437,315.3371366859289,307.9163505410987,311.08603077780833,93294200.0,SPY,0.017655595680682534,,
2020-11-04,278.27978515625,280.0838223714743,273.3913794639958,275.05964325423105,75728200.0,QQQ,0.04463844861428945,,
2020-11-04,320.26885986328125,324.3708013943451,316.5864185914475,317.770379479061,126959700.0,SPY,0.02234940551282749,,
2020-11-05,285.53485107421875,286.5047713733675,283.2167273514363,284.7007042251492,52054200.0,QQQ,0.026071120882514398,,
2020-11-05,326.5149841308594,328.3329039075465,325.2284597904764,325.58272341467915,82039700.0,SPY,0.019502752375752497,,
2020-11-06,285.7481994628906,286.47563967283946,281.1119817088013,284.8752771308756,40959800.0,QQQ,0.0007471886106695802,,
2020-11-06,326.44049072265625,327.69904866845604,324.10050668381683,326.2260604665925,74973000.0,SPY,-0.00022814698198736494,,
2020-11-09,279.9093017578125,290.1419788994685,279.4534380231656,288.69677749409635,86537100.0,QQQ,-0.020433716524035028,,
2020-11-09,330.5423583984375,339.6971654911377,330.07622803873187,339.3149351821384,172304200.0,SPY,0.012565437782245503,,
2020-11-10,274.8948669433594,278.03739972925734,272.1790719237779,276.5922277307391,69024900.0,QQQ,-0.017914498671401047,,
2020-11-10,330.0576171875,331.12037969112043,326.76673774549005,329.544856684147,85552000.0,SPY,-0.001466502548375881,,
2020-11-11,281.0442199707031,281.51947162231846,274.8561214227025,277.4264052522999,36102900.0,QQQ,0.02236983576928986,,
2020-11-11,332.5094909667969,333.3391883318111,331.0085361992471,332.2577623282602,58649000.0,SPY,0.007428623523946687,,
2020-11-12,279.7249755859375,283.28459569065063,278.609573292505,282.01400261558,34414600.0,QQQ,-0.004694081183748033,,
2020-11-12,329.2838439941406,332.55608865324723,327.4659524226816,331.49329763734,67546200.0,SPY,-0.009700916997218423,,
2020-11-13,282.1789245605469,282.79968780168974,279.2109706129312,281.4418052112153,24806900.0,QQQ,0.008772720310258775,,
2020-11-13,333.842529296875,334.58832640287704,330.6821521807107,331.20421584497933,62892200.0,SPY,0.01384424224231151,,
2020-11-16,284.380615234375,284.6812881292035,281.2671500723911,281.87820453595083,30168400.0,QQQ,0.007802463196912912,,
2020-11-16,338.00982666015625,338.20559347455685,335.2316790566966,336.5275353075786,74541100.0,SPY,0.012482823479855076,,
2020-11-17,283.4786376953125,284.9044219328993,282.8384866499038,284.5746525336809,21843500.0,QQQ,-0.003171726519823226,,
2020-11-17,336.1919250488281,337.40388130288846,334.0663713105455,335.58596114697053,66111000.0,SPY,-0.005378250772442472,,
2020-11-18,281.3836364746094,284.5455869386125,281.2963471770887,282.9258361963525,28069600.0,QQQ,-0.007390331905555714,,
2020-11-18,332.1459045410156,337.0123074631445,332.1086061397919,336.4622769590578,70591300.0,SPY,-0.012034853327380968,,
2020-11-19,283.5853271484375,283.89570877581605,280.1615093703999,280.83075680460064,22718400.0,QQQ,0.007824515673379606,,
2020-11-19,333.54425048828125,333.9171490987625,330.16013940874217,331.5119288783694,59940900.0,SPY,0.004210035192810713,,
2020-11-20,281.6454162597656,284.25450381610545,281.55812699872547,283.50764636118333,25907300.0,QQQ,-0.006840660298536805,276.4525146484375,
2020-11-20,331.2601013183594,333.48821750475605,331.1855329986732,333.28311906270415,70417300.0,SPY,-0.006848114355375801,323.50008697509764,
2020-11-23,281.6551818847656,283.94417968052124,279.4049595909037,282.6444899762096,26875600.0,QQQ,3.467347393648623e-05,276.93359832763673,0.01920144704647647
2020-11-23,333.24591064453125,334.5138000241452,330.8313587818934,333.0781105421872,63230600.0,SPY,0.00599471327294987,324.3423812866211,0.013565236167727993
2020-11-24,285.61248779296875,286.1071567146077,280.9180761746602,282.7221140777269,24516800.0,QQQ,0.014050179661960538,277.50633697509767,0.019352416339357213
2020-11-24,338.61572265625,339.1657530390702,334.9519450408349,335.8096089274794,62415900.0,SPY,0.016113662134166873,325.50770263671876,0.013802924733153834
2020-11-25,287.3680114746094,288.00816248287106,285.7288436503381,286.679376286779,23326800.0,QQQ,0.006146522847114255,278.70128326416017,0.016750118643473384
2020-11-25,338.0936584472656,338.55978878288744,336.9935976832792,338.53182210076363,45330900.0,SPY,-0.0015417600957482458,327.18576965332034,0.010666490531480588
2020-11-27,290.0158996582031,291.1410108407256,288.93927265439135,289.33694355852936,17163100.0,QQQ,0.009214276042786684,279.7982604980469,0.016512554717585507
2020-11-27,339.0353088378906,339.5107425153413,338.01911949606887,339.19377724692663,28514100.0,SPY,0.0027851761400956576,328.7561630249023,0.010616714642108569
2020-11-30,290.6074523925781,290.9469303437233,285.9130427127646,290.33587595158434,27836200.0,QQQ,0.0020397251842818598,281.2647766113281,0.015010399019090848
2020-11-30,337.53436279296875,338.52255702297106,334.84014371693416,338.25219340899883,83872700.0,SPY,-0.00442710834475224,330.41186065673827,0.01023823229798587
2020-12-01,294.3320007324219,295.9614893032457,291.7811056527032,292.88682898291864,27521300.0,QQQ,0.012816424042740415,282.88842010498047,0.015077735069807013
2020-12-01,341.2260437011719,342.7735998433308,340.2098829744601,340.8065434655596,74231400.0,SPY,0.010937200223573917,332.08153533935547,0.010230060417886176
2020-12-02,294.7102966308594,295.0497746644868,291.31557549382376,293.1584181911478,23620000.0,QQQ,0.0012852693471867571,284.30450439453125,0.014868210569150053
2020-12-02,341.9439392089844,342.102407609276,339.529387204614,340.10738433573124,45927000.0,SPY,0.0021038707949303515,333.5153564453125,0.009817169213438242
2020-12-03,295.1273803710937,296.6792589428129,294.3999400655649,295.0207033341013,22828700.0,QQQ,0.0014152330101881994,285.1468841552734,0.011614421022540218
2020-12-03,341.8507385253906,343.2491298215101,340.7413458211083,341.84140681263983,62882000.0,SPY,-0.0002725612970633229,334.59445037841795,0.00890531926222924
2020-12-04,296.3300170898437,296.4755288035832,294.4968832526596,295.175809651773,19332100.0,QQQ,0.004074975074280784,285.6866424560547,0.010280301566728635
2020-12-04,344.7967224121094,344.7967224121094,342.3448715305177,342.4381033167671,50749900.0,SPY,0.008617749077935555,335.50853729248047,0.008165044763954635
2020-12-07,298.0080871582031,298.37666170088085,296.3301139611378,296.51440123247664,20851000.0,QQQ,0.005662842005812241,286.2996368408203,0.010309821562308212
2020-12-07,344.088134765625,344.58223185090435,342.81094202350715,344.02286968163634,48944300.0,SPY,-0.0020550881154765,336.3909194946289,0.008210319717228066
2020-12-08,299.0166931152344,299.317365995559,295.77716334686204,297.532716460866,18341500.0,QQQ,0.0033844918996974727,287.25500640869143,0.00883335900732749
2020-12-08,345.094970703125,345.66363609845934,342.7643188527253,342.81092050959734,42458900.0,SPY,0.0029260989722468267,337.1185501098633,0.007874801857571329
2020-12-09,292.2466735839844,299.0845996335578,291.1797553692577,298.8033440675616,48839300.0,QQQ,-0.022640941750502797,288.12259674072266,0.009472159235429992
2020-12-09,341.9998474121094,345.915325326866,341.1608184625429,345.756856938236,74098300.0,SPY,-0.00896890292173591,337.7156616210938,0.008228684247812113
2020-12-10,293.4202575683594,294.5453685880513,289.1235180497852,290.2098239723522,27519500.0,QQQ,0.004015730854974864,288.7413986206055,0.008327726719897746
2020-12-10,341.887939453125,342.9413700309111,339.743723006856,340.62005024527565,57735400.0,SPY,-0.0003272164003322864,338.18458404541013,0.008132189646070423
2020-12-11,292.7704467773437,292.8965411515516,289.4921114464137,291.76172138329946,26760400.0,QQQ,-0.0022146077997504676,289.39367218017577,0.008237819238436837
2020-12-11,341.48712158203125,341.89731861236754,338.65306921832496,340.1819621447532,57698600.0,SPY,-0.0011723662195715079,338.7947479248047,0.007731938432444075
2020-12-14,294.89453125,296.8440506274389,293.8955146776006,293.963386592522,28804800.0,QQQ,0.007255119142102862,290.0294525146484,0.00818199677803213
2020-12-14,339.9582214355469,344.75002707857266,339.7810896102844,343.66862960375323,69216200.0,SPY,-0.004477182446592232,339.1005325317383,0.0073098445308937676
2020-12-15,298.046875,298.046875,294.9625053529155,297.15453512734126,25709000.0,QQQ,0.010689732822910747,290.7127655029297,0.00830981306418957
2020-12-15,344.5543212890625,344.5543212890625,341.1329395328439,342.5126675313935,63865300.0,SPY,0.013519602009057552,339.4277572631836,0.00739919012224495
2020-12-16,299.6859741210937,300.4716071677364,297.3969469040032,298.4444773659384,25461900.0,QQQ,0.005499467562254168,291.52313232421875,0.008230598217038646
2020-12-16,345.094970703125,346.01789973177443,343.8830146707132,344.76867375400104,58420500.0,SPY,0.001569126783956154,339.87290954589844,0.0072462184260582525
2020-12-17,301.64520263671875,301.87797402861224,300.0836452167373,301.28633687434376,23730500.0,QQQ,0.006537604975911826,292.53621063232424,0.007904330198635725
2020-12-17,347.02471923828125,347.2298177334712,345.9153267120729,346.7450524040855,64119500.0,SPY,0.005591934681703492,340.6168502807617,0.006575727879926605
2020-12-18,300.73345947265625,302.59571930914933,298.35714310623587,302.2853377364645,41173400.0,QQQ,-0.003022568090235933,293.3936172485352,0.007964796157354988
2020-12-18,345.6390991210937,347.48348251320584,343.61682886083776,347.3149671344213,136542300.0,SPY,-0.0039928571089373754,341.22159271240236,0.006699329757379995
2020-12-21,300.1708984375,300.70530968561974,295.0015623349739,297.78054827043013,37095500.0,QQQ,-0.0018706300128449316,294.31989135742185,0.00771624202086589
2020-12-21,344.4032287597656,354.3273207303426,338.9449938903344,341.6975257603453,96386700.0,SPY,-0.0035756092539029893,341.87874908447264,0.0065143013915845045
2020-12-22,300.9871826171875,301.9102595258651,298.1595942389242,301.07463013569725,26176300.0,QQQ,0.0027193981293207603,295.28649139404297,0.007681208945657804
2020-12-22,343.8228454589844,344.843337922766,342.6900093950238,344.73099432258715,47949000.0,SPY,-0.0016851854231194618,342.4075958251953,0.006490721254817938
2020-12-23,299.4712219238281,301.3951257099304,299.31574985923913,301.0356095338715,21201300.0,QQQ,-0.005036628736737492,295.97942810058595,0.007464850975062255
2020-12-23,344.1317749023437,346.05104449361977,343.80408706266854,344.7964934994354,46201400.0,SPY,0.0008985134275965034,342.6833984375,0.005516607402826021
2020-12-24,300.79266357421875,301.239627187365,299.6558168283287,299.7335380271648,16785000.0,QQQ,0.00441258309196324,296.6506607055664,0.007429014168119771
2020-12-24,345.47052001953125,345.49860591081483,344.0193680171984,344.6091717341536,26457900.0,SPY,0.0038902107123570673,343.05224151611327,0.0055277773670376045
2020-12-28,303.82440185546875,304.3005444464445,301.5701007997822,303.4065872508198,22497700.0,QQQ,0.010079162986307066,297.34108581542966,0.007473690696827088
2020-12-28,348.4384155273437,348.8316180275012,347.40855183615247,348.0358129674166,39000400.0,SPY,0.00859087920915691,343.52239685058595,0.005768447767826318
2020-12-29,304.096435546875,305.7774496980875,303.1927818355016,305.15556134621625,25871900.0,QQQ,0.0008953648546492499,298.01553497314455,0.007480609781331874
2020-12-29,347.77374267578125,350.1517868754694,347.1839102280351,349.97389999212953,53680500.0,SPY,-0.001907576265827382,344.03436584472655,0.005661365357867327
2020-12-30,304.10614013671875,305.5830803872062,303.4842518291872,305.2624396152561,18138100.0,QQQ,3.19128694366011e-05,298.5042419433594,0.007069408240628258
2020-12-30,348.2699279785156,349.309163326104,347.87672541470425,348.59761582943503,49455300.0,SPY,0.001426747456310773,344.3865600585938,0.005209266073515275
2020-12-31,304.85430908203125,305.34014818219555,302.9304052234706,304.0089537922679,21611400.0,QQQ,0.002460223081901969,299.01144256591795,0.007071023691520803
2020-12-31,350.0394287109375,350.7696906226059,347.5584125092189,348.0733301574872,78520700.0,SPY,0.005080831246879969,344.7913345336914,0.00528341846387954
2021-01-04,300.5498352050781,306.3604825512733,296.5367987797349,306.1855579076332,45305900.0,QQQ,-0.014119773769688981,299.2825653076172,0.007909510647918653
2021-01-04,345.2739562988281,351.5092819858067,341.5571038998392,351.37819543116666,110210800.0,SPY,-0.013614101787500887,344.9624954223633,0.006233754922963998
2021-01-05,303.027587890625,303.2996862884848,299.5587188104118,299.5587188104118,29323400.0,QQQ,0.008244066026042551,299.61744384765626,0.008050150210007514
2021-01-05,347.6519775390625,348.7473845802602,344.58112922844174,344.6279581008829,66426200.0,SPY,0.00688734611126085,345.1052581787109,0.006126486962482651
2021-01-06,298.8299865722656,303.0470673140908,297.31417062463345,298.3052719278478,52809600.0,QQQ,-0.013852208465832683,299.6585388183594,0.008635660619365519
2021-01-06,349.7304077148437,352.9417139632321,345.58289548005973,346.1352704406905,107997700.0,SPY,0.005978479370357226,345.3873718261719,0.0062176399160066695
2021-01-07,306.0592041015625,306.89483310358713,301.46315563063246,301.4923047899295,30394800.0,QQQ,0.0241917406356027,300.01066436767576,0.01016143791386975
2021-01-07,354.9266052246094,355.6755816081708,351.9400140376987,352.1179009288276,68766800.0,SPY,0.014857722963576236,345.8789535522461,0.0069575434752489635
2021-01-08,309.9945678710937,310.3443875250699,306.15642621705047,308.3524289545988,33955800.0,QQQ,0.012858178145902954,300.89805908203124,0.008782097504115384
2021-01-08,356.9488525390625,357.1641682352384,353.0541127402017,356.3215627156096,71677200.0,SPY,0.005697649273638916,346.62640380859375,0.006565878673393044
2021-01-11,305.51519775390625,308.2067367945107,304.86416004596754,307.0310139941435,32746400.0,QQQ,-0.014449834227579506,301.50280609130857,0.009600926711353219
2021-01-11,354.542724609375,356.3121933540035,353.6345757978264,353.7562908815828,51034700.0,SPY,-0.006740819903389927,347.25914306640624,0.006844551515647672
2021-01-12,305.0293273925781,306.6422876057144,302.3863606896952,305.55401243157564,29266800.0,QQQ,-0.0015903312336019715,302.1157501220703,0.009587284560714504
2021-01-12,354.6175842285156,355.6380765572961,352.3612553180215,354.7299563854463,52547700.0,SPY,0.0002111441412966375,347.9156661987305,0.006819437042269382
2021-01-13,307.0892944335937,307.8860483008099,304.68924725093456,305.29168320189524,22898400.0,QQQ,0.006753340928311369,302.72548828125,0.009573721808520402
2021-01-13,355.57257080078125,356.5743201761585,353.7562732681172,354.54270695675297,45303600.0,SPY,0.002693003998499588,348.6963836669922,0.006652388615591162
2021-01-14,305.44708251953125,308.537012426932,304.97093998365733,307.5361849542858,23500100.0,QQQ,-0.005347669045550396,303.0954986572266,0.009485108386557988
2021-01-14,354.327392578125,356.8271519116291,353.99036178526615,356.3215771507239,49989100.0,SPY,-0.0035018961666587467,349.18503723144534,0.006211478351831105
2021-01-15,303.027587890625,306.1952687159274,301.7838408220294,305.2333166642086,35118700.0,QQQ,-0.00792115809045757,303.2625793457031,0.009643521999440838
2021-01-15,351.743408203125,353.50350553896874,349.8709386967397,352.6983573655993,107160000.0,SPY,-0.0072926463748643755,349.5174591064453,0.0065090577517593244
2021-01-19,307.4487609863281,307.9540230707426,304.2519308006086,305.34993211886086,24537000.0,QQQ,0.014590001941667818,303.5527572631836,0.01006347665300753
2021-01-19,354.5052490234375,355.04828112745787,352.7264088801036,354.21501856397003,51233300.0,SPY,0.007851862340281901,349.8914855957031,0.006612229568662596
2021-01-20,314.6003112792969,315.54284053256134,307.5459461163159,311.07314352444246,30728100.0,QQQ,0.023260950117430346,304.2460998535156,0.011166112280834646
2021-01-20,359.4111328125,360.25373828155864,356.41517050960914,356.80837306175,61836100.0,SPY,0.013838677431651014,350.58008728027346,0.007076974300683202
2021-01-21,317.1169128417969,317.86512410401656,314.56142384501385,315.9411904125108,25130600.0,QQQ,0.00799936132379031,305.0934005737305,0.011189450525625177
2021-01-21,359.7388000488281,360.4035472353348,358.8119368694988,359.972858716062,47840100.0,SPY,0.0009116780378060074,351.34686584472655,0.006961790818714127
2021-01-22,316.2035827636719,317.21410690070263,315.5136697825064,316.0772598332255,21609400.0,QQQ,-0.0028801052266191896,305.8542205810547,0.011261629514969606
2021-01-22,358.465576171875,359.6358696437213,357.49188400324584,357.8757436906056,52860500.0,SPY,-0.003539300950523794,352.0790023803711,0.007028328262280043
2021-01-25,318.8173828125,320.96481340814444,312.307155381188,319.5947433176896,39080600.0,QQQ,0.008266193652782361,306.82152862548827,0.011183849211472847
2021-01-25,359.8792419433594,360.2349871014211,354.327348891495,359.20515186913644,70402000.0,SPY,0.003943658374623293,352.8663757324219,0.007033663111852497
2021-01-26,319.2838134765625,320.42069029323125,317.95261876480964,319.5364593587717,25498100.0,QQQ,0.0014630026128055196,307.74608612060547,0.011186383113936823
2021-01-26,359.3175048828125,361.2461459790852,359.0834462199482,360.8342004467149,42665300.0,SPY,-0.0015609043119949595,353.55872497558596,0.007072803918435775
2021-01-27,310.38330078125,317.02957911880424,308.37191888016315,317.0198824966362,55264000.0,QQQ,-0.027876492072673953,308.0740310668945,0.013002669484382393
2021-01-27,350.5355834960937,356.06873314994533,348.288626276301,355.97510398003493,123351100.0,SPY,-0.02444056097290037,353.66358337402346,0.009034893664427982
2021-01-28,312.2196960449219,317.17526158448135,310.9662226644596,311.5881110450291,42836300.0,QQQ,0.0059165401587313315,308.4801940917969,0.013045920886604204
2021-01-28,353.55029296875,357.57609050684005,351.9212538321037,352.361256685765,94198100.0,SPY,0.008600295132918712,353.95241088867186,0.009201363877210069
2021-01-29,305.6511535644531,311.63669603615364,303.9021443147301,310.5289684322634,55259000.0,QQQ,-0.02103820663358691,308.5574447631836,0.01397954257169774
2021-01-29,346.4723815917969,352.6515363137359,344.787141992205,351.677844227635,126765100.0,SPY,-0.02001953192435546,353.86253356933594,0.010314690432879798
2021-02-01,313.2886047363281,314.37687994556484,307.069838420789,309.10064299039595,35646000.0,QQQ,0.02498747700706616,308.9791595458984,0.015027108093021645
2021-02-01,352.23956298828125,353.2787697068861,346.7625847217708,349.88960493835793,75817600.0,SPY,0.0166454289083251,353.9725402832031,0.010932424682212644
2021-02-02,318.3995361328125,319.5558356744679,316.0966633214835,316.261861678835,33930800.0,QQQ,0.016313811990659177,309.8716445922852,0.014905466176762498
2021-02-02,357.2203369140625,358.78386142826054,352.32384773866625,355.4414967055677,64450700.0,SPY,0.014140302365600377,354.56985931396486,0.01082485229811898
2021-02-03,317.13641357421875,320.84823232691764,317.07811524015733,320.47898977568013,24824500.0,QQQ,-0.0039670992424651885,310.5770858764648,0.014929191067773882
2021-02-03,357.501220703125,359.2332605872249,356.2185837542622,358.05359573948704,52427100.0,SPY,0.000786304025938156,355.062321472168,0.010758460447498269
2021-02-04,320.8870544433594,320.97450193800086,317.21411140206624,318.5356094009459,22350900.0,QQQ,0.011826585370219078,311.67993927001953,0.014558988067972747
2021-02-04,361.5645446777344,361.6113449923203,357.61363240590646,358.54049577902424,47142600.0,SPY,0.011365902378228876,355.6540283203125,0.01094358526953211
2021-02-05,321.9753112792969,322.9858650268445,320.19715301550707,321.8392917352962,22732000.0,QQQ,0.0033914014942899584,312.4757446289062,0.013735337998041197
2021-02-05,362.9875793457031,363.6991269229733,361.517712452326,363.4463538176044,48669800.0,SPY,0.003935769391429478,356.0570770263672,0.010517846786798955
2021-02-08,324.13238525390625,324.28785731678926,322.0238602675705,323.6659987185212,20462800.0,QQQ,0.006699501169945998,313.18263549804686,0.01356185111058081
2021-02-08,365.6089782714844,365.6557785722611,363.58670813187786,364.44802795313245,38365200.0,SPY,0.007221731747699023,356.4900833129883,0.010557774440660712
2021-02-09,324.0644836425781,325.32765374402766,323.1899493303581,323.1996756037342,17597500.0,QQQ,-0.00020948727870850892,314.11009979248047,0.012997140944617194
2021-02-09,365.3656005859375,365.9648045229271,364.354479656788,364.766396648948,35551100.0,SPY,-0.0006656775407910542,357.0312271118164,0.010401938677061467
2021-02-10,323.32598876953125,325.9592289401402,320.1680339581083,325.5025389043574,28068700.0,QQQ,-0.002278851618498834,315.0249328613281,0.013010932880253259
2021-02-10,365.2063903808594,367.2661179869432,362.7909176170096,367.11631701817225,59154400.0,SPY,-0.0004357558697994923,357.56066741943357,0.010407345851409757
2021-02-11,325.10406494140625,325.51218281505834,322.71374497648424,324.861145401992,22046100.0,QQQ,0.005499329573356526,315.92567138671876,0.012994892081009062
2021-02-11,365.7962951660156,366.7138155669804,363.3527360226122,366.29249847319824,42913300.0,SPY,0.00161526413746782,358.0718536376953,0.010403763513059253
2021-02-12,326.9212646484375,327.08643339844696,323.20944541797354,324.25884521942504,20346800.0,QQQ,0.0055895939269745565,316.99938049316404,0.012857407517460303
2021-02-12,367.6032409667969,367.8466425830375,364.9162231244043,364.9911379075693,50593300.0,SPY,0.004939759709597924,358.7356460571289,0.010362593421829573
2021-02-16,326.0370178222656,328.61195996106966,324.87099174082323,327.7180026781938,27080800.0,QQQ,-0.0027047699914007906,318.1498519897461,0.012665396698393987
2021-02-16,367.2849426269531,369.0357259033939,366.5640520342695,368.83909600133495,50972400.0,SPY,-0.0008658746832770348,359.5127227783203,0.010160462666144685
2021-02-17,324.4725341796875,326.15354834794044,320.81904386184914,323.053892135845,31360300.0,QQQ,-0.004798484702835171,319.00104064941405,0.012532726005259242
2021-02-17,367.369140625,367.62191370338655,364.5042362118772,365.52475715839137,52290600.0,SPY,0.00022924435029825219,360.1559173583984,0.010080479349604942
2021-02-18,323.0539245605469,324.41426841400585,319.06031084605536,320.87737439501245,32236200.0,QQQ,-0.004372048385318905,319.42372131347656,0.011647074136246773
2021-02-18,365.80560302734375,366.5545793175443,363.0156134888607,364.7476533030153,59712800.0,SPY,-0.004256039565534109,360.47564086914065,0.009752866775092094
2021-02-19,321.6449584960937,324.5308443974643,320.6247080843372,324.40452146675216,39157700.0,QQQ,-0.0043613959074164654,319.6501235961914,0.011605855036663417
2021-02-19,365.1595764160156,367.3597334193757,364.7101735265169,367.06950298187,83241000.0,SPY,-0.0017660380431073763,360.7466796875,0.009771458540791684
2021-02-22,313.3079528808594,318.51613432625743,313.10390874112846,317.2529643997557,47256900.0,QQQ,-0.02591990141619327,319.5053421020508,0.013042159806038893
2021-02-22,362.3509521484375,364.7757968427911,362.0794360573979,362.3790380494679,67414200.0,SPY,-0.0076914983173776985,360.9409484863281,0.00991147204713554
2021-02-23,312.3752136230469,314.04650182258564,302.19201230803463,308.02208328503855,97241900.0,QQQ,-0.0029770685654033624,319.1832336425781,0.01289136448636724
2021-02-23,362.79095458984375,364.1485063646974,355.9564525513784,360.1320514093147,107284100.0,SPY,0.0012142991174644013,361.08653411865237,0.00988155429452539
2021-02-24,314.9501647949219,315.2611090394534,307.0115382047302,309.7128033158876,58206300.0,QQQ,0.008243135369191856,318.96655120849607,0.013046125783725675
2021-02-24,366.7886352539063,367.21932376060425,360.7031100835053,361.6955165178724,72433900.0,SPY,0.011019240180842438,361.46009063720703,0.010143753136049486
2021-02-25,303.9701538085937,314.8529642147597,302.4251886449934,312.28774854888815,110182600.0,QQQ,-0.034862693256495825,318.64589385986324,0.013881615805049468
2021-02-25,357.9505615234375,366.89161908334,356.499409324203,365.5153530804865,146670500.0,SPY,-0.024095822173854198,361.8308395385742,0.010098297978894449
2021-02-26,305.2431335449219,310.07234778159307,302.0754517793243,306.90469566927345,104739800.0,QQQ,0.004187844498475757,318.2970657348632,0.01384192835388064
2021-02-26,356.106201171875,360.9933472345688,354.1120453484226,359.84179688986745,152701600.0,SPY,-0.005152556106387762,361.9586349487305,0.010028396714906114
2021-03-01,314.4254150390625,314.765508415278,308.93543791994523,310.2277571656376,49164500.0,QQQ,0.030081860933292015,318.7357788085937,0.014650508713559527
2021-03-01,364.7382507324219,365.9928301976005,356.302796696442,361.0026839459195,105348800.0,SPY,0.024240098970870205,362.8719284057617,0.010165797927281258
2021-03-02,309.38238525390625,315.1444308372609,309.1297690434191,315.06670961555807,48370000.0,QQQ,-0.016038874543680692,318.5404678344726,0.014051439303390112
2021-03-02,361.8922119140625,365.1971196546676,361.3866371159713,364.9630609518723,79595300.0,SPY,-0.00780296229595967,363.3545608520508,0.009855865677552401
2021-03-03,300.4040832519531,309.22690965210626,300.34578492301915,308.28438046331416,86301100.0,QQQ,-0.029020081394048214,317.64069519042965,0.014825950671984103
2021-03-03,357.0986328125,362.1636371265184,356.99563214374973,361.189973661977,119940200.0,SPY,-0.013245875273770191,363.34847564697264,0.009894824079666523
2021-03-04,295.4873962402344,303.20252481788265,291.6103794060493,300.034843864156,139131600.0,QQQ,-0.016366911389799732,316.55824432373043,0.015133422726757616
2021-03-04,352.6795959472656,359.51409730594685,348.166938181186,356.91136618185686,183433000.0,SPY,-0.01237483557534269,363.1073944091797,0.010272284369752268
2021-03-05,299.93768310546875,300.8413369058363,289.02575358934234,298.11092295852904,121523700.0,QQQ,0.015060834816847057,315.51077575683587,0.015321031723066278
2021-03-05,359.1676940917969,360.2256437904817,348.878484696464,356.199817756297,152039600.0,SPY,0.018396579272199842,362.9875518798828,0.010810555933220903
2021-03-08,291.4452209472656,301.27860158641573,291.0274063530844,299.3935431228174,88409800.0,QQQ,-0.02831408868093732,313.9842712402343,0.0162112480164914
2021-03-08,357.3794860839844,362.9594365096086,357.09862712207564,360.13201819714425,123149200.0,SPY,-0.004978755153172143,362.7071472167969,0.010811492580875465
2021-03-09,302.9400939941406,304.8446045678028,298.2274785672313,298.76188970226286,80391100.0,QQQ,0.039440938539029524,312.92465667724605,0.01887288900357328
2021-03-09,362.4820251464844,365.0472992498292,360.7406136330213,361.24618840423545,113633600.0,SPY,0.014277649560727523,362.55079956054686,0.011192777973357859
2021-03-10,302.0753479003906,307.5070259176589,301.38546462571725,307.2058080236493,76798100.0,QQQ,-0.002854511868497389,311.8251998901367,0.01886004855583822
2021-03-10,364.7382507324219,366.4422045047818,363.4181851334653,364.8412513922253,109899400.0,SPY,0.00622437922273722,362.5194320678711,0.011288820175335423
2021-03-11,309.0325927734375,310.80102484560626,305.9329364442492,306.826863926309,53484800.0,QQQ,0.023031488406465517,311.11053009033196,0.019762458039892766
2021-03-11,368.4363708496094,370.4211834677537,366.7605030526777,367.2192773978372,86245000.0,SPY,0.010139106906833506,362.6809310913086,0.0115139978089205
2021-03-12,306.5256042480469,309.2171719066868,302.57089641274695,304.97091315895346,69315600.0,QQQ,-0.008112375794706472,310.181607055664,0.0197223035351004
2021-03-12,368.9327087402344,369.0731382557075,366.2550907398119,367.0696105011765,64653600.0,SPY,0.001347146834283608,362.8377517700195,0.011512790980788569
2021-03-15,309.8002319335937,309.9654303200761,305.20421177246004,306.84635075049283,42955700.0,QQQ,0.010683047811226087,309.32555541992184,0.019868052968595222
2021-03-15,371.13275146484375,371.39489600309264,367.0320394531125,369.185367547899,73427200.0,SPY,0.005963262872846542,363.01422729492185,0.011535863794048234
2021-03-16,311.5006103515625,315.018110638386,310.062545473423,311.99617576403915,54925900.0,QQQ,0.005488628615143432,308.59873504638665,0.019947891929930323
2021-03-16,370.6646118164063,372.46216609264167,369.8875211655964,371.7506472869531,73722500.0,SPY,-0.001261380588454486,363.1832107543945,0.011538741160597145
2021-03-17,312.78326416015625,314.67804885985254,306.7394234587572,308.4593131670796,78258700.0,QQQ,0.004117660659303857,308.0142715454101,0.019983751938183063
2021-03-17,371.9285278320313,372.7336757902978,368.2210186283199,369.3725973528739,97959300.0,SPY,0.0034098642690256753,363.4111801147461,0.011556409326992067
2021-03-18,303.2025146484375,308.8771125419676,302.7458246468267,307.8957079388046,82718100.0,QQQ,-0.030630633443396338,307.0217010498046,0.02100877531615046
2021-03-18,366.5171508789063,371.4230112994617,365.8336892989774,369.3258548274589,115349100.0,SPY,-0.014549507628973446,363.4467575073242,0.012008205554458648
2021-03-19,304.2713928222656,305.8163579422789,300.8899412660484,303.03734225827503,78446200.0,QQQ,0.0035252945545900527,306.1530227661133,0.021054976477297767
2021-03-19,365.8389892578125,367.802125044602,363.6504017230037,366.2147039509197,113624500.0,SPY,-0.0018502861857012665,363.48072814941406,0.012008933587252548
2021-03-22,309.9773864746094,312.0496798022144,306.6695139328906,306.6695139328906,56194800.0,QQQ,0.0187529744397521,305.98649444580076,0.020814804808249526
2021-03-22,368.7602233886719,370.1503993662236,366.2992590398509,366.35561481385486,73778600.0,SPY,0.007985026792211913,363.80119171142576,0.01198096835668379
2021-03-23,308.62518310546875,312.39032385026144,307.80794578565343,311.0671861964831,53455400.0,QQQ,-0.00436226456555211,305.7989929199219,0.020826384055621774
2021-03-23,365.8577575683594,369.57738168580414,365.0687481292161,368.1214765299791,90686600.0,SPY,-0.007870875534353172,363.95453186035155,0.012141388149050124
2021-03-24,303.42010498046875,310.0358817527099,303.2741750592507,309.99695721014285,64803700.0,QQQ,-0.016865370714810535,305.22248992919924,0.021033855809781298
2021-03-24,363.9979248046875,368.9104795107674,363.9509712192673,367.2667027083642,97588600.0,SPY,-0.0050834859318907855,363.81499633789065,0.01193869906615446
2021-03-25,302.89471435546875,304.4124745420832,299.06149326560285,301.5715768731963,78729000.0,QQQ,-0.0017315616743123208,305.168717956543,0.019531712939421766
2021-03-25,366.0457153320313,366.84409847707457,360.59775078258417,362.55151347107545,116128600.0,SPY,0.005625830225385542,364.2197540283203,0.010597083640464735
2021-03-26,307.43817138671875,307.7592171726666,301.27969196684586,302.6806487235229,63519600.0,QQQ,0.015000119896176,305.2784698486328,0.019801393870593324
2021-03-26,371.9444580078125,372.3483505991138,366.59983248275023,367.2009702777949,114409100.0,SPY,0.016114770447266613,365.0116668701172,0.010988846551410858
2021-03-29,307.3506774902344,308.4014026993709,304.00387913412686,306.9031491317808,54608000.0,QQQ,-0.00028459021887139446,304.9247329711914,0.01854145114499399
2021-03-29,371.7565307617188,372.6676538345254,368.9668057792232,370.460290857603,108107600.0,SPY,-0.0005052562070698707,365.36258087158205,0.009698134510964702
2021-03-30,305.8037109375,306.3777217079324,303.09903441898047,305.3853686339055,44635700.0,QQQ,-0.005033229682025131,304.7457992553711,0.01823154264151256
2021-03-30,370.7703247070313,371.4466226295594,369.1640992252807,370.47914366616993,76262200.0,SPY,-0.0026528277866881833,365.80648651123045,0.009518866736015218
2021-03-31,310.4834289550781,312.04979302261273,307.2533746123098,307.5938975763433,55032500.0,QQQ,0.015303012521435955,305.24976654052733,0.017239407456725482
2021-03-31,372.2731628417969,373.8418081671427,371.3150861152096,371.34326399936833,112734200.0,SPY,0.004053285914812799,366.5652130126953,0.008897490507644608
2021-04-01,315.7759704589844,315.91216180067795,314.06364714131456,314.3166120925309,55685600.0,QQQ,0.017046131968196043,306.26419525146486,0.017004393937981917
2021-04-01,376.29339599609375,376.34978043348616,374.0109012264915,374.217548612949,99682900.0,SPY,0.010799148462940167,367.7459030151367,0.008405808244498028
2021-04-05,322.0804138183594,322.84901761975146,318.0234137554005,318.2666401756502,42172500.0,QQQ,0.01996492434244246,307.3713317871094,0.017214497168118643
2021-04-05,381.6943359375,382.2391465633513,378.8952373374197,378.9703688038174,91684800.0,SPY,0.014353002202202703,368.8722351074219,0.008064773677423307
2021-04-06,321.856689453125,323.8122098337646,321.0783470335804,321.7691314979376,33537200.0,QQQ,-0.0006946226955624191,308.8919052124023,0.015536461472967559
2021-04-06,381.4689331054688,382.5209456819821,380.792635211254,381.1307984909578,62021000.0,SPY,-0.0005905322945848335,370.0767074584961,0.007891913411623574
2021-04-07,322.63494873046875,323.4716629815184,320.4459111412636,321.3798921992555,32046400.0,QQQ,0.0024180304553125254,309.87664794921875,0.013268112576159152
2021-04-07,381.9104614257813,382.2579982742111,380.83967299184064,381.299921394875,55836300.0,SPY,0.0011574424074802803,371.0481292724609,0.00746480999299929
2021-04-08,326.0011901855469,326.1860446218569,324.6975002652227,325.4952899702743,29940800.0,QQQ,0.01043359210874062,311.07294006347655,0.01327966334773821
2021-04-08,383.7232360839844,383.7795918510456,382.2297509264768,383.1690519310872,57863100.0,SPY,0.004746595972876522,371.99737854003905,0.007434720663518449
2021-04-09,327.9761962890625,328.1805278447033,323.8997490942338,324.6391371689392,36664900.0,QQQ,0.006058278813005247,312.02012023925784,0.012513077039200671
2021-04-09,386.5129699707031,386.6820659409096,383.4790460028009,383.6011597225974,61104600.0,SPY,0.007270171895736199,372.9012084960938,0.007307512590996046
2021-04-12,327.5481262207031,327.9664684835225,325.6606870690051,326.93519097062205,25833000.0,QQQ,-0.0013051863921920148,313.0712463378906,0.012283845872396454
2021-04-12,386.6538696289063,386.9262462744944,385.30127392287335,385.9118138275653,56704900.0,SPY,0.0003645405695282822,373.78726654052736,0.007318422039111176
2021-04-13,331.3716125488281,331.83858817734085,328.86149978269617,329.0755401760041,30374000.0,QQQ,0.011673052055711342,314.14981536865236,0.012316714315366677
2021-04-13,387.79986572265625,388.4292101167042,386.1654908663117,386.5506077842819,56551000.0,SPY,0.002963881093055676,374.620622253418,0.007271580208795964
2021-04-14,327.3925170898437,331.741406895707,326.57527983856613,331.61492440014143,42564300.0,QQQ,-0.012007955142500637,314.9444107055664,0.01277660978051234
2021-04-14,386.4754638671875,388.8330902261772,385.93065315580645,387.7716753560826,61659900.0,SPY,-0.0034151684219919654,375.41116485595705,0.0073415256229848215
2021-04-15,332.3542785644531,332.743464569678,327.1103326492245,330.2722759519733,36342800.0,QQQ,0.015155390595710472,315.92296142578124,0.01308177374560722
2021-04-15,390.6271362304688,390.8995415703954,388.5794667521649,388.6264203401687,60229800.0,SPY,0.01074239570537916,376.3460952758789,0.007588461348679095
2021-04-16,332.74346923828125,332.95750966786864,330.8657387779686,332.8796605894419,40860100.0,QQQ,0.0011710114745902,317.40000915527344,0.010426687458694246
2021-04-16,391.9328002929688,392.54334029694746,390.49567070475,391.9233981087674,82037300.0,SPY,0.003342481720802981,377.616877746582,0.00644302847515257
2021-04-19,329.6982421875,332.3250693951394,327.7718784826539,331.1673390897639,34533100.0,QQQ,-0.009151876241936141,318.67135162353514,0.01087811555077265
2021-04-19,390.0072021484375,391.44433168646464,388.67341063742913,390.9934855036764,78498500.0,SPY,-0.004913082403646518,378.8252883911133,0.0066081079307145
2021-04-20,327.295166015625,330.32088808353404,325.3201688982717,329.0366752974596,38081800.0,QQQ,-0.0072887139340839235,319.53724060058596,0.01058355464737383
2021-04-20,387.1517639160156,389.89450719534887,385.66765206065935,388.78613872856624,81851800.0,SPY,-0.007321501286879029,379.74486541748047,0.006907325217793291
2021-04-21,330.0971984863281,330.28205295310937,324.92133279790824,326.01098248163305,36598100.0,QQQ,0.008561178904088473,320.61084136962893,0.010519185136875461
2021-04-21,390.8149719238281,391.0216192893647,386.3908435978229,386.5317616792458,66793000.0,SPY,0.009461943220300473,380.9927261352539,0.006624610538132312
2021-04-22,326.11798095703125,330.6906196303043,324.9602208753113,329.7080051279572,45936100.0,QQQ,-0.012054684340078392,321.74573516845703,0.010076585467937754
2021-04-22,387.2456359863281,391.48189292118855,386.1748476885306,390.6459298873599,97582800.0,SPY,-0.009133058336863509,382.1551116943359,0.006949100595639234
2021-04-23,330.2235717773437,331.5369703459741,326.7502922910538,326.7502922910538,36381900.0,QQQ,0.012589280751291732,323.11217803955077,0.010181449720649749
2021-04-23,391.4443054199219,392.8626591602239,387.7340835187797,387.809214989138,73209200.0,SPY,0.010842393156735186,383.42504119873047,0.007143167910913417
2021-04-26,332.3737487792969,332.6558997200105,329.71770577146503,330.46686209431977,30812000.0,QQQ,0.006511276558424983,324.3589569091797,0.009888028502595715
2021-04-26,392.2615356445313,392.83452424631287,391.51010619798046,392.1018705031073,52182400.0,SPY,0.0020877305233313326,384.4408950805664,0.006485785641357149
2021-04-27,330.933837890625,332.879649114078,329.98040939319577,332.66560869186924,33187200.0,QQQ,-0.004332204014186436,325.5381149291992,0.010019872524560068
2021-04-27,392.1769714355469,392.7593621762375,391.031022986436,392.5620883130966,51303100.0,SPY,-0.00021558119086406702,385.4619171142578,0.006478611278331914
2021-04-28,329.8150634765625,331.6149451298457,329.16320353202457,330.6031147927969,33615700.0,QQQ,-0.0033806588688348738,326.73868255615236,0.009950194199835454
2021-04-28,392.0642395019531,393.5765290480743,391.5945889925677,392.4493563594722,51238900.0,SPY,-0.00028745169095756307,386.52661285400393,0.006396880204999564
2021-04-29,331.001953125,333.5120365750974,327.77189932227594,333.0936942818684,37708900.0,QQQ,0.003598652032222427,327.7646087646484,0.009577319407555976
2021-04-29,394.5627746582031,395.1827167562843,391.1625096341873,394.8070020903783,78544300.0,SPY,0.006372769828291158,387.6410934448242,0.006441374572407403
2021-04-30,328.8323669433594,331.04088174272067,327.9178332687798,328.5502456857834,38263400.0,QQQ,-0.006554602355537509,328.4174285888672,0.009235629771949954
2021-04-30,391.9703063964844,393.1350591602017,391.0685854384391,392.280291787345,85527000.0,SPY,-0.006570483654887438,388.42493896484376,0.00649548082893389
2021-05-03,327.0811767578125,330.78794518001274,326.6336484395017,330.03881846341363,29729700.0,QQQ,-0.005325479975785141,328.66746673583987,0.008344661821233598
2021-05-03,392.815673828125,394.3561125001164,392.31784546480463,393.9709956658209,68128300.0,SPY,0.0021567129393356144,388.981005859375,0.005818118091185515
2021-05-04,321.1950378417969,324.8434334874728,317.37149664018153,324.52235804385026,65147000.0,QQQ,-0.017995957377804128,328.63438415527344,0.00934499347874975
2021-05-04,390.3923034667969,391.3128288285941,386.682081464695,390.8150004114941,101591200.0,SPY,-0.006169230310266283,389.4271743774414,0.006050345656059472
2021-05-05,320.1151733398437,324.11383135662226,319.3368606268205,323.2479309994616,46219300.0,QQQ,-0.003362021123393122,328.5083953857422,0.009353652479838014
2021-05-05,390.5143737792969,392.28026416898666,389.95078747075047,392.0454389291916,60162200.0,SPY,0.0003126862681870346,389.8573699951172,0.006053416481856789
2021-05-06,322.5279235839844,322.68359203255534,317.60502394946934,319.8524333612818,46814300.0,QQQ,0.007537131773442063,328.33473205566406,0.00919904109791296
2021-05-06,393.6329040527344,393.7643912958881,388.5700575548466,390.5895491108578,74321400.0,SPY,0.007985699074933406,390.3528533935547,0.006196845015535653
2021-05-07,325.14508056640625,327.5286815978448,322.7030778804188,325.3104579003348,53324500.0,QQQ,0.008114512856250089,328.19317626953125,0.009287208149818382
2021-05-07,396.497802734375,397.1553250152091,393.7174793153785,394.40317948452287,67733800.0,SPY,0.00727809756792297,390.85209503173826,0.006197247549152612
2021-05-10,316.9337158203125,323.93861784103126,316.7293842811351,323.7635019709254,60700500.0,QQQ,-0.02525446404352627,327.6624557495117,0.01082736172429721
2021-05-10,392.5715026855469,397.08013648406006,392.449388956533,396.8547133936928,81852400.0,SPY,-0.009902450963791276,391.1479766845703,0.0066844031291262585
2021-05-11,316.4958801269531,317.29366974835085,310.37629632881755,311.0378946218434,71963600.0,QQQ,-0.0013814740165025707,326.91866912841795,0.010369543265274327
2021-05-11,389.06781005859375,390.0634666996631,385.1697171338199,388.0251998395296,116888000.0,SPY,-0.008924979533625477,391.2113739013672,0.007001187982217932
2021-05-12,308.30401611328125,313.8787452278169,307.43811602861825,311.553516688166,91164900.0,QQQ,-0.025883003628312418,325.96424407958983,0.011463677819480347
2021-05-12,380.8020629882813,387.5462380172157,379.47764499537993,386.268802278505,134811000.0,SPY,-0.021245003715593014,390.9277038574219,0.008465900878939827
2021-05-13,310.6876525878906,313.664741174684,308.3137606873373,311.25195442972364,69877800.0,QQQ,0.007731448018936993,324.8809127807617,0.010955982704668478
2021-05-13,385.3763732910156,387.3207330396428,382.31424317473454,382.3612254189922,106394000.0,SPY,0.012012304415680353,390.66516571044923,0.00856051029858003
2021-05-14,317.5466613769531,318.46116529191266,313.35341107944174,313.85934097492924,44370000.0,QQQ,0.022076863151560655,324.12107238769534,0.012318353942283722
2021-05-14,391.2940368652344,392.1488043000285,388.10041888080025,388.12859676699367,82201600.0,SPY,0.015355543267179028,390.6332275390625,0.009248561767779414
2021-05-17,315.620361328125,317.52724830531,312.74056859043566,315.83440178306506,39395000.0,QQQ,-0.006066195249779249,323.41717834472655,0.012246636377010869
2021-05-17,390.29833984375,391.11555578967017,388.26944625098,390.1762547929354,65129200.0,SPY,-0.002544626106396053,390.6477844238281,0.00919791668079151
2021-05-18,313.4896850585937,317.79965031053763,313.2172726422136,316.5738092821899,36528500.0,QQQ,-0.0067507567020247405,322.726904296875,0.012235244225460047
2021-05-18,386.9356994628906,390.8056154288192,386.7760056623648,390.561387968672,59810200.0,SPY,-0.008615564140512455,390.63698120117186,0.009257066615339987
2021-05-19,313.8496398925781,314.15123827825875,307.7300548491621,308.0803163333002,66319100.0,QQQ,0.0011482190679326099,321.9145263671875,0.012006020969761942
2021-05-19,385.9212646484375,386.0997341638152,380.7269303289626,382.2204444134808,106467100.0,SPY,-0.0026217141914309794,390.39229583740234,0.008998619003924874
2021-05-20,319.9206237792969,320.77678569437313,315.1144961028114,315.33824545057166,46466100.0,QQQ,0.01934360634855814,321.60465850830076,0.012716073660755084
2021-05-20,390.0729064941406,391.3409685393417,386.6820437446114,386.8041287922076,78022200.0,SPY,0.01075774316163991,390.53365936279295,0.009103455367386415
2021-05-21,318.14990234375,321.895565534824,317.7899319853954,321.4772232097484,50330400.0,QQQ,-0.005534877416244477,321.00097503662107,0.012345954438290641
2021-05-21,389.7536315917969,392.81576259314926,389.2933831892121,391.56647597870926,76578700.0,SPY,-0.0008185005854759453,390.4491256713867,0.008766871742341285
2021-05-24,323.5008544921875,324.62942856480254,318.04283857061887,320.4459166194795,32475800.0,QQQ,0.01681896523939841,320.5573303222656,0.012912780195332318
2021-05-24,393.7267456054688,394.8069358381296,391.76358162505295,392.0078090162445,51376700.0,SPY,0.010193911465161465,390.5223861694336,0.0090597132858279
2021-05-25,323.9483642578125,325.738506918457,322.7711568481315,325.01856630785034,31280300.0,QQQ,0.0013833341068834049,320.208056640625,0.012904747320848967
2021-05-25,392.8532104492188,395.17328488500607,392.27084846103713,394.8163459463942,57451400.0,SPY,-0.0022186330138854737,390.55619812011724,0.009075903001888068
2021-05-26,325.0769958496094,325.54397159727523,323.9289742156288,324.6197289695356,25444900.0,QQQ,0.003483986080258905,319.97115325927734,0.012928994925143973
2021-05-26,393.6329040527344,394.1401059887192,392.4024219512265,393.4450323737221,43088600.0,SPY,0.001984694493457173,390.6346313476563,0.00908468043523655
2021-05-27,323.8608703613281,325.47589746697537,323.6565684675151,324.6294742161657,27931700.0,QQQ,-0.0037410382887993476,319.6140991210938,0.012906389832306842
2021-05-27,393.839599609375,395.182793416517,393.55779205638487,394.6661892338307,56707700.0,SPY,0.0005250972530816966,390.5984725952149,0.008970258784494693
2021-05-28,324.8823547363281,326.4779341466022,324.5613089573312,325.06720917265795,29927400.0,QQQ,0.0031540839554353717,319.4165985107422,0.012869422310798743
2021-05-28,394.54400634765625,395.6805525494972,394.3091810939177,395.41754941191766,58520200.0,SPY,0.0017885624984890214,390.7271575927735,0.008844482837086248
2021-06-01,323.8024597167969,326.69199063279353,322.4501066361482,326.2152466832024,31145400.0,QQQ,-0.0033239571302901005,319.2526626586914,0.012837872536312746
2021-06-01,394.1964721679688,397.0613288164666,393.7549995414101,396.9204393963293,54216600.0,SPY,-0.0008808502324103573,390.79619750976565,0.008838165721825067
2021-06-02,324.4348449707031,325.28126812701936,322.7128126764986,324.2208045422661,22047900.0,QQQ,0.0019529970663574314,319.4146530151367,0.012157800013583072
2021-06-02,394.81640625,395.6618001453896,393.8395537758684,394.8539863190647,49097100.0,SPY,0.0015726525369994526,391.01740264892584,0.008712588688556351
2021-06-03,321.058837890625,322.86842799809847,319.38543912368743,321.5939240774874,37057800.0,QQQ,-0.010405809155249579,319.46183624267576,0.012377802990727101
2021-06-03,393.35107421875,394.4970225992489,391.0122238732597,392.4869333407822,58138800.0,SPY,-0.0037114263947839454,391.1592376708985,0.00876586940071913
2021-06-04,326.507080078125,326.95460827874166,322.79057407507383,322.85868458341423,38736500.0,QQQ,0.016969606640624635,319.6607940673828,0.01284225567880294
2021-06-04,396.9485778808594,397.2491610574459,393.416797218941,395.21086543113086,55938800.0,SPY,0.009145783240212424,391.3250213623047,0.008822372519480062
2021-06-07,327.4800109863281,327.5383829435211,325.2812349629894,325.971989583587,32611900.0,QQQ,0.0029798156535236764,319.7775405883789,0.012736948335812355
2021-06-07,396.5635681152344,397.117752372502,395.6242669337236,396.9392828547992,51555000.0,SPY,-0.0009699235293407771,391.3283096313477,0.008678316618836229
2021-06-08,327.6357116699219,330.0971617427968,325.95257423000766,329.2312614747085,27282800.0,QQQ,0.000475450953860701,320.31264038085936,0.01121398417310402
2021-06-08,396.6480102539063,397.521553271491,394.8069883892223,397.4276174419765,47134300.0,SPY,0.00021293468553662542,391.5321350097657,0.008356933327152366
2021-06-09,327.7135314941406,329.7858252532999,327.5286770476892,329.0075126193008,21485300.0,QQQ,0.00023751935899207766,320.87352294921874,0.011196234960967806
2021-06-09,396.0562438964844,397.5685333473936,395.8308208390332,397.4933732181162,48436300.0,SPY,-0.0014919181292328831,391.8815567016602,0.008073874413700123
2021-06-10,331.12847900390625,331.23548438519754,327.60656492822005,328.0540932612399,33702100.0,QQQ,0.010420526409745445,322.01474609375,0.00924418134263878
2021-06-10,397.8973388671875,398.85544436779344,395.962380827997,397.2867988642733,51020100.0,SPY,0.004648569487480048,392.73632049560547,0.006188155296326084
2021-06-11,331.9943542480469,332.0040928067444,330.48636218631464,331.1381924230397,21222800.0,QQQ,0.002614922300689271,323.0800811767578,0.009195011448954417
2021-06-11,398.5547790527344,398.66749057896106,397.1552298267701,398.4514697087565,45570800.0,SPY,0.0016522859575252014,393.3952407836914,0.005742549199607799
2021-06-14,335.1756896972656,335.1853985627614,331.23540453269925,332.4223504529611,27827700.0,QQQ,0.00958249864346139,323.96153259277344,0.00823041886215021
2021-06-14,399.4471740722656,399.5504834285703,397.4182803625306,398.6675381475228,42358500.0,SPY,0.002239077452921956,393.80289764404296,0.0047668195835396734
2021-06-15,332.9866943359375,335.13680749008915,332.26672397158904,334.82547055905866,35963800.0,QQQ,-0.006530889407000973,324.82984924316406,0.008257191326247698
2021-06-15,398.7145385742188,399.6350353003225,397.831593252923,399.5974838955145,51508500.0,SPY,-0.0018341236228505142,394.2237075805664,0.004741258937837457
2021-06-16,331.77056884765625,334.52387880344645,328.30702707091285,333.4536766385596,55399500.0,QQQ,-0.003652174423084742,325.7438934326172,0.008097790526163476
2021-06-16,396.4883728027344,399.0808530066341,394.4313297696512,398.8554299159279,80386100.0,SPY,-0.005583357405137712,394.7013412475586,0.004454804500692449
2021-06-17,335.9832458496094,336.995076075878,330.71011366128914,330.75874706927146,59722700.0,QQQ,0.012697560897535487,326.85057373046874,0.008375666151433194
2021-06-17,396.35687255859375,397.3431272132893,393.8677304630149,396.0750937044504,90949700.0,SPY,-0.0003316622962006299,395.2231216430664,0.004379397589024205
2021-06-18,333.3466491699219,335.46757624382246,332.5974928588003,334.3195547661026,55414900.0,QQQ,-0.00784740522706806,327.521875,0.007849707023735194
2021-06-18,391.00982666015625,393.7521096496632,390.8025032330178,393.0547621033666,118676300.0,SPY,-0.01349048362381311,395.2699676513672,0.004954796103887139
2021-06-21,335.41845703125,335.73990501527265,331.317780709826,333.5385778555924,32992600.0,QQQ,0.0062151753032082535,328.385302734375,0.007687280931487886
2021-06-21,396.6075439453125,396.7960302660624,391.9616466044744,392.78150745768414,72822000.0,SPY,0.014316052701206061,395.61266326904297,0.005872739483130561
2021-06-22,338.5450439453125,338.9930913144533,334.91188600109143,335.21383419824747,28941600.0,QQQ,0.009321451603276465,329.13751220703125,0.007123324495070346
2021-06-22,398.7278747558594,399.5666014736376,395.872482504178,396.5981289361824,57700300.0,SPY,0.005346168631727322,395.8627197265625,0.005560178300788314
2021-06-23,338.710693359375,339.8600764767252,337.87303809139644,338.4866844843045,27188500.0,QQQ,0.0004892980033972538,329.87562866210936,0.007132175360389278
2021-06-23,398.2472534179688,399.6136784463433,398.1624432100536,398.8032506202832,49445400.0,SPY,-0.0012053868523359546,396.132421875,0.005537272272472901
2021-06-24,340.80487060546875,342.33408184340124,340.10356473052383,340.64902155268464,32581600.0,QQQ,0.006182790467355703,330.66202239990236,0.007182014297469742
2021-06-24,400.6032104492188,401.0272615121453,400.15086055645696,400.4053199531864,45110300.0,SPY,0.005915814888941329,396.4809371948242,0.005653942908450833
2021-06-25,340.38604736328125,341.61334019864825,339.7821508014881,341.3698316027529,28682800.0,QQQ,-0.001228923874953547,331.48828125,0.007090537077336352
2021-06-25,402.0262145996094,402.4785645361461,401.0273003205282,401.3571370184836,58129500.0,SPY,0.0035521536355009875,396.89026794433596,0.005684006922935152
2021-06-28,344.52557373046875,344.6619527648442,341.613221447999,341.6716611126856,39130300.0,QQQ,0.01216126923901073,332.470442199707,0.007412010629813014
2021-06-28,402.836669921875,403.0062903628767,401.34773145256673,402.55396918687217,53159600.0,SPY,0.002015926556114822,397.3049011230469,0.005685800384017679
2021-06-29,345.7723999023437,345.8016197400771,343.51266309224303,344.35031825737684,29426000.0,QQQ,0.003618965519379236,333.5689392089844,0.007263022681283586
2021-06-29,403.0534057617188,403.86383366669776,402.5162456336421,403.22302619406673,35970500.0,SPY,0.0005380241076013981,397.74774780273435,0.005669190451207781
2021-06-30,345.2268981933594,346.006143306796,344.6424717895723,345.6165058874968,32724000.0,QQQ,-0.001577632307085186,334.60854187011716,0.007340306855031538
2021-06-30,403.3926086425781,404.0711190670555,402.5633149283311,402.5915849977271,64827900.0,SPY,0.0008415829664514263,398.17655792236326,0.005668521635716842
2021-07-01,345.3633117675781,345.8697988480837,343.52237287035,344.8762946699196,29290000.0,QQQ,0.00039514178916144616,335.82376556396486,0.006657075116210192
2021-07-01,405.6260681152344,405.7862843626896,404.089993764296,404.1559668520113,53441000.0,SPY,0.0055366891331298795,398.7903076171875,0.005633302974106152
2021-07-02,349.32763671875,349.64905492288284,347.02890056965134,347.2626592635661,32727200.0,QQQ,0.011478708988752695,336.9647933959961,0.006175818091038434
2021-07-02,408.7265319824219,409.0846387735572,405.7109230918931,406.7946764100061,57697700.0,SPY,0.007643650423144521,399.37920532226565,0.005535911091372169
2021-07-06,350.8373718261719,351.1198500599315,347.23343348906945,349.93152717757766,38842400.0,QQQ,0.004321831280235555,338.1326614379883,0.006178283053408537
2021-07-06,407.9819946289063,408.9997747180713,405.2302784805173,408.78301833118127,68710400.0,SPY,-0.0018216026982744715,399.9501266479492,0.005558956860538291
2021-07-07,351.57769775390625,353.34069748536376,349.6198792694565,353.0387492258435,35265200.0,QQQ,0.0021101683776754143,339.3297607421875,0.0061473338705881255
2021-07-07,409.4237976074219,409.7065270611616,406.6438115789658,408.6699099153933,63549500.0,SPY,0.003533986787399801,400.588916015625,0.0055701210758994845
2021-07-08,349.4542236328125,350.3113784465743,345.21719883209107,346.50290132757027,50890000.0,QQQ,-0.006039843069283957,340.4167953491211,0.006476815494944118
2021-07-08,406.08782958984375,406.8511502532912,402.8837348812311,404.0711353616928,97595200.0,SPY,-0.008147958269823952,401.09049530029296,0.005950500166241774
2021-07-09,351.6361083984375,352.1133756611395,348.2854282547968,348.8698547403464,35184500.0,QQQ,0.006243692644326337,341.44217681884766,0.006297851564872046
2021-07-09,410.4227600097656,410.7243266256325,405.8899428637395,407.6050706376346,76238600.0,SPY,0.010674859239933943,401.7167663574219,0.006274435498357087
2021-07-12,353.0094909667969,353.46728823385445,351.4607504169473,353.03871080404883,25717700.0,QQQ,0.003905692662265592,342.49293365478513,0.006300010848521397
2021-07-12,411.892822265625,412.14728165569136,409.9044268961415,410.3379108909958,52889600.0,SPY,0.003581824399369049,402.38366851806643,0.00629058773967798
2021-07-13,353.0094909667969,355.98028341301904,352.1523361071857,352.62960335735625,39723000.0,QQQ,0.0,343.3846237182617,0.006142870679859555
2021-07-13,410.4886474609375,412.6089887556229,410.22478391684655,411.10118474983057,52911300.0,SPY,-0.003409078111543229,402.9357421875,0.006389514450327467
2021-07-14,353.6425476074219,355.99969334860083,352.8146127247129,355.3568273123265,35336400.0,QQQ,0.0017933133720886563,344.41741638183595,0.005760824309393511
2021-07-14,411.1012268066406,412.6844369921227,409.8478820337302,412.19438410369895,64130400.0,SPY,0.0014923173868319761,403.5550765991211,0.00634448147075975
2021-07-15,351.1587829589844,353.75946723264275,349.15227497712925,353.5549283830806,53391600.0,QQQ,-0.007023376189436159,345.38682708740237,0.006010525086687934
2021-07-15,409.6971435546875,410.4321942087509,407.7841252653317,409.7536837004635,55126400.0,SPY,-0.003415419756491067,404.21551513671875,0.00623374589187056
2021-07-16,348.31463623046875,352.9997383593709,347.9639684610152,352.0159543042861,47262000.0,QQQ,-0.008099318218812157,346.00339660644534,0.006018141655090435
2021-07-16,406.4836120605469,410.9316186479505,406.0878310715976,410.8845114498762,75874700.0,SPY,-0.007843675614281342,404.7218521118164,0.006576830698360681
2021-07-19,345.4607849121094,345.95752223031815,342.89906974944813,344.85685863037594,64404600.0,QQQ,-0.008193314381630179,346.6091033935547,0.0060478140264832135
2021-07-19,400.4806823730469,406.5495732707812,397.6535603558032,401.6303798104182,147987000.0,SPY,-0.014767950070778912,405.1953948974609,0.0067322254890052795
2021-07-20,349.4737548828125,350.92505639496306,344.6133037899837,346.3958031033874,42183700.0,QQQ,0.011616282211956763,347.31186828613284,0.006367315817308578
2021-07-20,406.2198486328125,407.5014925887109,400.34884660483385,401.1498704823978,99608200.0,SPY,0.014330694368972274,405.67601013183594,0.006733725302996365
2021-07-21,352.1717834472656,352.1717834472656,348.8211036070362,349.04514216167337,30259900.0,QQQ,0.007720260897296383,347.99320526123046,0.006280870756219807
2021-07-21,409.5086669921875,409.6500461189735,406.1726832759716,407.42602821585336,64724400.0,SPY,0.008096153771028014,406.21504974365234,0.006849503262943722
2021-07-22,354.4997253417969,354.5094454697625,352.3763083961614,352.3763083961614,30252200.0,QQQ,0.006610245351697408,348.78265686035155,0.006352424985923308
2021-07-22,410.36614990234375,410.6111763308338,408.6981583734712,409.6876395118079,47878500.0,SPY,0.0020939310429115565,406.8209945678711,0.0068242227634805926
2021-07-23,358.639404296875,358.9218528127302,354.4705391102674,355.8244311910564,31960800.0,QQQ,0.01167752373034081,349.67438354492185,0.006641445896804714
2021-07-23,414.5880432128906,414.92728406769214,411.61957069748223,412.3074853504877,63766600.0,SPY,0.010288112973137808,407.5202362060547,0.0070390368163162995
2021-07-26,358.921875,359.3115124841818,357.08096570545763,357.9478407398788,28438100.0,QQQ,0.0007876175895362714,350.60117492675784,0.006595814954089285
2021-07-26,415.6058044433594,415.6152373869866,413.94724562650384,413.9943528266913,43719200.0,SPY,0.0024548735718028514,408.1992156982422,0.007028443151551127
2021-07-27,354.96728515625,358.65888318865126,350.80816972038474,358.65888318865126,57933100.0,QQQ,-0.011017968307866388,351.1232604980469,0.006871955613048347
2021-07-27,413.7116088867188,414.5880097832626,410.8656210701545,414.5597397143087,67397100.0,SPY,-0.004557673488649994,408.7429626464844,0.0071645811414246165
2021-07-28,356.3309326171875,357.9088930536969,353.8081875048938,356.1069237662968,42066200.0,QQQ,0.0038416144753656845,351.65118713378905,0.006875720314996885
2021-07-28,413.5419921875,414.9272831929667,412.1095939830681,414.3430158827244,52472400.0,SPY,-0.0004099877682312014,409.26739196777345,0.007173416350023537
2021-07-29,356.96405029296875,358.1328734519502,355.7659775729783,355.7659775729783,25672500.0,QQQ,0.0017767687782004327,352.23804473876953,0.006836791106775356
2021-07-29,415.2571411132813,416.34086557570345,414.46555032093,414.4749832647952,47435300.0,SPY,0.00414746013266698,409.8606185913086,0.007200098714711602
2021-07-30,355.1036682128906,355.6880946989648,352.9997506981232,353.02897053616863,36484600.0,QQQ,-0.005211679099201394,352.72506256103514,0.007005772544094764
2021-07-30,413.2404479980469,414.7011162512077,412.5430716548514,412.67501782428445,68951200.0,SPY,-0.004856492316610783,410.24133758544923,0.007266280554241565
2021-08-02,355.13287353515625,357.353670311332,354.4218178715605,356.7692438491458,27334100.0,QQQ,8.22444961288138e-05,353.0153244018555,0.00659560511969502
2021-08-02,412.3734436035156,415.5209693765124,412.0153368747902,414.9649721562708,58783300.0,SPY,-0.002098062759179231,410.4236831665039,0.007119372187022365
2021-08-03,357.2854919433594,357.4023712944144,352.6003896958559,355.7952207670769,35558500.0,QQQ,0.006061445077654826,353.33773040771484,0.006655071102123391
2021-08-03,415.7283020019531,415.8508152285912,410.9693246034538,413.1744764060181,58053900.0,SPY,0.008135486051480845,410.8109985351563,0.007296748885611201
2021-08-04,357.8017272949219,358.75629153288105,356.1361370995005,357.2465206547263,29602200.0,QQQ,0.0014448819311261296,353.6489318847656,0.00665053375036092
2021-08-04,413.6833801269531,415.7000456846464,413.4477866091541,414.4372678803204,46732200.0,SPY,-0.004918890210631854,411.0239776611328,0.0073844646214827276
2021-08-05,360.0711975097656,360.30495618085934,357.908840626664,358.61986649296125,21443900.0,QQQ,0.00634281514514079,354.1797805786133,0.006546145117987796
2021-08-05,416.30322265625,416.388032880496,414.5315546147277,414.8519583815384,38969700.0,SPY,0.006332965391292467,411.5347473144531,0.0071949063952837875
2021-08-06,358.4932861328125,359.7790184492737,357.38290256871653,358.80498422016655,33332100.0,QQQ,-0.004382220482687549,354.522639465332,0.0065735590573648495
2021-08-06,416.9910888671875,417.4151686980422,416.3408484646631,416.6235779382242,46930000.0,SPY,0.0016523201683342759,411.86316375732423,0.006848540211348863
2021-08-09,359.1556396484375,359.6815967119485,357.8504373933395,358.9510710652408,25960200.0,QQQ,0.001847603682540333,354.82994689941404,0.0065414890644025885
2021-08-09,416.6518249511719,417.28319943179935,415.8790713621011,416.9627957200079,41222600.0,SPY,-0.0008135999187351972,412.1011138916016,0.006825614670595232
2021-08-10,357.3147277832031,359.9641021847074,356.1264047856497,359.671903793984,35130800.0,QQQ,-0.005125666040038723,355.0452087402344,0.006676939164962129
2021-08-10,417.1701354980469,417.8863489753924,416.4162477653479,417.104162412718,43339300.0,SPY,0.0012439896235560965,412.43518829345703,0.00676088483119829
2021-08-11,356.7010498046875,359.0776955890295,355.36662773011113,358.5809583688511,34249800.0,QQQ,-0.0017174718274920453,355.19813385009763,0.006690810595077837
2021-08-11,418.2067565917969,418.3009997490048,417.1135992379283,418.2444596064748,44034300.0,SPY,0.002484888072134872,412.7904647827148,0.006769645001372666
2021-08-12,357.9867553710937,358.3471432358804,354.84061449375287,356.1945361751535,25969200.0,QQQ,0.0036044344896382086,355.53953247070314,0.00648473055326762
2021-08-12,419.4601135253906,419.6014926447661,417.151314281578,418.05598534711794,38909400.0,SPY,0.0029969791588448924,413.27861328125,0.006707114013162876
2021-08-13,359.2432556152344,359.5744236345813,357.8406441655526,358.3374110571536,19336200.0,QQQ,0.0035099070713893177,356.0859634399414,0.006139320402571677
2021-08-13,420.2234191894531,420.24225631588496,419.4223955520399,419.9124196700122,39470300.0,SPY,0.0018197336038634493,413.9656036376953,0.0063604754416325005
2021-08-16,359.399169921875,359.43810988993465,354.25627024718744,358.1231874265096,34856900.0,QQQ,0.00043400760961698204,356.7828826904297,0.005705436203544146
2021-08-16,421.2129821777344,421.344899606322,417.349242344877,418.9135869117013,73740000.0,SPY,0.0023548496896959037,415.00221862792966,0.005046228910301424
2021-08-17,356.23358154296875,357.6166936273464,353.7984957498843,356.6426593101126,44793900.0,QQQ,-0.008808001364038698,357.1208740234375,0.005720561474699166
2021-08-17,418.4518432617188,419.31881141124575,415.44566729575104,418.6403008442786,92673900.0,SPY,-0.006555208487972197,415.613818359375,0.004620713572314301
2021-08-18,352.80487060546875,357.10036440211934,352.4737025901582,355.697752969533,38541900.0,QQQ,-0.009624895335945238,357.1525283813477,0.005953993056821773
2021-08-18,413.871826171875,419.0077762206018,413.6268284762824,417.433998911538,89351900.0,SPY,-0.01094514736545027,415.83197631835935,0.0051232535014806456
2021-08-19,354.5094909667969,356.1848310358412,350.6133540364766,350.86661244900046,48499400.0,QQQ,0.004831623663252627,357.1530166625977,0.005864348659348131
2021-08-19,414.5126647949219,415.71893127183074,410.9881948045028,411.1295451700856,92812200.0,SPY,0.0015483987614579586,416.03930206298827,0.005116006074286752
2021-08-20,358.1815795898437,358.5809371482276,355.26919734214954,355.5808953962777,39486000.0,QQQ,0.010358223733397232,357.13012542724607,0.005732222449590254
2021-08-20,417.8108825683594,418.1407191883652,414.3712235516576,414.86127639017,72008700.0,SPY,0.007956856457134398,416.20044403076173,0.00490377814505068
2021-08-23,363.5387878417969,364.2303437868159,359.21407370292616,359.2237938316182,34034700.0,QQQ,0.014956682747582217,357.36097106933596,0.006644031423436145
2021-08-23,421.4861755371094,422.4002794047785,417.8863002018375,419.5071845210352,54973000.0,SPY,0.008796546768139013,416.49446258544924,0.005237411310030062
2021-08-24,364.6492309570313,365.25312749155125,363.6654467619893,364.1329939460542,21732900.0,QQQ,0.003054538201622936,357.845068359375,0.006061834414112406
2021-08-24,422.1553039550781,422.6924640652562,421.6370097316265,422.1553039550781,38744700.0,SPY,0.0015875453497757874,416.91664733886716,0.005089936720608965
2021-08-25,365.0679931640625,365.6426994795757,364.15239867091896,364.90242400209866,20441900.0,QQQ,0.0011483973404582404,358.28192138671875,0.006033744086905039
2021-08-25,423.0411071777344,423.5594013635928,421.9667870353015,422.3437596348039,40529700.0,SPY,0.0020982875599508954,417.39160308837893,0.005083666929702076
2021-08-26,362.7498168945313,364.892674222942,362.3114896301116,364.2108681423783,29133300.0,QQQ,-0.006349984969757139,358.5712097167969,0.006264171304974041
2021-08-26,420.5438232421875,422.9939725930576,420.4495800920067,422.75837909709145,57829600.0,SPY,-0.005903170857809004,417.6559371948242,0.005265129381248034
2021-08-27,366.2758483886719,366.7823354985739,362.89594834574615,363.3829654716711,27104700.0,QQQ,0.009720284697388948,359.12981872558595,0.006395548601408087
2021-08-27,424.3038940429688,424.6808378916567,421.29771867840407,421.35425881775865,77235100.0,SPY,0.008940972600175234,418.2091094970703,0.0054081964494624235
2021-08-30,370.3863220214844,370.87333921039385,367.045361514436,367.06486122610136,27295700.0,QQQ,0.011222344172828747,359.89249114990236,0.006735293758517281
2021-08-30,426.1697998046875,426.961390505125,424.73737293430094,424.98239937454537,48357400.0,SPY,0.004397569260888634,418.89892730712893,0.005386126001538161
2021-08-31,370.0842590332031,370.697875531893,368.5355186943598,370.62971573770153,29628200.0,QQQ,-0.0008155349437113379,360.53242950439454,0.006699276748061949
2021-08-31,425.5383911132813,426.4147920104792,424.9352867221564,426.07555118277867,59300200.0,SPY,-0.001481589478408707,419.3894317626953,0.005203849318036902
2021-09-01,370.6979064941406,372.7726040051485,370.49336764416,371.1459836086018,28138300.0,QQQ,0.001658129050234658,361.17723846435547,0.006698880646684171
2021-09-01,425.76458740234375,426.9990951161605,425.52899388811954,426.4808008884569,48721400.0,SPY,0.0005315531895269121,419.99349212646484,0.005006641223240621
2021-09-02,370.5226440429688,372.3830531343767,369.3051011605161,372.0518850373697,25453400.0,QQQ,-0.00047279050704485126,361.69981079101564,0.006628244812743285
2021-09-02,427.0744934082031,427.8849212781439,425.86825578758834,427.1970066348159,42501000.0,SPY,0.0030765968909047814,420.5320556640625,0.004891181694018759
2021-09-03,371.6622314453125,372.0615890285485,369.3537751807719,369.3732451634306,24605400.0,QQQ,0.0030756214786471503,362.35825805664064,0.006491082290184247
2021-09-03,426.9708251953125,427.4891481821727,425.5289940381113,425.9342367395399,47170500.0,SPY,-0.0002427403520713911,421.0310424804687,0.0049021249931492155
2021-09-07,372.188232421875,372.8408484825046,370.6103016105581,371.7694048065586,23970200.0,QQQ,0.0014152661531332544,363.0098876953125,0.006491724221498389
2021-09-07,425.4441528320313,426.71636346840927,424.7656424098944,426.62212031775687,51671500.0,SPY,-0.003575589415466096,421.47065887451174,0.004999613313117403
2021-09-08,370.89263916015625,372.01277223608594,368.623153179365,372.01277223608594,32949200.0,QQQ,-0.0034810161871270395,363.6887832641602,0.006409219791374437
2021-09-08,424.92584228515625,425.6420556917791,422.9939584275475,424.9070051593396,56181900.0,SPY,-0.0012182810444680836,421.8584442138672,0.00502500691387625
2021-09-09,369.6167602539063,372.22716478427736,369.3732517031216,371.1167812497855,29399000.0,QQQ,-0.003440022183074376,364.3345687866211,0.006471463561842068
2021-09-09,423.1071472167969,426.4902668922292,422.8621207401383,424.7280318706646,57970400.0,SPY,-0.0042800293307152515,422.1034637451172,0.005141413027875916
2021-09-10,366.8115539550781,372.051862966313,366.48038587771686,371.331087134713,40249400.0,QQQ,-0.007589499721011417,364.7758087158203,0.006783708686950265
2021-09-10,419.7710876464844,425.4724389893883,419.64857442190095,425.0483879338759,89948200.0,SPY,-0.007884668439796294,422.1190124511719,0.005440915596935671
2021-09-13,366.558349609375,369.5778621691733,364.5031513106336,369.1492846587415,48741800.0,QQQ,-0.0006902845424933135,365.14156341552734,0.006774752608500961
2021-09-13,420.8453674316406,423.0505478951639,418.5177025058968,422.78668432604593,83738600.0,SPY,0.0025592038536512707,422.1501098632813,0.005456058108287415
2021-09-14,365.51605224609375,368.7790427578124,364.561488110405,368.0485171700851,41826600.0,QQQ,-0.0028434691622547525,365.4474075317383,0.006829350980132225
2021-09-14,418.57427978515625,422.5039633310245,417.6790129654165,422.2966398969255,78197100.0,SPY,-0.0053964895950845415,422.01817474365237,0.005560865149301923
2021-09-15,368.233642578125,368.5843103711688,363.6751693447239,365.97390567086217,34097900.0,QQQ,0.007434941134135453,366.0474105834961,0.006579571940590441
2021-09-15,422.0704345703125,422.5698915959909,417.8862920778878,418.99828639785545,78792200.0,SPY,0.008352531328371882,422.19910430908203,0.0056761365950350195
2021-09-16,368.4868774414063,369.0615540549089,364.9706282320513,366.899196932411,35193100.0,QQQ,0.0006877015948578702,366.83151092529295,0.0060281074731470385
2021-09-16,421.4014587402344,422.5228575136388,418.43295717865146,421.54280911007726,77786700.0,SPY,-0.0015849862375676427,422.5755859375,0.005037436591853737
2021-09-17,364.1231689453125,368.0582751882108,363.0809750081585,368.00958537134704,60912300.0,QQQ,-0.011842235811471147,367.31219482421875,0.006753491933180261
2021-09-17,417.2965698242188,421.0497821361924,416.9373157773071,420.6243724894117,118425000.0,SPY,-0.009741041068739964,422.7147811889648,0.005567257535217581
2021-09-20,356.5992126464844,360.0608555494675,351.94789967855064,358.31539310363013,76203200.0,QQQ,-0.02066321767060675,367.23307647705076,0.008021496215278957
2021-09-20,410.3384399414063,412.7208202293575,405.4412816283992,411.1325667040566,166445500.0,SPY,-0.016674304046504718,422.3411590576172,0.006450189017993689
2021-09-21,357.0379333496094,359.63173978427625,355.9067977027395,358.432339025362,41927500.0,QQQ,0.0012302907229353455,366.9080337524414,0.007202699578106605
2021-09-21,409.9508361816406,413.99711770891486,409.42141832581854,412.69247054595706,92526100.0,SPY,-0.0009445952950959402,421.76439208984374,0.006035321288437798
2021-09-22,360.3729248046875,361.8355959535744,356.85274743214376,357.9546311256045,46972900.0,QQQ,0.009340720252860368,366.69421844482423,0.007513735119628043
2021-09-22,413.9497985839844,416.0013142542596,410.06424688851166,412.2386394237889,102350100.0,SPY,0.009754736542534781,421.35411682128904,0.006504010081748845
2021-09-23,363.6980285644531,364.7316470184936,360.8896954975819,361.5332743052497,44652000.0,QQQ,0.00922684122723072,366.62572021484374,0.007821403105238421
2021-09-23,418.9793395996094,420.5959826986775,415.594844733839,415.8311930271532,76396000.0,SPY,0.012150123113550793,421.1510284423828,0.00711272820604434
2021-09-24,364.039306640625,364.4586282884446,361.05546009837343,361.4260081899673,36056800.0,QQQ,0.0009383555844910685,366.69019470214846,0.007686384085916657
2021-09-24,419.6694641113281,420.3879721161669,417.116891142323,417.33434194671065,62094800.0,SPY,0.0016471564263247362,421.10731048583983,0.00700812214448242
2021-09-27,361.1335754394531,362.01117232983967,358.5787808162302,360.987314250743,43338100.0,QQQ,-0.00798191609578136,366.4330810546875,0.007551117234296165
2021-09-27,418.46881103515625,419.80178990253705,417.769200530089,418.6295117037704,61371100.0,SPY,-0.002860949339533958,420.81555633544923,0.006698534159322258
2021-09-28,350.9142761230469,361.0847081664258,350.40722754772685,356.56995526985435,97701600.0,QQQ,-0.028297837729351794,365.4594787597656,0.009252013695429046
2021-09-28,410.0359497070313,416.01084179881366,409.2985441473634,415.67994840064347,130436300.0,SPY,-0.020151708098065324,420.0088638305664,0.007868061381922264
2021-09-29,350.3390197753906,354.32723318212066,349.71496217730873,352.181999850943,58076600.0,QQQ,-0.0016393073374265654,364.472216796875,0.009245222494752122
2021-09-29,410.7260437011719,413.1746083672385,410.15880207113577,411.4256253625887,82329200.0,SPY,0.001683008513359896,419.26824645996095,0.007908597929797433
2021-09-30,349.0517578125,353.6542965383127,348.2131741556067,351.9868601278548,61384600.0,QQQ,-0.003674332261693003,363.389909362793,0.009189749026646784
2021-09-30,405.7060546875,412.91938062174535,405.3656981304132,412.2103357165181,140506000.0,SPY,-0.012222232046537163,418.26531982421875,0.00822370189239904
2021-10-01,351.2166442871094,352.26002367912633,345.5609935264455,349.6759768618942,56375500.0,QQQ,0.006202193302725867,362.424609375,0.00940367857282757
2021-10-01,410.5274658203125,412.2197274458409,403.9002802066604,407.4455041184316,129240100.0,SPY,0.011884000933942707,417.4379684448242,0.008750111731788641
2021-10-04,343.8447570800781,349.929460035189,341.60200637135085,349.5979247852629,76766000.0,QQQ,-0.020989572467428275,361.03373565673826,0.010145620029784308
2021-10-04,405.23333740234375,410.2628070798917,403.07781330339657,409.3552377258311,128570000.0,SPY,-0.01289591771257026,416.3510940551758,0.009072625674285554
2021-10-05,348.4862976074219,350.7388088998219,344.6833583967544,344.9076156047171,47232900.0,QQQ,0.013498942274879022,359.8486389160156,0.0108124813970871
2021-10-05,409.4497985839844,411.7092733177839,405.94239790833774,406.7459590433155,90682500.0,SPY,0.010405020496756956,415.55137634277344,0.00951869438557351
2021-10-06,350.71929931640625,350.99233007242776,344.3615363777154,345.268385343274,56806500.0,QQQ,0.006407717388934087,358.8399719238281,0.011024354829182136
2021-10-06,411.1515197753906,411.359507445002,404.19343928496,405.8289511472057,113032200.0,SPY,0.004156116811612431,414.86266021728517,0.009613479816794392
2021-10-07,353.9371643066406,356.58947583577134,353.2350809678084,353.7713818168922,39411200.0,QQQ,0.009175043963951746,358.05599212646484,0.01133825961307263
2021-10-07,414.7061767578125,417.5612537816005,414.2713039723199,414.4509309850232,72437500.0,SPY,0.008645613141266661,414.44261169433594,0.009855416637024647
2021-10-08,352.1722106933594,355.2535748095402,351.63588008536567,355.019527190838,41822300.0,QQQ,-0.004986629806843723,357.3240249633789,0.011286796450658046
2021-10-08,413.9497985839844,415.8689742261392,413.31640137941633,415.4813596026824,74557400.0,SPY,-0.0018238893371241849,414.15154724121095,0.009723453097782463
2021-10-11,349.4711608886719,354.1614573868105,349.383374431444,350.6315193044974,34847200.0,QQQ,-0.007669684667537036,356.46966552734375,0.011352743090436428
2021-10-11,410.9529418945313,416.2187885517024,410.8867574511802,413.28806407914567,65233300.0,SPY,-0.007239662151556914,413.6569259643555,0.009799655227450209
2021-10-12,348.25225830078125,351.36284485178084,347.60867943426126,350.924061368781,43905100.0,QQQ,-0.00348784885365383,355.6064758300781,0.011355214194204984
2021-10-12,409.94134521484375,412.2859304538344,409.1472184849697,411.87941835123945,71181200.0,SPY,-0.0024615876334258546,413.2252792358398,0.009754477198399303
2021-10-13,351.0410461425781,351.71387719500086,348.5349959767786,350.5632497968152,40120800.0,QQQ,0.008007953359453035,354.7468460083008,0.011381905662860192
2021-10-13,411.4162292480469,412.2387167626421,407.9750128069303,410.9718932647341,72974000.0,SPY,0.003597792831631086,412.69256896972655,0.009570852078433272
2021-10-14,357.5061340332031,357.7206603536043,353.9762252905228,354.6392958233537,43433900.0,QQQ,0.018416900136513314,354.19780883789065,0.012283646394284711
2021-10-14,418.3364868164063,418.4877531890268,414.6305328149791,415.1032294102518,70236800.0,SPY,0.016820575068241084,412.53932037353513,0.010385527060065696
2021-10-15,359.75860595703125,359.8756148901785,357.6913687831056,358.72498737006845,40419900.0,QQQ,0.006300512660907032,353.9795806884766,0.012144091077222852
2021-10-15,421.5224304199219,421.8911475892967,419.8396318019155,420.4635947300898,66260200.0,SPY,0.0076157440336150906,412.7506134033203,0.010280945020832754
2021-10-18,363.3763122558594,363.5908385770193,357.8571621370396,358.4617281990018,34513500.0,QQQ,0.010055927054765768,354.3184356689453,0.011382743111789799
2021-10-18,422.7703247070313,423.1106523600176,419.0643712182425,419.7261579005248,62213200.0,SPY,0.0029604457486789304,413.37220764160156,0.009453345913975895
2021-10-19,366.1260986328125,366.174842435405,363.42504324214417,364.4489011615569,29091000.0,QQQ,0.007567324242690132,354.7728439331055,0.01147718956085588
2021-10-19,426.0320129394531,426.0981685377647,423.7914067813759,424.40593545300055,46996800.0,SPY,0.007715035899650946,414.1762664794922,0.009531739448879493
2021-10-20,365.6483154296875,367.198743360392,364.1661228734501,366.5844166833328,31390300.0,QQQ,-0.0013049689844814027,355.03661346435547,0.01133159469878009
2021-10-20,427.7052612304688,428.0077939222588,426.3817167677691,426.495159314414,49571600.0,SPY,0.003927517745605291,414.8640396118164,0.009368893154085156
2021-10-21,367.8811950683594,368.0762297435088,364.5463223333429,364.8486052491452,25469300.0,QQQ,0.006106631822022646,355.24577178955076,0.011230326655898154
2021-10-21,428.8208923339844,429.04777746656447,426.6653970211421,427.1002698089574,41305400.0,SPY,0.002608410989161092,415.35611724853516,0.009044881280001174
2021-10-22,364.7902221679688,367.5887951146105,363.1227852456858,366.62344159509774,36275800.0,QQQ,-0.008402095409677623,355.28331756591797,0.011409710479392743
2021-10-22,428.3765563964844,429.8419331474085,426.4195855745832,428.3860195607123,58845100.0,SPY,-0.0010361807119088073,415.79147186279295,0.00905779985443574
2021-10-25,368.52484130859375,369.4414508851354,364.2635977230326,366.2138257993988,32597800.0,QQQ,0.010237717223970266,355.652880859375,0.011452255549596462
2021-10-25,430.6737976074219,431.00469094915405,427.6863809221838,429.47315880576673,45214500.0,SPY,0.005362667906623875,416.40172119140624,0.009056792076618286
2021-10-26,369.6852416992188,373.185897641837,368.50536200601954,370.7676337918499,47191300.0,QQQ,0.003148771156116892,356.59142913818357,0.009130469930683472
2021-10-26,431.0614013671875,433.45324459839,430.68324992234994,432.2337083526217,56075100.0,SPY,0.0008999938280873643,417.45299377441404,0.0075002972162098005
2021-10-27,370.5433654785156,373.6149690038843,369.8705343552865,370.1338044546765,45760500.0,QQQ,0.0023212281219355813,357.60164642333984,0.009075360488145815
2021-10-27,429.1516723632813,432.195838776121,429.0760247716625,431.52461786879473,72438000.0,SPY,-0.004430294611972085,418.37427520751953,0.007659517312325219
2021-10-28,374.6583251953125,374.911864373424,371.6744785533832,372.444826992793,38007000.0,QQQ,0.011105204141174774,358.8819747924805,0.00911806142963646
2021-10-28,433.2925720214844,433.3681907749106,430.5792984437599,430.5887327559959,51437900.0,SPY,0.00964903535246564,419.75360107421875,0.007023253698729118
2021-10-29,376.5013122558594,376.6670947558505,371.2259708623175,371.57699767436105,37310100.0,QQQ,0.004919114127748481,360.14620819091795,0.009103183743738853
2021-10-29,434.1717529296875,434.464822463533,430.6832503095456,430.9763198433911,70162400.0,SPY,0.002029069882507839,420.9358154296875,0.006730234904906508
2021-11-01,377.7884521484375,377.9152217439205,374.853378915555,376.9401076348159,30765300.0,QQQ,0.0034186863383451893,361.84339294433596,0.007048423853132069
2021-11-01,434.9186096191406,435.5425724696241,433.17908993799193,435.1643921836789,48433600.0,SPY,0.0017201871941541214,422.42007904052736,0.005638257276362907
2021-11-02,379.3681335449219,379.8459596955441,377.1253829895383,377.1741267919123,25135300.0,QQQ,0.004181391430841508,363.3874847412109,0.006740339646853981
2021-11-02,436.6770324707031,436.9890283255675,434.9564102409637,435.0887791129924,48908400.0,SPY,0.004043107865865592,423.7814407348633,0.005406207342222165
2021-11-03,383.3953552246094,383.8146471462385,378.8123368031636,379.8556862754302,33748900.0,QQQ,0.010615603482706959,365.0212875366211,0.006874716818474418
2021-11-03,439.3430480957031,439.7495601725243,435.6654553768784,436.1097912530405,52509800.0,SPY,0.006105234364893741,425.1910171508789,0.005441084831261136
2021-11-04,388.3099365234375,389.2655590505,384.1169578136266,384.6630193267708,40265300.0,QQQ,0.012818572869639944,366.73992614746095,0.007051507105292031
2021-11-04,441.4134826660156,441.4985645803544,439.598315273468,439.94810609389634,52847100.0,SPY,0.004712569322051774,426.52638244628906,0.00530852239437427
2021-11-05,388.6805114746094,391.01101885086206,387.2763446986934,390.08467825052537,43383800.0,QQQ,0.00095432775810389,368.5653411865234,0.006741700188671408
2021-11-05,442.945068359375,444.949297297865,441.422999178184,443.654113248998,66390600.0,SPY,0.0034697302042272504,427.9761459350586,0.005178437170385749
2021-11-08,388.1539001464844,389.6750756986648,387.51032129623576,388.6512178394309,29256300.0,QQQ,-0.0013548693916427546,370.4994781494141,0.006248639597563091
2021-11-08,443.32318115234375,444.5522094977037,442.6330626514163,444.0511523068338,50405200.0,SPY,0.0008536335992388455,429.5946578979492,0.004585207086271549
2021-11-09,385.4820556640625,389.62628997100114,384.1169020792824,389.226489678652,50490700.0,QQQ,-0.006883466793489834,372.3609680175781,0.006538837560978771
2021-11-09,441.8578186035156,443.9282317392653,440.4397289955285,443.6918834712675,51149100.0,SPY,-0.003305404750139962,431.1904815673828,0.004649367699103836
2021-11-10,379.816650390625,385.5210432848017,377.8859140251686,382.70297939749474,54937400.0,QQQ,-0.014696936446698672,373.7997482299805,0.007849175968278806
2021-11-10,438.30316162109375,441.857849049066,436.8094531589126,440.1561240915625,69429700.0,SPY,-0.008044798196977232,432.53482818603516,0.005347914648044545
2021-11-11,380.8698425292969,382.9760927209649,380.5285466159859,382.80057931119,32243000.0,QQQ,0.002772896179218831,374.96793365478516,0.0070757612410942364
2021-11-11,438.4449462890625,439.8819622614729,438.42604881351787,439.8063146570788,34848500.0,SPY,0.00032348538724735754,433.54025115966795,0.004304319499532873
2021-11-12,384.8775939941406,385.4138949111341,380.4213148730792,382.0204867173978,34730600.0,QQQ,0.010522627463043221,376.2238830566406,0.0072345222409716
2021-11-12,441.75384521484375,442.31162370919134,438.766399409526,439.7212557199241,53466700.0,SPY,0.007546897173265066,434.55182189941405,0.004299919444831059
2021-11-15,384.7897033691406,386.3791438765542,382.3421875784335,386.0573693650837,33716900.0,QQQ,-0.00022835994189196462,377.2945526123047,0.007101185468344424
2021-11-15,441.9050598144531,443.2097068200776,440.7706054821188,443.0490061606054,46980500.0,SPY,0.0003423051123321308,435.50855865478513,0.004320338612463319
2021-11-16,387.5299072265625,388.0271952442909,383.8634682289991,384.05847321853736,27872900.0,QQQ,0.007121302450219469,378.3647430419922,0.007086411544185551
2021-11-16,443.6541137695313,444.7980314478209,441.5648029039684,441.64042166446166,48857500.0,SPY,0.003957985807658826,436.38966369628906,0.004147258028841211
2021-11-17,387.7346496582031,389.77263468928186,386.769296158777,387.8516585965429,28703300.0,QQQ,0.0005283267892945975,379.469059753418,0.007041296390454255
2021-11-17,442.5762939453125,443.5689450572857,441.95233110166185,443.3893180787603,47858300.0,SPY,-0.00242941469664526,437.1332153320312,0.004237342926635291
2021-11-18,391.7520751953125,392.25912379564784,387.55909662353895,389.7823554990395,45721500.0,QQQ,0.01036127552864019,380.6626037597656,0.007203752278824239
2021-11-18,444.07952880859375,444.3442377330162,440.8746322243383,443.6162665525228,50625600.0,SPY,0.0033965553145216543,437.8961471557617,0.0042496975003250255
2021-11-19,393.9363098144531,395.2137068207477,392.5613954529513,393.3902483350349,45191700.0,QQQ,0.00557555341104865,382.11990814208986,0.006680709645002866
2021-11-19,443.2854309082031,445.2234754256238,442.9167137120761,443.96608631438687,57315600.0,SPY,-0.0017881884862405162,438.64159088134767,0.0042789500548412705
2021-11-22,389.3630676269531,398.5388953361176,389.25581935450737,395.4770523837826,61715400.0,QQQ,-0.011609090285823132,383.1618194580078,0.007338726181657592
2021-11-22,442.0374450683594,447.6814428554644,441.8294574387249,445.176156987895,72762000.0,SPY,-0.0028153098496535023,439.2097732543945,0.004303282953632168
2021-11-23,387.58837890625,390.2699427900471,383.1418608104945,388.202675817352,70098700.0,QQQ,-0.0045579277241657445,384.0569763183594,0.007518449675234643
2021-11-23,442.6235656738281,443.4838767945243,439.0878049687893,441.7065332793372,73206500.0,SPY,0.001325952387083662,439.7878814697266,0.004302191407049454
2021-11-24,388.8365173339844,389.119279003897,382.7713062966668,385.1018135771563,46954400.0,QQQ,0.003220267932843024,384.9716339111328,0.007520677262866283
2021-11-24,443.8053588867188,443.9282646113557,439.7874380332355,440.6099254505946,61858800.0,SPY,0.0026699735498527666,440.52056579589845,0.00408925260147967
2021-11-26,381.4646911621094,387.6469116875076,380.07025522451335,386.2524757499116,51533300.0,QQQ,-0.018958677601628393,385.3119522094727,0.00862136371343103
2021-11-26,433.9070739746094,438.5678550517496,432.772590709686,437.093044118014,112669600.0,SPY,-0.022303211788472277,440.55129089355466,0.0064026266515248495
2021-11-29,389.7433471679688,390.7574741386341,385.3065900282527,386.0379255847852,54447100.0,QQQ,0.021702286470181464,385.97405395507815,0.009769768107817916
2021-11-29,439.2297058105469,441.0826684857418,436.51643182337625,438.72864854655137,86268800.0,SPY,0.012266755153775177,440.80418853759767,0.006951490530031368
2021-11-30,384.01947021484375,391.2060568984865,382.0009767376119,388.8560281738739,81332700.0,QQQ,-0.014686272375698084,386.2856048583984,0.010426202258855478
2021-11-30,430.6832885742188,438.6907694757676,430.4374771300162,436.7716225911538,148559600.0,SPY,-0.019457739591079437,440.59242248535156,0.00826175656372557
2021-12-01,377.486083984375,390.5136210168766,377.0180483628035,388.3683585576263,77766500.0,QQQ,-0.017013164011745463,386.1915023803711,0.011125569134919048
2021-12-01,425.8996276855469,439.2958617436407,425.7011031960132,436.4313215616425,131939200.0,SPY,-0.01110714303428928,440.0535522460938,0.008518058860978553
2021-12-02,380.206787109375,381.991233029099,374.7753937903359,376.1990522118404,84416600.0,QQQ,0.007207426287832774,386.0320739746094,0.010976455677747998
2021-12-02,432.4228515625,434.0016709289296,425.7200171180111,426.1170949635271,127637800.0,SPY,0.015316340876844858,439.7075424194336,0.009159487702877814
2021-12-03,373.595458984375,382.5762512508396,369.4707157489044,381.5718849474944,105349100.0,QQQ,-0.017388769346450728,385.2963500976563,0.011144593324167843
2021-12-03,428.66015625,435.1644366060928,424.4058872587781,434.0961666276724,137331600.0,SPY,-0.008701425696870602,439.0698760986328,0.009229028107525787
2021-12-06,376.589111328125,377.95426523977017,369.8607996240819,374.0830607228871,67588800.0,QQQ,0.008013085469208647,384.69178009033203,0.011348666584241236
2021-12-06,433.7368774414063,435.6276635063296,428.7924614952336,431.2221285129255,98977500.0,SPY,0.011843230861058762,438.6094665527344,0.00964335552595801
2021-12-07,387.9296569824219,388.5439836705442,383.2101079727269,383.2491208717837,56005300.0,QQQ,0.030113843744185687,384.6805679321289,0.013373307502393782
2021-12-07,442.7086791992188,443.2759208287808,433.6045390406269,439.0500125226499,95484700.0,SPY,0.020684894977657242,438.5787414550781,0.010795329814259765
2021-12-08,389.6653747558594,389.8701701655888,386.3597530617328,388.261237672441,39204000.0,QQQ,0.0044743105926448035,384.8897338867188,0.013304097739022714
2021-12-08,443.8809509277344,444.33474999497895,441.3378412207383,443.10575052479743,72238800.0,SPY,0.002647952894522021,438.6798980712891,0.010781864057678699
2021-12-09,383.9317626953125,390.24075338434494,383.7367279327509,388.4367859840938,49973700.0,QQQ,-0.014714194362635435,385.0954895019531,0.013305144244166569
2021-12-09,440.8840637207031,443.9849518345426,440.68553925442296,442.58575970531854,61272600.0,SPY,-0.0067515562467089785,438.8089431762695,0.010733053818367847
2021-12-10,388.1051940917969,388.3684642005449,383.57088946761405,386.74977113336433,52545800.0,QQQ,0.010870242584738676,385.45725708007814,0.013495844612338558
2021-12-10,445.0343322753906,445.1855986313529,441.0353379844853,443.6068083336289,77159800.0,SPY,0.00941351456358519,439.13841247558594,0.010922729516510334
2021-12-13,382.4981994628906,388.4171183980856,382.1276514084261,388.0953438949596,50166400.0,QQQ,-0.014447100204435959,385.3382873535156,0.01372427790346568
2021-12-13,441.092041015625,444.8641500421058,440.8084057907632,444.5143592307718,87724700.0,SPY,-0.00885839804675137,439.105322265625,0.011005303707176783
2021-12-14,378.5393371582031,380.38228748699777,374.083058206838,377.6617105883623,75199200.0,QQQ,-0.010350015530129486,385.02576904296876,0.013909934351924348
2021-12-14,438.0573425292969,440.3073827725875,435.1171837726514,437.8020967731242,97264100.0,SPY,-0.006879966546983418,438.9129364013672,0.011110866258382418
2021-12-15,387.1689758300781,387.5297929826976,374.3267419759278,378.28570216975857,73858000.0,QQQ,0.02279720447724154,385.00772247314455,0.014789293071708155
2021-12-15,444.9020080566406,445.1477906490949,435.58041689056216,438.1140923790866,116899300.0,SPY,0.015625044629598905,438.97533111572267,0.011644011366876924
2021-12-16,377.2131042480469,388.56344573443926,375.6236636327902,388.1343931846233,82591400.0,QQQ,-0.02571453862150541,384.48164520263674,0.015869952763285743
2021-12-16,440.9786071777344,447.0480145048565,439.41868553794336,446.76440812549816,116568600.0,SPY,-0.008818573096677884,438.89544677734375,0.011806597866434067
2021-12-17,375.3312072753906,379.5046948275117,372.269334428108,373.79051018722816,80492500.0,QQQ,-0.00498894908862646,383.6606018066406,0.015648220233421904
2021-12-17,436.2853393554688,440.9055744108569,434.5681683996154,437.8791727919841,135511600.0,SPY,-0.010642846945121742,438.5057373046875,0.012002589256714049
2021-12-20,371.6903076171875,372.4811564437711,368.5464287746244,370.59678972344864,65336800.0,QQQ,-0.009700498087098053,382.54830169677734,0.015630630595798885
2021-12-20,431.6461486816406,432.04459257214927,428.00308834892655,431.1717914151028,107134800.0,SPY,-0.010633386582922344,437.92377319335935,0.012201586214780168
2021-12-21,380.00885009765625,380.3212922701826,371.2118717861444,374.97083180113935,48899500.0,QQQ,0.02238030508192912,382.0805908203125,0.016447337766953944
2021-12-21,439.311767578125,439.4540689734904,432.9079442144428,435.0899761499683,69806300.0,SPY,0.01775903461642625,437.78748931884763,0.012910186378512507
2021-12-22,384.6369018554688,384.8419290421539,379.0521233811264,379.7160408020997,37042200.0,QQQ,0.012178799932220485,381.9330169677734,0.01668550202263147
2021-12-22,443.7042541503906,443.8180952496133,438.8563083570705,439.0555592331768,58890200.0,SPY,0.009998563426791174,437.8415237426758,0.013109314675524782
2021-12-23,387.5366821289063,389.010964926637,384.82240351658,384.9883679698504,29595500.0,QQQ,0.007539006942519411,381.86802520751957,0.016760556413654915
2021-12-23,446.4650573730469,447.9735099803831,444.60558502690833,444.7099297265655,56439700.0,SPY,0.00622216982783419,437.97450866699216,0.013168419375172475
2021-12-27,393.9416198730469,393.9416198730469,388.805958350304,388.8352479492647,32820700.0,QQQ,0.016527307064083452,382.4918716430665,0.016528443746233565
2021-12-27,452.7835083007813,452.83093244654975,447.8027569913504,447.8501811371189,56808600.0,SPY,0.01415217344199693,438.91833038330077,0.012361545301024467
2021-12-28,392.1157531738281,395.0155422927758,391.2370355187805,394.83980472099216,33113700.0,QQQ,-0.004634866201258858,382.6104919433594,0.01589118291303724
2021-12-28,452.4134826660156,454.253991127198,451.6450262309566,453.219895788075,47274600.0,SPY,-0.0008172241876792663,439.57751922607423,0.012145295148837823
2021-12-29,392.0571594238281,393.5216987265636,389.6748397743549,392.2524432493109,32248500.0,QQQ,-0.000149429727129613,383.0123764038086,0.015491136969477369
2021-12-29,452.9923095703125,454.0169087167038,451.5123169408165,452.51795221592334,54503000.0,SPY,0.0012794201023496043,440.6929702758789,0.01109744722967394
2021-12-30,390.8855590820313,394.02943808343167,390.2997373818945,391.8423723893296,23850100.0,QQQ,-0.002988340637672837,383.68235015869146,0.014933046557896918
2021-12-30,451.7398986816406,454.4342443807081,451.27503784257567,453.4191129196159,55329000.0,SPY,-0.0027647508847553626,441.98498382568357,0.010705512840188424
2021-12-31,388.4446411132813,391.57874683055024,387.9466882231639,390.21184946134633,34752900.0,QQQ,-0.006244584666883934,384.0942428588868,0.014981967348343865
2021-12-31,450.6014099121094,452.403961588004,450.3263035656478,451.2465577460604,65237400.0,SPY,-0.0025202307187250916,442.89391174316404,0.010363290468291379
2022-01-03,392.1841125488281,392.4379755767235,387.4975984401951,389.6162820624403,40575900.0,QQQ,0.00962678085821822,385.0236755371094,0.014427418908632255
2022-01-03,453.21038818359375,453.3432221085792,449.5483641714183,451.87269728644833,72668200.0,SPY,0.005789991362861624,444.1214233398438,0.010069910372852181
2022-01-04,387.0972595214844,392.76990594071793,383.9924434034849,392.7308432170592,58027200.0,QQQ,-0.012970573933462015,385.5490829467774,0.014766643373801477
2022-01-04,453.0586242675781,455.3640226406569,451.1896554356825,454.642990313894,71178700.0,SPY,-0.0003348641601615965,445.08751068115237,0.009862685407490543
2022-01-05,375.2052612304688,386.5310392199213,374.95139818468414,385.4082017765708,75739800.0,QQQ,-0.030720957068298582,384.9128631591797,0.014823542810457491
2022-01-05,444.3588562011719,453.4665202500456,444.2639789704872,452.68856749188376,104538900.0,SPY,-0.019202300983609866,445.17001953125,0.009966243195224043
2022-01-06,374.9416198730469,378.1929141743612,371.1435963507532,373.3794682790907,70814300.0,QQQ,-0.0007026590100505103,384.1766754150391,0.01475765191053386
2022-01-06,443.94146728515625,446.6737696888694,441.5601846155021,443.89404314094736,86858900.0,SPY,-0.0009393059465133691,445.1730453491211,0.009952768191178301
2022-01-07,370.8799133300781,376.64045834065,369.1029616469865,374.9513456427815,72652300.0,QQQ,-0.010832903918066017,383.5240829467774,0.014603891364262257
2022-01-07,442.1863403320313,445.1368574990053,440.82018912810577,443.95096436729705,85111600.0,SPY,-0.003953509826099655,445.2381591796875,0.009871405706576089
2022-01-10,371.1239318847656,371.6414309357007,360.5792630033972,365.95901246472977,91770500.0,QQQ,0.0006579449194119569,382.6750198364258,0.01431973077304642
2022-01-10,441.6361083984375,441.8542942099038,433.1830584948898,438.9702228957578,119362000.0,SPY,-0.0012443440319315213,445.06824798583983,0.009632271538687592
2022-01-11,376.6990356445313,376.8650000764331,368.30233784702943,370.3917317174513,68295700.0,QQQ,0.015022215709594278,382.38506164550785,0.014501381951127398
2022-01-11,445.6586608886719,445.7535381343844,438.353547255863,441.3704815356873,74303100.0,SPY,0.009108296205267097,445.2965789794922,0.009633738792944739
2022-01-12,378.1929321289063,380.9755632064589,375.908254028343,379.2766770833736,54576400.0,QQQ,0.0039657560625792065,382.36774139404304,0.014350617200743016
2022-01-12,446.8634948730469,448.93171449389314,444.8901814454831,447.4042690884618,67605400.0,SPY,0.0027034905637701723,445.7368865966797,0.009481380021023025
2022-01-13,368.7319641113281,380.2627684160022,367.7946672534968,379.5793047886717,77994000.0,QQQ,-0.025016247565286198,381.4458908081055,0.014344747859202193
2022-01-13,440.7063293457031,448.6281009203371,439.6722340529678,447.9734856231748,91173100.0,SPY,-0.013778627249677156,445.5271026611328,0.00937964392526989
2022-01-14,371.02642822265625,371.35838691746574,365.9981523496402,366.2032093227736,80121200.0,QQQ,0.006222579908031545,381.136557006836,0.01334857880664777
2022-01-14,440.8865966796875,441.2376164067843,436.31378591285176,437.5376357053383,95890900.0,SPY,0.00040904185390755465,445.52250213623046,0.009169999864076718
2022-01-18,361.78997802734375,367.3259491540811,361.02841885713855,365.1974927291647,75450900.0,QQQ,-0.024894318821325645,380.45949554443365,0.01438386263122744
2022-01-18,433.0786743164063,436.3707148007263,431.9591981511829,436.1619964519161,109709100.0,SPY,-0.01770959340130218,445.36216888427737,0.0097223808837798
2022-01-19,357.81622314453125,365.8321259125939,357.5525870226399,363.35216455848695,81791500.0,QQQ,-0.01098359579908581,379.7657913208008,0.01442405734763741
2022-01-19,428.5817260742188,436.0386072892508,428.30659079417694,434.6345285203454,109357600.0,SPY,-0.010383675089256528,445.2089477539063,0.009708594953255476
2022-01-20,353.16876220703125,365.031524262664,352.6317763964146,361.0479905827855,88610700.0,QQQ,-0.012988401969752927,378.4237869262696,0.013437767282451126
2022-01-20,423.8382263183594,435.2133045377482,421.70361857528985,430.4792281856868,122379700.0,SPY,-0.011067900162962108,444.43527069091795,0.00899852807364811
2022-01-21,343.3759155273437,353.61791835823607,343.0927628959581,350.9719921433908,143388900.0,QQQ,-0.027728518848863737,376.3607376098633,0.013930148586773107
2022-01-21,415.5179748535156,425.08100399182297,415.4895145774554,422.709217811914,202271200.0,SPY,-0.01963072452694281,443.02595672607424,0.00939242669725526
2022-01-24,344.9477844238281,345.6117314999984,326.25050677152024,337.7325035267312,198685800.0,QQQ,0.004577691169954212,374.2312927246094,0.013798654213625873
2022-01-24,417.28265380859375,417.7949678331947,399.181190781591,409.873194608378,251783900.0,SPY,0.004246937706365639,441.56683654785155,0.0092976670039483
2022-01-25,336.951416015625,342.731477422062,333.6025100491681,338.4745642628563,124398400.0,QQQ,-0.023181387935451103,371.3817825317383,0.013277103298301663
2022-01-25,412.1879577636719,417.1687084994632,405.243361217748,410.8502669489062,167997300.0,SPY,-0.012209220772591234,439.5370590209961,0.008524890910143575
2022-01-26,336.4241943359375,348.44317719253445,332.723783551049,344.5670288517097,146559500.0,QQQ,-0.0015646815968953787,368.5972045898437,0.013332020505073981
2022-01-26,411.1539001464844,421.2672003261667,406.8656920194984,418.1174611954088,186391100.0,SPY,-0.0025087040941170757,437.47407989501954,0.00849318683089648
2022-01-27,333.0362243652344,342.9657835843847,332.01102903424174,341.139996125382,95255700.0,QQQ,-0.01007053008595471,365.6461578369141,0.013226531136193634
2022-01-27,409.1236267089844,418.9428274543259,407.42544862054166,415.7836209470697,149878300.0,SPY,-0.004937989003087839,435.2806457519531,0.00837439330274556
2022-01-28,343.4833068847656,343.698107195817,329.96074980801365,334.92064363211136,108167900.0,QQQ,0.031369207777452335,363.27604522705076,0.015881926753189075
2022-01-28,419.2843933105469,419.3318174555156,405.8790525228431,410.4897911886302,164457400.0,SPY,0.024835443221151277,433.6578704833984,0.01071670817974528
2022-01-31,354.4674072265625,355.0532290554688,343.20998012274055,344.85028720290546,94326400.0,QQQ,0.03197855651681469,361.57718353271486,0.018044416320355243
2022-01-31,426.8361206054688,427.1871403186954,417.2540988939581,418.6107536054704,152251400.0,SPY,0.018010990667445714,432.46960601806643,0.011764414286168003
2022-02-01,356.87896728515625,357.5331413586516,350.64981776883405,355.8147388459382,74433000.0,QQQ,0.0068033337041122355,359.8119262695312,0.017939544202493492
2022-02-01,429.72021484375,430.3653337108521,424.01843182554586,427.5666145470744,123155400.0,SPY,0.006756912311427943,431.2950973510742,0.011802804203730942
2022-02-02,359.7787170410156,361.3506713930095,355.6780248543267,361.0187127252391,78777100.0,QQQ,0.008125303034578701,358.4459991455078,0.018038474086357826
2022-02-02,433.8946533203125,434.6251531818824,429.8151629317118,432.1395254178025,117361000.0,SPY,0.009714317205394618,430.33689880371094,0.012113734329731625
2022-02-03,345.1919250488281,353.3738232733885,344.12769665916977,350.05420658889017,95384800.0,QQQ,-0.04054378789316926,356.9453323364258,0.01893037022952072
2022-02-03,423.6959533691406,429.7392608417069,422.8515834635683,427.8228677399466,118024400.0,SPY,-0.02350501411604844,429.3037536621094,0.012466720650205638
2022-02-04,349.5464782714844,352.85632152171604,343.64925847869347,345.7093627459622,86318300.0,QQQ,0.01261487568702635,355.67557525634766,0.01928299790636675
2022-02-04,425.6882629394531,429.55900586237215,421.0679984051668,423.4587777848124,118454400.0,SPY,0.004702215242959218,428.3910934448242,0.012562681721940956
2022-02-07,346.7345886230469,352.51462075433875,345.47507639937174,350.14207408351587,58198100.0,QQQ,-0.008044394159947954,354.4683090209961,0.019235865898379167
2022-02-07,424.3219909667969,427.8606769754043,422.9843002542061,426.4565982619485,84472900.0,SPY,-0.003209559885964164,427.4978759765625,0.012557762303561615
2022-02-08,350.63018798828125,351.7237057645812,344.45958934073167,345.59216983650657,64720900.0,QQQ,0.011235104581589495,353.44362182617186,0.01949076262860049
2022-02-08,427.8132934570313,428.7430440345254,422.3866456822528,423.8192137566903,81012000.0,SPY,0.00822795557279421,426.8067352294922,0.012764090218471165
2022-02-09,358.06036376953125,358.13845942656536,353.5593305580733,355.1605745905089,55766400.0,QQQ,0.02119091862534761,352.5116882324219,0.019831061135378105
2022-02-09,434.0748596191406,434.3974190890988,431.6746129861687,431.8738349332814,92589900.0,SPY,0.014636212239950375,426.2275451660156,0.013062513844469593
2022-02-10,349.9565124511719,357.8259672780782,348.1112085744344,351.02074068203257,112468500.0,QQQ,-0.022632640019255246,351.09986724853513,0.02027242247395916
2022-02-10,426.2764587402344,434.2361593230949,424.2651883842069,428.19285184404936,140103700.0,SPY,-0.017965566782072062,425.198193359375,0.013543304687940403
2022-02-11,338.85528564453125,351.55773077327217,337.62506328514314,349.9564870803465,101569100.0,QQQ,-0.03172173230578057,349.6060333251953,0.020694968334383213
2022-02-11,417.8707275390625,428.4488870812901,416.42869210493336,426.3617328176136,153214600.0,SPY,-0.01971896648014093,424.056413269043,0.013870214879133445
2022-02-14,339.2751159667969,342.6826305100123,335.7602459886062,338.29875657371633,80254400.0,QQQ,0.0012389664262344446,348.01846771240236,0.02059501544207377
2022-02-14,416.504638671875,418.9523383499395,413.0133761824723,417.3585049029256,123006300.0,SPY,-0.003269166220933206,422.83731536865236,0.013853075443839848
2022-02-15,347.7109680175781,347.94528479955426,343.5028602965082,344.56708874282594,55128800.0,QQQ,0.024864340630294857,347.31451721191405,0.02097328392157469
2022-02-15,423.2215576171875,423.3923192839922,420.4512984505421,420.97310881351615,88482700.0,SPY,0.01612687668192847,422.3444595336914,0.013995295375532015
2022-02-16,347.623046875,348.6482124378957,342.4190340219514,345.4555275797361,58947100.0,QQQ,-0.0002528569722128893,346.8048583984375,0.020862222121966045
2022-02-16,423.6959533691406,425.0810686020472,419.27493978352175,421.16287260489605,84863600.0,SPY,0.0011209158499014826,422.1001708984375,0.013827216017508203
2022-02-17,337.2834167480469,345.10403644234606,336.8635594986274,344.4010563780814,61801400.0,QQQ,-0.029743799267345716,346.0105911254883,0.021679404012566152
2022-02-17,414.6451416015625,423.6674254251265,414.0379793994729,420.4892261780721,102259100.0,SPY,-0.021361572362464165,421.64051666259763,0.014420816961055561
2022-02-18,333.43658447265625,338.61127855745656,331.1226169329223,338.22074066738065,80001500.0,QQQ,-0.011405340684935705,345.5136245727539,0.020958030400630476
2022-02-18,411.9603271484375,416.1631256326664,409.6739216215225,414.9013190748919,132642900.0,SPY,-0.006474969036788791,421.46263427734374,0.01381337075113817
2022-02-22,330.087646484375,335.90677125983325,326.4458441794072,330.48795750321943,85967100.0,QQQ,-0.010043702893543394,344.77061767578124,0.020998723747862644
2022-02-22,407.5392761230469,413.1651459028215,404.0195246428283,409.7403006112362,124391800.0,SPY,-0.010731739767255832,420.97546539306643,0.01395694935567343
2022-02-23,321.63238525390625,334.0907132062241,321.3199430379151,333.2510582713938,86215400.0,QQQ,-0.025615200449099484,344.0046661376953,0.021134611693455412
2022-02-23,400.3100891113281,411.0400476361501,399.7408546290032,410.47081315382513,132578000.0,SPY,-0.017738626520836354,420.3815719604492,0.014240721852259858
2022-02-24,332.4406433105469,332.9776589240306,310.73619025827014,311.30246566937035,130614100.0,QQQ,0.033604383613634825,343.8054885864258,0.022595067693739555
2022-02-24,406.3343811035156,406.7708105895787,389.5801096524119,389.9405968177941,213942900.0,SPY,0.015049063603570945,420.1405960083008,0.01470024558936719
2022-02-25,337.5958557128906,337.8009126866889,329.41398711072134,333.24130014245407,78842100.0,QQQ,0.015507166485440926,344.0334701538086,0.02273946257872868
2022-02-25,415.2998046875,415.3851855248468,405.9170036552839,407.57725415946,121804500.0,SPY,0.022064152089804168,420.44940490722655,0.015488728812754926
2022-02-28,338.6014404296875,340.30032610940845,333.2510097908231,334.4128799031587,77515500.0,QQQ,0.0029786642809148667,343.7893768310547,0.021596452070431548
2022-02-28,414.2372131347656,415.7267018352962,408.6113431476939,409.8731206825425,145615000.0,SPY,-0.002558613177133462,420.1970458984375,0.014432507931148596
2022-03-01,333.4169921875,339.8511976410716,330.8882246878627,337.5762931432007,67407000.0,QQQ,-0.015311359088160947,342.7368560791016,0.02041037451598071
2022-03-01,407.9282836914063,414.7495434726037,405.205448672507,412.7287768929972,137785900.0,SPY,-0.015230233410504335,419.25165405273435,0.01409798356482871
2022-03-02,339.01153564453125,340.3491433482073,332.19653583181395,334.96939314518386,70609000.0,QQQ,0.01677941913015979,341.84348449707034,0.020777501614255144
2022-03-02,415.4326477050781,417.1687826740186,409.4367645189232,410.1957246135752,117726500.0,SPY,0.018396282664598917,418.53727569580076,0.014712647404413226
2022-03-03,334.1687927246094,341.7648680045023,332.3039426116682,341.6574529717135,71089400.0,QQQ,-0.014284891252195342,340.56298828125,0.020786625287171307
2022-03-03,413.3644104003906,418.48746320377376,411.5523621271487,417.8803009442285,105501700.0,SPY,-0.0049785141252446374,417.51076354980466,0.014483724129116969
2022-03-04,329.3260498046875,333.24126096266144,327.00233920668967,331.80601129547387,76936300.0,QQQ,-0.01449190656146282,339.76969451904296,0.019088654511146108
2022-03-04,410.00592041015625,411.1443603337347,405.9359274736328,409.6074476178008,113978200.0,SPY,-0.008124768136137495,416.82626190185545,0.01368610313107039
2022-03-07,317.18017578125,330.47821899917665,316.97514860142616,329.31634865328937,89933800.0,QQQ,-0.036880999941063974,338.15137939453126,0.02024360016607389
2022-03-07,397.9192810058594,410.129230921241,397.8528640480721,409.4176951084335,137896600.0,SPY,-0.029479182623035838,415.4378128051758,0.014940720747527758
2022-03-08,315.7059020996094,325.3327940474866,312.37651208263634,316.3893359841019,116153900.0,QQQ,-0.00464806376378768,336.5999450683594,0.0202278795183949
2022-03-08,394.9023742675781,405.30027612358464,393.8303223488836,398.0995372058304,164772700.0,SPY,-0.007581705341483169,413.96683197021486,0.014971881803034544
2022-03-09,327.0706787109375,328.42783279833134,321.3101632795259,323.9072832786369,64723400.0,QQQ,0.03599798589683134,335.4219696044922,0.021927033219801377
2022-03-09,405.4901123046875,407.4824187632613,401.13551574732486,403.336540576844,116990800.0,SPY,0.02681102653977807,412.85067291259764,0.016258077553949504
2022-03-10,323.4385986328125,324.64930466592307,318.98640172686294,322.9992547384848,69362700.0,QQQ,-0.011104878286368858,333.6908813476563,0.02121036038751229
2022-03-10,403.6590270996094,404.5602884388628,398.8774982538694,400.8508115340742,93972700.0,SPY,-0.004515733305235914,411.3298812866211,0.015748546427887606
2022-03-11,316.73101806640625,326.7289596780272,316.2428383129759,326.4165174847612,66228400.0,QQQ,-0.020738342902669737,332.029606628418,0.021130892368243368
2022-03-11,398.5265197753906,406.78031881925176,398.0142058222295,406.1636601649212,95636300.0,SPY,-0.012714957376519176,409.94238433837893,0.015537199004398723
2022-03-14,310.6483764648437,318.8693083896427,309.9453962944169,315.4911121965989,79802600.0,QQQ,-0.01920443927057136,330.61926116943357,0.02046529877956527
2022-03-14,395.6139526367188,402.7767356418395,394.4660161806034,399.3044659961506,95729200.0,SPY,-0.0073083395812989504,408.82954559326174,0.015085924816746404
2022-03-15,320.39239501953125,321.1735005729156,311.68328412123947,313.2942714931576,76471000.0,QQQ,0.03136671327748042,329.6751251220703,0.02193772761817263
2022-03-15,404.313720703125,404.94934328256,396.9611824279736,398.24192399779616,106219100.0,SPY,0.021990549141210236,408.2199996948242,0.016055372237705732
2022-03-16,332.2746887207031,332.39184709915105,320.6364697914419,324.31736435907646,105243000.0,QQQ,0.03708669083873706,328.90331115722654,0.02289340812106764
2022-03-16,413.2790222167969,413.33594277285255,403.0139239718719,407.8429064461944,144954800.0,SPY,0.02217412136813146,407.7228729248047,0.016454057846194005
2022-03-17,336.2972412109375,336.3558203924828,329.0721874578131,330.3707323768998,67810000.0,QQQ,0.01210610566131809,328.33702087402344,0.023109404922446886
2022-03-17,418.4494934082031,418.4494934082031,410.9736188383795,411.3530988315118,102676900.0,SPY,0.012510848394075902,407.46054992675784,0.016728326473281863
2022-03-18,343.1806030273437,343.47352876518363,333.4755868769252,334.63745710592804,85446300.0,QQQ,0.02046808885978546,328.63188018798826,0.02259000470137973
2022-03-18,423.03271484375,423.3562763874591,416.08559496003465,416.8278900408766,106345500.0,SPY,0.010952866493438185,407.8799285888672,0.016157149541345586
2022-03-21,342.2265625,344.57274661975725,337.8275120249106,342.34389557236415,73799100.0,QQQ,-0.0027799954861308374,329.07137908935545,0.02242022778558367
2022-03-21,422.9090270996094,424.8789450738188,419.3783406952006,422.861426581251,88349800.0,SPY,-0.00029238340156811926,408.42736358642577,0.016062947303782986
2022-03-22,348.95220947265625,349.82225817690824,342.34387870432664,342.72511421357217,63345900.0,QQQ,0.01965261528364337,330.01460723876954,0.022595390988754953
2022-03-22,427.8576354980469,428.7997714092016,424.307926443149,424.307926443149,74650400.0,SPY,0.011701354384360041,409.44328155517576,0.01595151657679528
2022-03-23,343.9372253417969,349.63645502119846,343.8785737355735,346.06834308877944,70615500.0,QQQ,-0.014371550013791645,331.1298492431641,0.021976726730530916
2022-03-23,422.3474731445313,426.81076907660247,422.2618270720981,425.3071562898667,79426100.0,SPY,-0.012878494845841582,410.54515075683594,0.015660432808765817
2022-03-24,351.5818786621094,351.63077489980714,343.70269297671206,345.863107159361,53555300.0,QQQ,0.02222688548096352,332.0869110107422,0.021295506938482738
2022-03-24,428.714111328125,428.7236372396159,423.2611078478265,424.3840617920597,64736900.0,SPY,0.015074408131749317,411.6641372680664,0.01566147720261152
2022-03-25,351.2885437011719,352.5789386997073,346.97747166035776,351.52315012528254,57584200.0,QQQ,-0.0008343290105102819,332.77154541015625,0.02110371965332085
2022-03-25,430.8078002929688,431.0837903582013,426.75371156457226,429.3517588407497,77101300.0,SPY,0.004883648355678671,412.43953704833984,0.015006757839200592
2022-03-28,356.7238464355469,356.82160906620953,350.0372941931569,351.2787930869702,56833900.0,QQQ,0.015472473645478768,333.6776657104492,0.021311850727467174
2022-03-28,433.8721923828125,433.8721923828125,428.3049643044695,430.20828815741294,68529800.0,SPY,0.007113130467367945,413.42128601074216,0.015009941160667431
2022-03-29,362.8629150390625,363.4885420919868,357.8479940721763,360.6242793791329,68073000.0,QQQ,0.017209582888439767,335.1499618530273,0.02109476429374661
2022-03-29,439.2394714355469,439.7343541353269,435.0807142126773,437.7834301119864,86581500.0,SPY,0.012370645427302929,414.9868453979492,0.014563428745766955
2022-03-30,358.8549194335937,362.6576678255048,357.3690289422084,360.9957926731544,68757700.0,QQQ,-0.01104548147345763,336.14213104248046,0.021156375462845038
2022-03-30,436.52728271484375,438.9064372335808,434.4050664288614,438.0879929770802,79666900.0,SPY,-0.006174738148734704,416.0415771484375,0.014301804028479553
2022-03-31,354.40704345703125,359.3535286238368,353.5663205731444,359.00158909503324,67011400.0,QQQ,-0.012394635647137942,337.15404357910154,0.021078891488088794
2022-03-31,429.8085021972656,436.5843288240368,429.3516941280503,435.7563877955423,121699900.0,SPY,-0.015391433213046368,416.86378173828126,0.014773092984433266
2022-04-01,353.7324523925781,355.45294918702496,350.54557598034336,354.6709079016366,54527800.0,QQQ,-0.0019034358286813546,338.3743637084961,0.02070892772120059
2022-04-01,431.0266723632813,431.54054882132033,427.4293919449418,431.3978053607539,89048800.0,SPY,0.0028342160748058287,417.9148193359375,0.014577547476952661
2022-04-04,361.0153198242188,361.0251050363984,354.3092275210905,354.57315975326384,45950200.0,QQQ,0.02058863240389952,340.56612091064454,0.018654678948999432
2022-04-04,434.7190856933594,434.8237835903003,430.39856216040056,431.2265032549893,59601000.0,SPY,0.008566554152746209,419.7548095703125,0.012505664066624195
2022-04-05,352.99932861328125,360.2724269857712,351.85556248900053,359.55879258062447,62738700.0,QQQ,-0.022204019527039986,342.4307922363281,0.019603579074832903
2022-04-05,429.2279968261719,435.6992850924023,428.0764942435374,433.21546187171,74214500.0,SPY,-0.012631349871444986,421.47109069824216,0.012809833918715199
2022-04-06,345.3351745605469,348.77619813209145,342.695732899858,347.6715431395288,90077100.0,QQQ,-0.021711525862788905,343.3440170288086,0.019163854540108962
2022-04-06,424.9360656738281,427.2295743624278,422.0335084647764,425.288204976221,106898000.0,SPY,-0.009999187341178661,422.4433883666992,0.012018219542154328
2022-04-07,346.1563415527344,348.3558664187858,340.86770262818374,344.3380521503232,63777400.0,QQQ,0.002377884017266574,344.4799041748047,0.018880531164352548
2022-04-07,427.0772705078125,428.90447400655216,422.0905717945073,424.0509928478638,78097200.0,SPY,0.005038887039604534,423.6143005371094,0.011917771663460907
2022-04-08,341.3173217773437,345.1689359964626,340.6819095482218,344.4162205660211,61956100.0,QQQ,-0.013979289686517293,345.70921936035154,0.01847877041159848
2022-04-08,425.9352722167969,428.8473549564212,424.3840588599722,426.3159311224342,79272700.0,SPY,-0.0026739851775715584,424.9847381591797,0.011427147035878738
2022-04-11,333.2427062988281,337.99366585039377,332.9005520081636,337.0747508219651,66107400.0,QQQ,-0.023657209767346643,346.8389358520508,0.018795973865555177
2022-04-11,418.6550598144531,423.4894888409876,418.1506802366311,422.6424959229476,89770500.0,SPY,-0.01709229753256547,426.1367935180664,0.012099060081142431
2022-04-12,331.83502197265625,339.89016188177084,330.4566493717673,338.00346534636367,72790200.0,QQQ,-0.004224201459069765,347.411067199707,0.017689328883052496
2022-04-12,417.1038513183594,424.2032400930323,415.54311205270096,421.6622903518392,84363600.0,SPY,-0.0037052185557753248,426.77630004882815,0.011303755421779218
2022-04-13,338.5802001953125,339.63595900403806,331.45373127927763,332.17712102168286,61367800.0,QQQ,0.020326902755948506,347.7263427734375,0.016275388851231243
2022-04-13,421.8811340332031,422.6424517548179,416.6755435189756,416.8563615602808,74070400.0,SPY,0.011453461049913516,427.20640563964844,0.010503587193802835
2022-04-14,330.837890625,339.1863185837127,330.6228247580038,338.66820942680835,73519400.0,QQQ,-0.022866988577141534,347.4533752441406,0.016893844623376803
2022-04-14,416.6280212402344,423.23255635554136,416.52332334176606,422.1095733763251,97869500.0,SPY,-0.012451641870658614,427.11533203125,0.01055715865051202
2022-04-18,331.0920715332031,333.38935926924506,328.25713403962664,329.78213572121865,58560600.0,QQQ,0.0007682944287998872,346.8489486694336,0.016153852125305353
2022-04-18,416.7992858886719,418.493242593528,414.5533491208519,415.6953548051551,66002500.0,SPY,0.00041107328289546885,426.8036605834961,0.010230977647148845
2022-04-19,338.4922180175781,339.0689787274563,329.42040122842354,330.4468342178235,56515700.0,QQQ,0.022350720904027677,346.6622314453125,0.0170170965823156
2022-04-19,423.5275573730469,424.2508005610737,416.5233117244911,416.6946038709386,77821000.0,SPY,0.016142713560627797,426.83458709716797,0.010902759051391816
2022-04-20,333.55548095703125,339.7630346423901,332.33352274467575,339.30357716122586,65500000.0,QQQ,-0.014584492043744679,345.89239501953125,0.016609738304862922
2022-04-20,423.2135314941406,425.9352994763438,422.0430060104534,425.3167250847932,65224400.0,SPY,-0.0007414532382591377,426.60238189697264,0.010557224236526502
2022-04-21,326.6539611816406,340.06617973026044,325.7252905619248,337.4463076983222,75801000.0,QQQ,-0.020690770109934697,345.0282318115234,0.0169123528072486
2022-04-21,416.8849792480469,428.2573497422868,415.971392022418,426.8584056894108,85417300.0,SPY,-0.014953567821309965,426.3292572021484,0.010694658739220356
2022-04-22,318.10015869140625,328.0322387093622,317.67002701021005,326.81028048618305,82562100.0,QQQ,-0.026186128156204802,343.3541458129883,0.016658930371380484
2022-04-22,405.4460144042969,416.9040019331538,404.8750114975053,415.7905738552038,132471800.0,SPY,-0.027439138882823122,425.16585235595704,0.011602483927496349
2022-04-25,322.1863708496094,322.4991993059353,315.1967759744362,316.46763039089905,101755900.0,QQQ,0.01284567783622892,341.89903717041017,0.017107694081033492
2022-04-25,407.7966003417969,407.96789249273206,398.5940181121625,403.1905607924802,119647700.0,SPY,0.00579753124704796,424.0152923583984,0.011635765575634558
2022-04-26,310.02557373046875,320.30956653792737,309.7518263652198,320.1238264446362,105819600.0,QQQ,-0.03774460442591798,339.5641235351562,0.018005905999565065
2022-04-26,395.9864196777344,405.4459388332837,395.9578709898367,405.24606897559113,103996300.0,SPY,-0.028960959101090422,422.12100372314455,0.01277829955780207
2022-04-27,309.6540222167969,315.63672535342846,307.9334953628235,310.12323511663203,111204200.0,QQQ,-0.001198454402329019,336.90367889404297,0.017162811807628915
2022-04-27,397.0999755859375,402.4768888937638,394.9492393052252,397.0714268888348,122030000.0,SPY,0.0028121063068511365,420.01402893066404,0.012284085206679233
2022-04-28,320.6516418457031,322.4894718947998,310.3969475468532,314.62982778752155,99450000.0,QQQ,0.03551583005502357,334.99351501464844,0.0196682672357478
2022-04-28,407.1304321289063,408.8719894857778,397.4139732876912,401.8772694508292,105449100.0,SPY,0.025259272625661744,418.5441864013672,0.014009901682994045
2022-04-29,306.22271728515625,319.8891081930884,305.5873050035913,316.4382995156436,91977900.0,QQQ,-0.04499875465315739,332.5842987060547,0.021538331377855026
2022-04-29,392.0846557617188,405.2842000843866,391.3328348190379,403.1144123743921,145491100.0,SPY,-0.03695566624315538,416.65799407958986,0.01570920161195628
2022-05-02,311.3354187011719,311.5700251365081,302.70348899452847,305.81214359459227,115511800.0,QQQ,0.016696022624783424,330.4644470214844,0.02216506420315385
2022-05-02,394.4447326660156,395.8151277706848,385.44199251181766,392.15122459559575,158312500.0,SPY,0.006019304427284489,414.8288970947266,0.015802951956188138
2022-05-03,311.66778564453125,313.9650730848048,308.8915001243794,311.3549571775653,78185500.0,QQQ,0.0010675526245806921,327.9970703125,0.02134111807843322
2022-05-03,396.2529296875,398.679655567182,393.3788925749156,394.9491577184404,100028200.0,SPY,0.00458415811326196,412.9055892944336,0.01565664202973848
2022-05-04,322.2059631347656,322.880486487562,306.84839992515623,312.1467942862061,116083400.0,QQQ,0.03381221279716584,326.45740203857423,0.022875816222816744
2022-05-04,408.3200378417969,408.8910407697949,393.7120223923879,396.9191182335441,144247900.0,SPY,0.03045304463442955,411.86019134521484,0.01735182672630035
2022-05-05,305.978271484375,317.9534594258561,302.6740924056155,317.875267243352,154607400.0,QQQ,-0.050364343019943525,324.48955688476565,0.024836556937746068
2022-05-05,393.8071594238281,404.4562570807109,389.6484020860431,404.027997662131,172929100.0,SPY,-0.03554290035501939,410.30374603271486,0.018822246682865668
2022-05-06,302.3124389648437,308.0214237229795,298.2652993505533,303.97431394165096,139572800.0,QQQ,-0.011980695562947896,322.29736175537107,0.024797144379138332
2022-05-06,391.45654296875,394.7492845104544,386.1177344614828,391.228153441033,151770800.0,SPY,-0.005968953074690808,408.52270965576173,0.01871614156166238
2022-05-09,290.4838256835937,302.4101467069068,289.08591300752903,296.67183718845314,113387300.0,QQQ,-0.03912711406038294,319.7556869506836,0.025815457200801403
2022-05-09,378.9231262207031,386.7648088043769,377.3338385106116,385.51813438514944,155586100.0,SPY,-0.03201738985634328,406.172102355957,0.01971550704057525
2022-05-10,294.0129089355469,298.900741416412,289.9169029299449,297.6787832961957,124124600.0,QQQ,0.012148983660787982,317.79419708251953,0.0258929227312404
2022-05-10,379.7987365722656,386.4508438263408,375.7351507959963,384.9377049207639,132497200.0,SPY,0.002310786254446029,404.22928619384766,0.01959960568990475
2022-05-11,285.2929992675781,297.2681887031671,284.4229806094794,291.7449440321204,140326100.0,QQQ,-0.029658254460794176,315.46709594726565,0.026424293627391217
2022-05-11,373.7651672363281,384.5094369547044,373.0133462919338,378.8280149186581,142361000.0,SPY,-0.015886228033276995,402.0623519897461,0.019756526733630788
2022-05-12,284.6184387207031,289.1152499270733,278.5477600002301,281.0014611015253,120910900.0,QQQ,-0.002364448299140842,312.76900787353514,0.02565646374783481
2022-05-12,373.3749694824219,376.6677110229419,366.5325191403808,370.5485329082936,125090800.0,SPY,-0.0010439650029225866,399.63704376220704,0.019393595761014806
2022-05-13,295.1664733886719,296.2026916394531,287.482784092407,289.0860077003123,83684900.0,QQQ,0.03706026466654744,310.9854370117188,0.02731490399436135
2022-05-13,382.301513671875,383.6909315289105,376.4868459723986,377.5336795807439,104174400.0,SPY,0.023907719903739855,397.92071838378905,0.020424727646028908
2022-05-16,291.7449951171875,295.4793069019176,290.46438518484274,293.4166257452235,59190400.0,QQQ,-0.011591690045972824,309.018083190918,0.02730945138229058
2022-05-16,380.7503662109375,384.4428186430234,378.3807376216756,380.64569735325904,78622400.0,SPY,-0.004057392935851278,396.11827239990237,0.02039731398889382
2022-05-17,299.30157470703125,299.68281016235943,293.8076254350322,297.6201589861022,62715300.0,QQQ,0.02590131695938247,307.0585510253906,0.02751388084544681
2022-05-17,388.5825805664063,388.8204960331947,383.1200217001012,386.8790976923247,83029700.0,SPY,0.020570470971339017,394.3710235595703,0.0206534537548961
2022-05-18,284.6088256835937,295.4695790159324,283.34775609982194,294.7755149089453,79477100.0,QQQ,-0.049090116006971996,304.6112182617187,0.029129944697738157
2022-05-18,372.9181213378906,384.2809637960822,371.6714468960751,383.99547691719647,117674500.0,SPY,-0.040311789596133796,391.8562530517578,0.022156194327753138
2022-05-19,283.083740234375,287.78586331460826,281.12860691466454,282.80026738275313,79920700.0,QQQ,-0.005358531821898493,302.43270721435545,0.028965746559474783
2022-05-19,370.6341552734375,375.087954074311,368.397744483693,369.83476293543714,98510700.0,SPY,-0.0061245778463623335,389.54371185302733,0.022057640329181307
2022-05-20,282.20391845703125,287.2090546674022,273.92392817553366,286.5541017529559,91764200.0,QQQ,-0.003107991213537442,300.6378952026367,0.02860737690528692
2022-05-20,370.7959899902344,377.8382814677449,362.1453877550972,374.24100104281246,131432200.0,SPY,0.00043664274998467256,387.8112106323242,0.021480159694887493
2022-05-23,286.89630126953125,287.2775367898699,280.8451606847929,283.24996654276134,63648400.0,QQQ,0.016627631672004872,298.8733917236328,0.02874771626814751
2022-05-23,377.7336120605469,378.50445579030895,371.5097357957892,373.841289765687,76414900.0,SPY,0.018710078473327618,386.30806121826174,0.021985713608884384
2022-05-24,280.7962341308594,282.379887325686,275.91818610899804,281.66628276649203,73491100.0,QQQ,-0.02126227180928708,297.4119247436523,0.027997785601756354
2022-05-24,374.85009765625,376.0491718307928,368.25505900539866,373.5843711400361,91448800.0,SPY,-0.00763372469970891,385.2512451171875,0.021193342245751777
2022-05-25,284.72607421875,286.8082959725637,279.09528072482755,279.3005613696782,67144500.0,QQQ,0.013995344702732782,296.16552734374994,0.028298421857041414
2022-05-25,378.161865234375,380.1413381489888,372.9467768759817,373.3464585898072,91472900.0,SPY,0.00883491187232388,384.30433959960936,0.021315590901427782
2022-05-26,292.6150207519531,294.16937802379573,283.6409658031417,283.9244684931405,59462200.0,QQQ,0.027707144682303175,294.76369628906247,0.027776427035725044
2022-05-26,385.7180786132813,387.3644641395349,379.1896919831503,379.3990587608102,82168300.0,SPY,0.01998142613936804,383.2337219238281,0.020987595771680072
2022-05-27,302.1658630371094,302.3124920707119,295.63572485496053,295.75302808184256,66985600.0,QQQ,0.032639617271228216,294.5608535766601,0.027192713481444784
2022-05-27,395.1870727539063,395.3012675186101,387.992512153444,388.1923529916757,84768700.0,SPY,0.024549002667097142,383.3888427734375,0.02016090927152328
2022-05-31,301.3642272949219,304.3457934624533,297.50282732965945,302.1365132545673,60968300.0,QQQ,-0.0026529659377474424,294.0622940063476,0.026898346323227993
2022-05-31,392.9697265625,396.32909178098976,390.2099129651642,393.5597522714404,95937000.0,SPY,-0.0056108773395709965,383.3150924682617,0.02016374978620481
2022-06-01,299.1354064941406,305.6362190020112,296.9163408525002,303.5051307823247,65341700.0,QQQ,-0.007395770960566206,293.4356750488281,0.02692603056339041
2022-06-01,389.7911071777344,396.1196515924214,387.2596836033776,395.1013956588197,86585800.0,SPY,-0.008088713124470348,382.99200134277345,0.020211408940914256
2022-06-02,307.3274230957031,307.50337794131923,296.5937300185986,298.0112136629873,59291300.0,QQQ,0.027385646846599387,292.691748046875,0.02651510417256367
2022-06-02,397.214111328125,397.261682798607,387.3644064181707,389.62936602742064,79609600.0,SPY,0.019043544128383383,382.4367050170898,0.01943407332218165
2022-06-03,299.3309020996094,303.50510070334303,298.0796180564387,302.0974024256554,60914700.0,QQQ,-0.026019549168586842,292.3593795776367,0.024674031171044622
2022-06-03,390.6952209472656,394.0260370549625,389.71501051155417,392.46529785271264,71874300.0,SPY,-0.016411527674741522,382.2811080932617,0.01807808372465901
2022-06-06,300.3280029296875,305.3429242087477,298.7638904505688,303.77881172962907,51785000.0,QQQ,0.0033310988711292566,292.26015777587884,0.024546308103280068
2022-06-06,391.8848876953125,396.4718762826238,390.7048071128911,394.7303476697992,57508900.0,SPY,0.0030449994887638,382.30252532958986,0.018040075823125484
2022-06-07,302.9185791015625,303.7006503369348,295.8996575745371,296.99452747109103,44900300.0,QQQ,0.008625822922285087,292.8818954467773,0.02280504514778226
2022-06-07,395.6438293457031,396.1006374209903,387.9068150098394,388.3731489957817,59272400.0,SPY,0.009591953577227974,383.13856048583983,0.01645772537926169
2022-06-08,300.7386169433594,304.7270757278671,299.8881089026427,302.11695965959603,38342100.0,QQQ,-0.007196528402677593,293.21818084716796,0.022777624060038703
2022-06-08,391.3423461914063,395.7199960520667,390.542953806098,393.9213414033141,64350000.0,SPY,-0.010872109799893503,383.7157409667969,0.01671879784836553
2022-06-09,292.6834411621094,302.1169531139931,292.51727154254525,299.0474094287915,55900500.0,QQQ,-0.026784640639506252,293.5877029418945,0.022579742692091967
2022-06-09,382.03515625,391.8372622233185,382.03515625,389.5532794670752,86289800.0,SPY,-0.023782731493243836,384.12924041748045,0.017239398471838425
2022-06-10,282.3603515625,288.2550773512787,281.9106792504298,287.0624448282488,85963500.0,QQQ,-0.03527049415102268,293.47479858398435,0.02403016136962435
2022-06-10,370.957763671875,376.648711777804,370.9101921981159,375.7922219532442,132893900.0,SPY,-0.028995741352337956,384.0083801269531,0.0185195095953928
2022-06-13,269.23162841796875,276.00615798558107,268.3713650126276,273.47426400070475,94442000.0,QQQ,-0.04649634083496745,292.17805633544924,0.024484537119515738
2022-06-13,356.8731689453125,363.35398336996633,355.25533229579526,361.4887344054878,170004900.0,SPY,-0.03796818965897375,382.736962890625,0.019432922496555524
2022-06-14,269.72039794921875,272.4087060370571,267.2080446854002,271.4311394596613,64697500.0,QQQ,0.001815423893998025,291.07682647705076,0.024457932217708048
2022-06-14,355.7977905273437,359.6710610018392,352.6763410025152,358.63375313073595,104011800.0,SPY,-0.0030133350208056964,381.4893341064453,0.019432055086364117
2022-06-15,276.455810546875,280.3954025805531,270.4046711688957,273.1516606419868,86051400.0,QQQ,0.024971832493456247,289.93453826904295,0.02439967740359459
2022-06-15,360.8702087402344,365.3430023023354,354.13242613778704,359.119125264377,125666800.0,SPY,0.014256463496787442,380.10371551513674,0.019073484314779867
2022-06-16,265.30181884765625,269.8670382484396,263.2391377699991,269.4075807445418,81910300.0,QQQ,-0.040346381858114455,288.9691879272461,0.023608659085248226
2022-06-16,348.9267883300781,353.00942552742333,346.48101056776454,352.60021792926864,134473300.0,SPY,-0.03309616621402378,378.9041488647461,0.01839714376577997
2022-06-17,268.5277404785156,270.9716566939938,264.4415197261469,266.07403905162784,82703400.0,QQQ,0.012159440311684477,288.24138793945315,0.02384964230801801
2022-06-17,349.6789855957031,353.0433241630427,346.1522111714354,349.3444884854048,111113900.0,SPY,0.002155745247376828,377.85639038085935,0.018420013161732772
2022-06-21,275.3025817871094,277.62389318358925,272.91276179917776,273.02048647788286,51633700.0,QQQ,0.025229577013238913,287.89632110595704,0.024632015121319496
2022-06-21,358.48162841796875,359.87704821713254,355.3658004748682,355.4422786152375,76811900.0,SPY,0.025173496792407102,377.2406723022461,0.019446670033021817
2022-06-22,274.90106201171875,279.3183421828266,272.1977820764421,272.79522965877635,67472900.0,QQQ,-0.0014584671628729007,287.2965591430664,0.02428236566042626
2022-06-22,357.8317565917969,361.9702395655686,353.80793250775906,354.2284748308788,90059400.0,SPY,-0.0018128455537312904,376.2455795288086,0.018856253669957978
2022-06-23,278.9950561523437,279.8471689533657,274.54836522103903,277.3887511878804,57457800.0,QQQ,0.014892609401597756,287.2065002441406,0.024106379883939735
2022-06-23,361.3394470214844,362.0753815456592,356.39811819026664,359.98226603738334,79292100.0,SPY,0.009802624739337906,375.57004699707034,0.019010449959996793
2022-06-24,288.554443359375,288.97562766866906,281.5905997443488,281.8256571148895,58422300.0,QQQ,0.03426364373213642,287.3979187011719,0.025131841117094145
2022-06-24,372.8277893066406,372.8373563670331,364.5030175396714,364.5316895529819,98050300.0,SPY,0.03179376727300176,375.30334320068357,0.020325307465762575
2022-06-27,286.4389038085937,290.4839893977777,285.3027432221023,289.91592404968713,54151500.0,QQQ,-0.007331509181255469,287.08911285400393,0.02437992770526729
2022-06-27,371.4037170410156,374.0511969698246,370.3045842487309,373.7549097606314,66009600.0,SPY,-0.003819651609858199,374.58762512207034,0.019750861535486323
2022-06-28,277.7120666503906,289.5731407765683,277.52596955974604,286.977615420622,61609800.0,QQQ,-0.03046666162371081,285.86642303466795,0.02390585059891767
2022-06-28,363.81488037109375,375.7716064430763,363.7001923114466,372.97119937117327,86548900.0,SPY,-0.02043285061975786,373.0190155029297,0.01915628808336205
2022-06-29,277.9666748046875,279.47502953624235,275.06752393221257,277.5749025068358,57302700.0,QQQ,0.0009168062352054029,284.69654541015626,0.023929258897823758
2022-06-29,363.5185852050781,365.36321951572495,361.6835179551487,364.3692369086249,65676000.0,SPY,-0.0008144118946245005,371.5464584350586,0.01916445091594286
2022-06-30,274.51904296875,278.1038178615727,270.11153726466966,274.97938364901086,79313600.0,QQQ,-0.012403040178683211,283.4657272338867,0.02399541806024365
2022-06-30,360.5652465820313,363.824434948563,356.0826703414588,359.5999068333425,112508300.0,SPY,-0.00812431260256119,370.0851654052734,0.0191648804360405
2022-07-01,276.3310546875,276.72282703844155,271.33587501463063,273.2164241455902,56675100.0,QQQ,0.0066006776766895925,281.91590881347656,0.022993315705057325
2022-07-01,364.3787536621094,364.8184300794512,357.2678028534704,359.9057446860557,74839700.0,SPY,0.010576468797889094,368.44339752197266,0.018724155849391886
2022-07-05,281.06170654296875,281.1792352348345,271.0615751392758,272.5895079141479,61829300.0,QQQ,0.01711950855765587,281.00244903564453,0.022945853014707505
2022-07-05,365.06689453125,365.0860286507047,356.4075970991379,359.2558099507076,81438000.0,SPY,0.0018885318153833985,367.1619812011719,0.018539005702552812
2022-07-06,282.8639221191406,284.96975440487324,279.7199096145306,281.44374370842104,63194700.0,QQQ,0.006412170474373591,280.1292449951172,0.02300010687155718
2022-07-06,366.29986572265625,368.80398538246,362.8113014064899,365.2102709081892,70426200.0,SPY,0.003377384281829876,365.8827301025391,0.018545067805598406
2022-07-07,288.9169006347656,289.6221027277591,283.676860210886,283.676860210886,56620100.0,QQQ,0.02139890612517048,279.42916107177734,0.023504056101255773
2022-07-07,371.7859802246094,372.5888257211724,366.3189596993672,368.0871448709256,64525900.0,SPY,0.014977113057712543,364.68983764648436,0.018778286793815695
2022-07-08,289.2793273925781,290.6505455552985,285.13626083527004,286.0765204482334,59895500.0,QQQ,0.0012544325271945933,278.85619659423827,0.023483540336300877
2022-07-08,371.4801940917969,373.3630675076642,368.6033088850082,370.14208895607385,72397800.0,SPY,-0.000822478923567127,363.6967300415039,0.018689010598019702
2022-07-11,283.0990295410156,287.0853513309118,282.2175342768471,286.8600979210317,55273900.0,QQQ,-0.021364464261130145,278.3769760131836,0.023208189232235752
2022-07-11,367.236572265625,369.75979714481576,366.5388476614297,368.7849194454713,58366900.0,SPY,-0.011423547994387051,362.95680084228513,0.018142289612073165
2022-07-12,280.3565368652344,286.2723974579635,278.7600355390411,284.35269219182925,55797100.0,QQQ,-0.009687396951616578,278.2767852783203,0.021912251471354557
2022-07-12,363.9868774414063,369.081161887606,362.2282593043197,366.6821632552756,62219200.0,SPY,-0.00884905009370407,362.6082565307617,0.017082070733728298
2022-07-13,279.7786560058594,282.129319689136,274.2643719761859,274.83246721624994,73939400.0,QQQ,-0.0020612355461245846,278.8041366577148,0.019025741315162117
2022-07-13,362.0753173828125,365.0286803532009,358.08976201710044,358.510304290068,84224600.0,SPY,-0.005251727952476859,362.86836395263674,0.014742606041491552
2022-07-14,280.7777709960937,281.64946230937994,274.04895251469446,277.1733873457408,63741800.0,QQQ,0.0035710908204997782,279.3570053100586,0.019028429693893036
2022-07-14,361.1960754394531,362.2856411829888,354.6299214594834,357.0862352049088,89704800.0,SPY,-0.002428339909261945,363.1382781982422,0.014735164006537156
2022-07-15,285.8708801269531,285.978634722716,282.15877166581964,283.77488137003786,63818100.0,QQQ,0.01813928899282513,279.8277587890625,0.018655445894555193
2022-07-15,368.0967712402344,368.2114593056703,363.7097777300919,365.6308611618828,79060400.0,SPY,0.01910512397562858,363.4996063232422,0.015004658441833883
2022-07-18,283.45166015625,290.072724534794,282.2763429164222,288.66231993474537,59519600.0,QQQ,-0.00846263169452155,280.73525085449216,0.016039405369081435
2022-07-18,365.0574035644531,371.8816056458765,363.8244485836064,371.2030151789039,63203600.0,SPY,-0.008256979993442104,364.30613708496094,0.012906636748112415
2022-07-19,292.16864013671875,292.4624917806867,285.4790391624275,287.08531456627213,55172600.0,QQQ,0.03075296851556142,281.9172958374023,0.017076939292374478
2022-07-19,374.9209289550781,375.49439838177176,368.3452375883065,369.0046938859575,78506000.0,SPY,0.027019107938413667,365.5682342529297,0.014035901888084268
2022-07-20,296.8014221191406,297.9865430182789,291.8062431915184,292.5898176668118,67769400.0,QQQ,0.01585653402176912,282.9922378540039,0.016596072130405804
2022-07-20,377.3103942871094,378.7345155046824,373.7358135711647,375.1121286509885,71843800.0,SPY,0.006373251391142087,366.5096725463867,0.013113112234555923
2022-07-21,301.0620422363281,301.1208065906534,294.59769424773924,297.261787908296,55049400.0,QQQ,0.014355120291429158,284.3002868652344,0.016703837029312274
2022-07-21,381.1526489257813,381.2004258993657,374.3093120726618,376.72741612704,64903900.0,SPY,0.010183272702920076,367.67571716308595,0.013172750467176012
2022-07-22,295.78277587890625,302.2079368126637,293.95121733548416,300.1315168620396,57127700.0,QQQ,-0.017535476469257905,285.1396728515625,0.017226822347089197
2022-07-22,377.6162109375,382.4810902020112,375.379706447606,381.27683650306295,72197300.0,SPY,-0.009278272099769502,368.4895553588867,0.013362320662917749
2022-07-25,294.09814453125,296.2823191652776,292.09029283683253,295.8121744768343,40582400.0,QQQ,-0.005695501851486928,285.41685791015624,0.015664532385775875
2022-07-25,378.0750122070313,378.9352017995165,375.81937347807474,378.2470442919547,53631500.0,SPY,0.0012149935734810935,368.7519165039063,0.01141648783340312
2022-07-26,288.3194274902344,292.64859065945006,287.5065007065622,292.39392521116946,50074100.0,QQQ,-0.019648940833088435,285.5108840942383,0.01624360547445988
2022-07-26,373.6020202636719,376.6318035148528,372.7035915548239,376.4215323453805,52946400.0,SPY,-0.011830964223866869,368.8618316650391,0.011722108494923857
2022-07-27,300.5037536621094,302.1982056011112,292.3253755219747,292.8934708059393,69304400.0,QQQ,0.04225981675233337,286.65046844482424,0.01707664476434531
2022-07-27,383.3031311035156,385.06174955181314,376.6222594108799,376.9185466448507,82342100.0,SPY,0.025966430355481407,369.8362442016602,0.011979016686525651
2022-07-28,303.44207763671875,304.01994702756605,296.52719321022545,300.28826120696283,55139900.0,QQQ,0.009777994247330613,287.92423858642576,0.017104941041304524
2022-07-28,388.1106567382813,388.8083521947853,380.5409235460445,384.11553354942833,73966600.0,SPY,0.0125423594138796,371.06584777832035,0.012145115760335203
2022-07-29,308.9759826660156,309.88689003257247,303.55964825513223,304.9896607319432,57501000.0,QQQ,0.01823710499346798,289.64708557128904,0.016878973360706505
2022-07-29,393.7688293457031,394.762841231794,388.77969412741766,389.55386776750754,87003700.0,SPY,0.014578761260960027,372.72602691650394,0.012077210332836253
2022-08-01,308.7898254394531,312.25707147850824,306.1061538701248,307.2031282374324,46358800.0,QQQ,-0.0006024974011126227,291.27002410888673,0.01694364489839795
2022-08-01,392.6027221679688,395.1259759724364,390.3375456472429,391.0543751369848,69997500.0,SPY,-0.0029614004228621926,374.1372253417969,0.012097081347558221
2022-08-02,307.86920166015625,312.0024643532594,305.43039105236727,306.4882093116286,48676500.0,QQQ,-0.0029813928551133406,292.6103988647461,0.01682662113594658
2022-08-02,390.01263427734375,394.7341540955972,388.8274853760052,391.0257510803338,63435400.0,SPY,-0.006597223463766344,375.3845123291016,0.012314734788631475
2022-08-03,316.2532653808594,317.07599625736265,309.49506551973684,309.55382987589326,53735700.0,QQQ,0.02723255095180943,294.27986602783204,0.01756600860641304
2022-08-03,396.1199645996094,397.2955462267999,391.8667648746773,392.153484986708,67820600.0,SPY,0.015659314046535755,376.87551727294925,0.01261701854126067
2022-08-04,317.73223876953125,318.04566862606544,314.1768454284069,316.33163832918416,38973700.0,QQQ,0.004676547408580145,295.7206329345703,0.01717505841308507
2022-08-04,395.8524169921875,396.7317115977117,394.19891961633147,396.0435540435376,45656600.0,SPY,-0.0006754206587196165,378.0788391113282,0.012383309680248838
2022-08-05,315.1366577148437,317.17389164328364,311.84573447113826,312.6292790843126,53894000.0,QQQ,-0.008169083076805084,297.0134994506836,0.017408120136553688
2022-08-05,395.183349609375,395.8332680618183,391.48451383201046,391.5418578620573,56814900.0,SPY,-0.0016901940068884125,379.2639968872071,0.012399702913428332
2022-08-08,314.1180725097656,319.75969021243384,312.64890372388874,316.0573860676367,43878500.0,QQQ,-0.0032322015866518283,298.56445159912107,0.016439097982016843
2022-08-08,394.724609375,399.1498422183804,393.6159093986644,396.8846652916428,53886100.0,SPY,-0.001160828852805773,380.6383987426758,0.011968860472562603
2022-08-09,310.56268310546875,312.4726145068504,308.9368292658063,312.2179490159153,39764200.0,QQQ,-0.011318640076611097,300.0747589111328,0.01652141618174145
2022-08-09,393.15716552734375,394.4952416764392,392.0771375459005,393.98868323542905,44931800.0,SPY,-0.0039709808064364305,382.0969131469727,0.0117476964916755
2022-08-10,319.230712890625,319.5245645192212,315.440263015176,317.91825930909414,51459600.0,QQQ,0.02791072545638884,302.04736175537107,0.0171692369152346
2022-08-10,401.41497802734375,401.558367270599,398.289611712446,400.2585011954021,68665700.0,SPY,0.021003845851121028,384.0638961791993,0.012128826477811399
2022-08-11,317.4187316894531,323.5696491485021,316.7135296289751,321.56179753105,45897700.0,QQQ,-0.0056760866921745645,303.87940979003906,0.017382707634810857
2022-08-11,401.41497802734375,406.1556317511572,400.6694764674659,404.2822962065461,59489700.0,SPY,0.0,386.0748413085938,0.012059982828030084
2022-08-12,323.59912109375,323.7949923249394,318.41784430021045,319.4756326415139,40928400.0,QQQ,0.01947077720146484,305.7658218383789,0.017432939811212803
2022-08-12,408.2104797363281,408.31560072083687,402.4089331045966,403.3647056962678,61694500.0,SPY,0.016928869327146767,388.0805267333985,0.011938657458431081
2022-08-15,326.2141418457031,326.7136686554246,322.62936744307586,322.648975484434,38266600.0,QQQ,0.008081050230033027,307.90394592285156,0.017081529935942863
2022-08-15,409.8927001953125,410.4183927247335,405.9262489941598,405.9835930274973,54048300.0,SPY,0.004120963430608082,390.32229156494145,0.011514785679465506
2022-08-16,325.45025634765625,327.54628475285773,322.39439016725896,325.23477707133003,41186900.0,QQQ,-0.0023416688612113434,309.5680267333984,0.016261854246542837
2022-08-16,410.695556640625,412.63577412947495,408.00027052275385,408.8126831825494,59289000.0,SPY,0.001958699056923807,392.1110229492188,0.010402157336230214
2022-08-17,321.7381286621094,324.6177015924297,319.6519044074577,322.3062239424107,47842200.0,QQQ,-0.011406129241396168,310.8148620605469,0.016491939596893372
2022-08-17,407.7804260253906,410.5043841167824,405.7637595824602,407.073163544798,63563400.0,SPY,-0.007098033003033466,393.63452453613286,0.0107140114634351
2022-08-18,322.5118713378906,323.696992237814,320.073061166977,321.6891405560199,41937200.0,QQQ,0.0024048833720726748,311.887353515625,0.016319069934062975
2022-08-18,408.965576171875,409.6537044837084,406.6812655212501,407.981102334091,49023200.0,SPY,0.0029063438822602983,395.0251708984375,0.010614095989662523
2022-08-19,316.22381591796875,320.1220204604785,315.45984948796337,319.46580859755994,51770600.0,QQQ,-0.019497128567196098,312.90940551757814,0.016457914916195495
2022-08-19,403.4699096679688,406.45191588489774,402.5905859324768,406.1843006902469,68016900.0,SPY,-0.013437968435750514,396.31785583496094,0.01091580157200464
2022-08-22,307.8985290527344,312.1885059057158,307.0856022915618,311.9534485078461,51098900.0,QQQ,-0.026327197529594115,313.5994247436523,0.017665233574923427
2022-08-22,395.0686645507813,398.7770674172841,394.16066878836006,398.6050061579676,77695600.0,SPY,-0.020822482459971314,397.16753845214845,0.012183717033420536
2022-08-23,307.6439208984375,310.484307640111,306.8897285292592,307.66349905323347,39497100.0,QQQ,-0.000826922282091358,314.5656494140625,0.016911677843169902
2022-08-23,394.1128845214844,397.0471137542741,393.5585200132596,394.6385478471304,49105200.0,SPY,-0.002419275723585246,398.1930816650391,0.011785630114344163
2022-08-24,308.53521728515625,310.35697204469074,306.5567177274495,307.16396931396105,38057100.0,QQQ,0.002897168857150856,314.9672225952148,0.014226549612236648
2022-08-24,395.37451171875,396.75079759346136,393.1953510959766,393.88347944939807,49177800.0,SPY,0.003201182318100182,398.7966506958008,0.010447930059457702
2022-08-25,313.9906616210937,314.0102696631607,309.269756480703,310.3177405705039,38098300.0,QQQ,0.017681755696936863,315.4946517944336,0.01457654202475511
2022-08-25,400.9562377929688,401.004014763572,395.7759366268872,396.87506946158845,50942300.0,SPY,0.014117566784854763,399.43892974853514,0.010540261938229779
2022-08-26,301.1208190917969,314.90162866911857,301.0326725566496,313.69689957481137,69047700.0,QQQ,-0.04098797863239456,315.10189361572264,0.016895270720217365
2022-08-26,387.3842468261719,401.3863116303522,387.3269027952147,400.8415433362592,103087000.0,SPY,-0.03384905804559335,399.1197006225586,0.012752132289893567
2022-08-29,298.1531066894531,300.9053470619951,297.0463281265555,298.3587819430801,48321900.0,QQQ,-0.009855553698660202,314.57005767822267,0.017005801833462245
2022-08-29,384.8227844238281,387.89080676379103,383.45603640076416,384.4118091443674,65370800.0,SPY,-0.00661220073694202,398.73070373535154,0.012811605484732492
2022-08-30,294.8327331542969,300.4253896090577,292.3057764060262,299.8083340370713,51184500.0,QQQ,-0.011136471365413736,313.91823425292966,0.01713759130230277
2022-08-30,380.5982055664063,386.22772027989646,378.4859562502946,385.9887771256981,85652400.0,SPY,-0.010977985265989476,398.2599822998047,0.012950439857561828
2022-08-31,293.1187438964844,298.642832746009,293.0110192021264,297.74172942724925,50044000.0,QQQ,-0.005813429328132003,312.7615081787109,0.01570158461216432
2022-08-31,377.7022399902344,383.4942200869952,377.5684469825705,382.2421602119181,76029700.0,SPY,-0.0076089837887232115,397.33909606933594,0.012394996909295932
2022-09-01,293.2460327148437,293.6182268583599,286.9286259677699,290.6211254473125,57990700.0,QQQ,0.00043425683621345357,311.5371978759766,0.015611243964563702
2022-09-01,378.887451171875,379.231515365641,372.7896162830378,375.5135744884985,78740100.0,SPY,0.0031379511587521502,396.4908477783203,0.012450577573445337
2022-09-02,289.1029968261719,297.5066276759485,287.4868875290173,296.1256056692822,64666800.0,QQQ,-0.014128190756123704,310.23551483154296,0.015753524540250047
2022-09-02,374.892333984375,383.8001439617311,373.06680433764257,382.5767558783768,99632100.0,SPY,-0.010544337573449192,395.47629699707034,0.012591347327132405
2022-09-06,287.02655029296875,290.5036004605088,284.8913658416543,289.58291911171983,57005400.0,QQQ,-0.007182376371046795,308.8809387207031,0.015765729760450972
2022-09-06,373.4777221679688,376.6891042036381,371.2412177142992,375.7428986338187,76637400.0,SPY,-0.003773381550301713,394.41395263671876,0.012589659526123358
2022-09-07,292.82489013671875,293.8239140175416,287.2420375378397,287.50650701387474,49260400.0,QQQ,0.020201405890262203,307.9940490722656,0.016589606229681215
2022-09-07,380.187255859375,380.9614293975106,372.9425117716776,373.1623208208597,70964200.0,SPY,0.017965017170123554,393.7654571533203,0.0134012709683768
2022-09-08,294.34307861328125,295.6653365900624,289.3773104902941,290.74852880719703,55649800.0,QQQ,0.005184629202297897,306.7496673583984,0.015085103915213068
2022-09-08,382.6722412109375,383.13099339504765,376.6890953550019,377.90294523381226,80821700.0,SPY,0.006536214229341919,392.8283203125,0.012476019839045296
2022-09-09,300.7779846191406,301.2775115046468,294.3430190211822,296.6055362585867,56125200.0,QQQ,0.021861923970408093,305.9176300048828,0.016138412707031525
2022-09-09,388.6171875,389.4869441612766,384.660274502623,384.9278896931797,76706900.0,SPY,0.015535347613012451,392.1884307861328,0.013095868119027224
2022-09-12,304.3529663085937,304.68597428060605,301.845587550832,302.1590173681304,45905700.0,QQQ,0.011885782445081094,304.955322265625,0.015675833206724735
2022-09-12,392.7939453125,393.5203419678013,390.3949462719757,390.7008005655626,69256300.0,SPY,0.010747743401081644,391.41760406494143,0.012704231574703328
2022-09-13,287.6632080078125,296.7916190235628,286.7719088526844,295.5966940990329,79562200.0,QQQ,-0.05483685111798409,303.0277755737305,0.01925226993927325
2022-09-13,375.7142333984375,385.2719598691794,374.5864286751779,384.0581099399607,122947100.0,SPY,-0.043482625223446814,389.7086807250977,0.015646198695998304
2022-09-14,289.9453125,290.82680766143733,287.03635754403905,288.80915188891885,54907200.0,QQQ,0.00793325120717392,301.25252838134764,0.019493127954477323
2022-09-14,377.14788818359375,378.6771302355147,373.82178890825554,377.0236330739944,85023700.0,SPY,0.0038158117465725283,388.0312973022461,0.015690283582118974
2022-09-15,285.1166687011719,290.4350520413631,283.5103632962268,288.0256238242582,65299400.0,QQQ,-0.016653636360574486,299.4214553833008,0.01961069673024408
2022-09-15,372.8660278320313,378.44773670191057,371.5852959596015,375.5804187036109,87633800.0,SPY,-0.011353266147623331,386.28557739257815,0.0157612935433741
2022-09-16,283.37322998046875,283.76500227256685,279.749269025364,281.8061109217664,79920400.0,QQQ,-0.00611482565591559,297.4645233154297,0.01951451653275935
2022-09-16,370.021484375,370.683678921136,366.7105116443199,368.6587284160567,103084800.0,SPY,-0.007628861963023148,384.3383728027344,0.015682007745250102
2022-09-19,285.5799865722656,285.7369831212887,280.664165007613,280.7230349704929,52613800.0,QQQ,0.007787456112029245,295.93233184814454,0.019494421754381232
2022-09-19,372.8909912109375,372.8909912109375,366.777713980512,366.8545062926547,73278500.0,SPY,0.00775497358155941,382.80942687988284,0.015788434116266285
2022-09-20,283.3035583496094,285.5995763034925,280.99771875574464,283.0680485982199,51271100.0,QQQ,-0.00797124563937257,294.7025833129883,0.01885410762772494
2022-09-20,368.6106872558594,370.5588745356627,365.8371731138835,369.54159620952,77274900.0,SPY,-0.011478700360065375,381.48652801513674,0.015391888068715647
2022-09-21,278.2307434082031,288.4254871116394,278.09339015270274,284.14741380444843,82931000.0,QQQ,-0.017905934436397652,293.23192443847654,0.0190889981689477
2022-09-21,362.1807861328125,373.62038075248415,362.1711797716415,370.549332521765,106746600.0,SPY,-0.017443610143033528,379.8899230957031,0.015707685205452536
2022-09-22,274.806396484375,277.71075812297386,273.57988887334113,276.70011704924326,62757100.0,QQQ,-0.012307579248365563,291.5454833984375,0.019067569984264524
2022-09-22,359.1385498046875,363.0541087165745,358.38998577942874,361.4034253163003,89472600.0,SPY,-0.00839977283336446,378.078125,0.0156380372999323
2022-09-23,270.33209228515625,272.6281108817209,266.9076627597219,272.3337310960899,74815200.0,QQQ,-0.01628165958456196,289.3625549316406,0.018385511663642995
2022-09-23,353.1211853027344,355.6835646985582,348.6489853785956,355.64516854599304,122346900.0,SPY,-0.016754994709494708,375.6863723754883,0.015202831803501625
2022-09-26,269.2134094238281,274.23717793445803,268.4186351837336,269.86100879427966,71176700.0,QQQ,-0.004138180013596338,287.7671844482422,0.01658997677255776
2022-09-26,349.6278991699219,355.29011674552225,348.39948576610453,351.6432726901012,92581200.0,SPY,-0.009892598570141464,373.7985549926758,0.013789505160532277
2022-09-27,269.32135009765625,274.9436395690517,266.9958674461967,272.58875188850766,69780100.0,QQQ,0.00040094835565263054,286.32559661865236,0.016605202642754106
2022-09-27,348.7353515625,355.4724265356737,346.32649822363004,353.1883387257356,108294100.0,SPY,-0.002552850071578794,371.9941833496094,0.013794755025063506
2022-09-28,274.6788330078125,275.96421057979035,267.8202120762934,269.3018128982636,79652100.0,QQQ,0.019892529531036596,285.3179016113281,0.017424998461514157
2022-09-28,355.5972595214844,357.29591616121235,347.98685368977493,349.69511669129935,110802200.0,SPY,0.0196765482141108,370.74413604736327,0.014744814940681883
2022-09-29,266.76043701171875,271.05812354439,263.78738440191603,270.6754388791944,81216000.0,QQQ,-0.028827834709304057,283.99998626708987,0.018330043271919304
2022-09-29,348.169189453125,352.31506664874274,345.20372321911407,352.0271686794942,112952300.0,SPY,-0.02088899694658808,369.2674835205078,0.015240370193621502
2022-09-30,262.2370910644531,270.01804644675275,262.0800945315711,265.93622642390045,78482400.0,QQQ,-0.016956584709249545,282.4495391845703,0.01849350443452808
2022-09-30,342.7852783203125,351.16346104905296,342.65093569127106,347.2190829693907,153711200.0,SPY,-0.01546349101501221,367.4623748779297,0.015352154251876964
2022-10-03,268.3892517089844,269.98862213538143,262.5020162414288,264.0130817290959,61267400.0,QQQ,0.023460299302279664,281.4138519287109,0.019446099981681966
2022-10-03,351.8351745605469,353.6969926366844,344.73340906493485,346.5280411938228,89756500.0,SPY,0.0264010644931425,366.3095169067383,0.01679027246026266
2022-10-04,276.8276672363281,277.53413678896345,273.74666587110323,273.74666587110323,66696900.0,QQQ,0.03144095925455903,280.9039077758789,0.020925662395419552
2022-10-04,362.73736572265625,362.7661555158724,351.7968049852699,357.39183624328564,103602800.0,SPY,0.030986643605849018,365.77249908447266,0.018428807207657674
2022-10-05,276.68048095703125,278.4760747765659,270.243771939112,273.0500067492764,55766300.0,QQQ,-0.0005316891940978508,280.09668731689453,0.02029291326073598
2022-10-05,361.892822265625,364.1673037688315,356.0002867771157,358.3419542263479,88065700.0,SPY,-0.0023282505108034313,364.85777740478517,0.01786246412860895
2022-10-06,274.502197265625,278.839110971522,274.17838252036097,275.6796264868685,53489400.0,QQQ,-0.007872921443072611,279.1046432495117,0.02023810488037758
2022-10-06,358.1596374511719,363.45716478022894,357.6605752842696,360.4820923637906,82333500.0,SPY,-0.010315719419582758,363.63214721679685,0.017820594952431105
2022-10-07,264.04254150390625,269.9788258468675,262.7080857683854,269.85126427538046,71354700.0,QQQ,-0.038104087566182,277.26787109375,0.020751698992799536
2022-10-07,348.169189453125,358.24602840445226,346.3937405422584,354.10012192114687,107789500.0,SPY,-0.027893841051279455,361.6097473144531,0.018067744302673487
2022-10-10,261.4030456542969,264.63122118092616,258.6851163173748,264.2387148983744,60393000.0,QQQ,-0.009996479486129806,275.12037506103513,0.02031551046059117
2022-10-10,345.5107421875,349.53188239491976,343.2554734979914,349.2919577013395,76042800.0,SPY,-0.0076355040772007055,359.24558715820314,0.01767028732568211
2022-10-11,257.81182861328125,262.6001177949354,256.1241534089937,259.7251919354999,66522500.0,QQQ,-0.013738237180927815,273.62780609130857,0.01708405459987951
2022-10-11,343.3226623535156,348.3994775463755,341.37447483043223,343.80251178568085,92482800.0,SPY,-0.006332885108379482,357.62600860595705,0.01534999106055974
2022-10-12,257.7235107421875,260.3727483506688,257.0268630308935,258.44959342877496,50580200.0,QQQ,-0.00034256717998082387,272.01671600341797,0.01684459073443174
2022-10-12,342.19024658203125,345.31887445166694,341.9407154893059,343.73537708190366,76991800.0,SPY,-0.0032984008795735598,355.8781265258789,0.015231889910680519
2022-10-13,263.76776123046875,265.0923951039524,249.4813916162604,250.3644858559205,112894100.0,QQQ,0.023452460626797844,270.9492706298828,0.01783488084411425
2022-10-13,351.2209777832031,352.69892216426666,334.0807416549414,335.13641621284387,147254500.0,SPY,0.026390966111323744,354.7958740234375,0.016642573511633126
2022-10-14,255.83958435058597,266.7015394731596,255.2508848404388,266.10301832316867,77244300.0,QQQ,-0.03005741430604736,269.57258834838865,0.018781608297677454
2022-10-14,343.21710205078125,355.338103128939,342.5740909391228,353.69699701959405,123737000.0,SPY,-0.022788717755242938,353.4556549072266,0.01720710486340308
2022-10-17,264.2878112792969,265.1610689466003,261.72684834694667,261.82497492431366,64576500.0,QQQ,0.03302157854170851,268.5079795837402,0.020454020738676543
2022-10-17,352.0367736816406,353.1500279712491,342.88123755495064,349.34002199190445,93168200.0,SPY,0.02569706339853206,352.4129440307617,0.018266095166117408
2022-10-18,266.3778076171875,272.0000986632557,263.6892828964204,271.33288578996803,69781000.0,QQQ,0.00790803150464603,267.6616920471191,0.02058596495830066
2022-10-18,356.1730651855469,360.3189715527156,352.7085368516379,360.0118608689949,97162900.0,SPY,0.011749600647251723,351.7910629272461,0.01841743485360498
2022-10-19,265.4064025878906,268.5364521379188,263.03190082554363,264.85692962086665,53115400.0,QQQ,-0.0036467190641229497,267.02047500610354,0.020282654129899526
2022-10-19,353.6490173339844,356.8640142581937,350.8178940825872,354.119260386603,79746900.0,SPY,-0.007086576999435934,351.3644744873047,0.018089849639086227
2022-10-20,264.05230712890625,269.67462775308275,262.88469964866005,264.51347510272905,60605500.0,QQQ,-0.005101969831100672,266.4827705383301,0.020156543946760974
2022-10-20,350.6835327148437,357.6509551899763,349.91575612261187,353.1979388180783,88283100.0,SPY,-0.008385389111204788,350.9417236328125,0.01808954177994932
2022-10-21,270.2437744140625,270.783425745873,261.805396677915,262.9435992510727,77897700.0,QQQ,0.023447881794623537,266.4783546447754,0.020607014495281652
2022-10-21,359.2057189941406,359.6951455304752,348.88895554592915,350.40526696150266,131038400.0,SPY,0.024301643745064938,351.24595031738284,0.01853589812028549
2022-10-24,273.2168273925781,274.1489551422456,266.8586016230017,270.5086892037533,63963600.0,QQQ,0.011001374536607766,266.6785255432129,0.020717600581070545
2022-10-24,363.6011352539063,364.7431793435059,358.07325994879784,360.7412511368311,85436900.0,SPY,0.012236487414715613,351.94461212158205,0.018510854447031173
2022-10-25,278.8685607910156,279.2512455205015,272.677153061995,274.1587837673911,59014500.0,QQQ,0.02068589058871062,267.15588607788084,0.021181043719127945
2022-10-25,369.4073181152344,369.7240058696309,363.40919991488346,363.5243590983004,78846300.0,SPY,0.015968549870652993,352.97821044921875,0.018726633270196223
2022-10-26,272.70660400390625,278.6429188713533,272.21600095423463,273.22664203879685,63492400.0,QQQ,-0.0220962763591237,267.05727462768556,0.02138961436507642
2022-10-26,366.6241455078125,371.96006879080073,365.9811636770056,366.2402718239104,104087300.0,SPY,-0.007534156663766112,353.52955474853513,0.01844135109559754
2022-10-27,267.7416381835937,273.0499654786132,267.2216002756394,271.5879783295396,57760300.0,QQQ,-0.018206254441280212,267.1063346862793,0.02076258137570132
2022-10-27,364.6663208007813,369.4839977078487,364.042493218663,367.6317862548759,81971800.0,SPY,-0.005340141207337612,354.35441131591796,0.017754376138226335
2022-10-28,275.93475341796875,276.4057430793564,266.9469028353632,267.11372103128093,62651300.0,QQQ,0.030600825818347,267.7912178039551,0.021385522873386208
2022-10-28,373.342041015625,373.8218904469642,364.37845715272994,364.56080227965367,100302000.0,SPY,0.02379084582253843,355.8822494506836,0.017837485230246298
2022-10-31,272.7261962890625,274.5021766012349,270.80301113428953,273.6779672252014,47742000.0,QQQ,-0.011627955845221583,268.008065032959,0.02103488366306361
2022-10-31,370.6453247070313,372.7470677586442,369.7336282736311,370.8660660099493,96631300.0,SPY,-0.007223178780663586,356.8227569580078,0.017231893486505417
2022-11-01,269.93951416015625,276.768728110504,269.5764728039961,276.20943361608306,45895900.0,QQQ,-0.010217874801996096,267.6636573791504,0.019894803630805223
2022-11-01,369.0233459472656,374.6568021067071,367.84293525082256,374.4168774236667,85407600.0,SPY,-0.004376093941149128,357.1370559692383,0.01594831631559178
2022-11-02,260.686767578125,272.9812758948234,260.6180759808633,269.91009673983194,79803100.0,QQQ,-0.034277110599456595,266.8639717102051,0.02123263396949478
2022-11-02,359.7623291015625,372.9677955998721,359.65677627855564,368.42840916915645,126990400.0,SPY,-0.025096018849242507,357.03053131103513,0.01697632147545277
2022-11-03,255.59426879882807,259.528913323936,255.2116141383536,258.0669263810603,70038900.0,QQQ,-0.019534933923221698,265.91857528686523,0.021538416106236465
2022-11-03,356.057861328125,359.1193028445847,353.927328819612,356.4993145757821,87100100.0,SPY,-0.01029698629839515,356.9254425048828,0.01697573207352035
2022-11-04,259.70556640625,261.5992865773763,254.21080746248091,260.53959739714816,78313200.0,QQQ,0.01608524959007518,265.70172653198244,0.020308541123668304
2022-11-04,361.1826477050781,363.6010781272511,355.0885544933981,361.8064460648948,103505200.0,SPY,0.014393128009692724,357.5761154174805,0.0159412613286125
2022-11-07,262.5608825683594,263.10056377850293,258.6164456395139,260.7554673099015,47333800.0,QQQ,0.010994435743602482,265.75961837768557,0.020341493326630006
2022-11-07,364.6375732421875,365.232581816184,360.3956916309066,362.48782800001794,68286900.0,SPY,0.009565591146367902,358.53245697021487,0.015860316249161087
2022-11-08,264.4742736816406,267.72206314682194,260.52980639660615,264.08179727036173,63213800.0,QQQ,0.007287418805743462,266.09274063110354,0.02011343720809553
2022-11-08,366.6050109863281,369.59926712301353,362.4975005164182,365.7508648345784,84641100.0,SPY,0.005395597954009679,359.69657440185546,0.01572041813365213
2022-11-09,258.37115478515625,263.51266431827514,258.0865966788033,262.72771154547326,64862100.0,QQQ,-0.023076418025561818,266.12512283325196,0.02085009429508865
2022-11-09,359.0521545410156,365.7796532095322,358.5530923683433,364.61839645211097,78495500.0,SPY,-0.020602163688357655,360.5396697998047,0.016562281304615865
2022-11-10,277.4359436035156,277.73029336978203,268.7032178573205,270.82262600651364,99256700.0,QQQ,0.07378837948923644,266.8085319519043,0.02615177339815275
2022-11-10,378.7835388183594,379.119439271063,370.0982760012639,372.4111244405357,141455800.0,SPY,0.054954089615662616,361.9177978515625,0.019667718394619803
2022-11-11,282.54803466796875,283.2152774187461,275.90528169082427,277.2495289451392,66961800.0,QQQ,0.018426203173439015,268.1439544677734,0.02516961713244334
2022-11-11,382.4495849609375,383.2557284527507,377.7470373271684,379.6472515285247,93839900.0,SPY,0.009678472707696395,363.8794219970703,0.01865710670783065
2022-11-14,280.075439453125,283.7745752459589,279.0942334656754,280.4875291991968,55290700.0,QQQ,-0.008751061453141529,268.93333587646487,0.024469243056509892
2022-11-14,379.1961975097656,384.0522712527773,378.9178766481572,380.6741419104121,71903500.0,SPY,-0.008506709326156492,365.2373931884766,0.018280792824105344
2022-11-15,283.951171875,287.74843367759155,280.5954347331599,286.71814958111986,73985400.0,QQQ,0.013838173134505194,269.81200408935547,0.024565234800869886
2022-11-15,382.4303894042969,386.0964460790681,378.5915939637452,384.9831918867859,93194500.0,SPY,0.008529072590312436,366.5502593994141,0.01822190800104401
2022-11-16,280.075439453125,284.0395200267497,279.251230016951,281.9888031062638,48859800.0,QQQ,-0.013649291870438729,270.5454559326172,0.024818502924788988
2022-11-16,379.512939453125,381.74902499018623,378.87953466838616,380.78932609591885,68508500.0,SPY,-0.007628708470883594,367.8434555053711,0.0182392221024979
2022-11-17,279.45721435546875,280.93884465766456,275.4440863293859,275.6010828466537,55462100.0,QQQ,-0.0022073520579434236,271.3157012939453,0.024777292528405596
2022-11-17,378.3516845703125,379.0330918757376,374.4169425145551,374.72402390359406,74496300.0,SPY,-0.003059855836498926,369.2268630981445,0.018091914385074792
2022-11-18,279.4670715332031,282.57747746653075,277.01405678400505,282.479380831785,53588600.0,QQQ,3.5272582806999964e-05,271.77686614990233,0.02431537970878262
2022-11-18,380.0695190429688,381.77778175546456,377.2000289694266,381.7105958096339,92922500.0,SPY,0.004540311415838438,370.2700531005859,0.01745062036637232
2022-11-21,276.5921630859375,279.2315795760178,275.7581320291764,278.0737637270706,40083500.0,QQQ,-0.010287109788975846,271.9456329345703,0.024364432358357262
2022-11-21,378.68756103515625,379.8680011496598,376.8353493065511,378.7355635496749,51243200.0,SPY,-0.0036360663998848963,371.0243743896484,0.0173677187895528
2022-11-22,280.57586669921875,280.73283330792435,275.18902541606224,277.3280772460666,41873400.0,QQQ,0.014402807255401218,272.03099822998047,0.024135186098902504
2022-11-22,383.7835388183594,383.94670049862543,379.2249695830242,380.6453343304418,60429000.0,SPY,0.013456945269797238,371.74318542480466,0.017271552880625887
2022-11-23,283.39190673828125,284.0198629688996,280.4188539382524,280.59546382086114,46390000.0,QQQ,0.010036643821834224,272.56526336669924,0.023610278193935474
2022-11-23,386.2020568847656,386.6914834241831,383.21737797832736,383.44769634981793,68261600.0,SPY,0.006301776448913499,372.72208099365236,0.017144077742440735
2022-11-25,281.527587890625,282.4989720732382,281.0369849791597,281.79250268296715,15498800.0,QQQ,-0.006578588884607717,273.25456085205076,0.023221749163579913
2022-11-25,386.1156005859375,386.6722422842189,385.3574596303597,385.6357511918176,30545400.0,SPY,-0.00022386286475406525,373.79454498291017,0.01705507363768136
2022-11-28,277.3967590332031,281.5668848211997,276.4646312352471,279.5456027171287,38714200.0,QQQ,-0.014672909636929576,273.3276611328125,0.02256271884967394
2022-11-28,379.9543762207031,384.6568947405759,379.1865995660662,383.0062115427125,67881600.0,SPY,-0.015956942314386158,374.1251617431641,0.016818806999560187
2022-11-29,275.29693603515625,278.0246871352142,273.9232538164268,277.62238913829583,35618900.0,QQQ,-0.0075697459673476075,273.45619812011716,0.02246594348585212
2022-11-29,379.30181884765625,381.28837337516256,377.4495776531365,380.0887497120294,52310000.0,SPY,-0.0017174624478277778,374.5579864501953,0.016721726582219387
2022-11-30,287.84649658203125,287.9544447824738,274.7081675194022,275.56181170753433,74718100.0,QQQ,0.04558554384082347,274.35154724121094,0.024418566998268963
2022-11-30,391.2499694824219,391.2499694824219,377.6222651494603,379.5512396725836,144566700.0,SPY,0.031500377907664356,375.6693176269531,0.017960806796961642
2022-12-01,288.1997985839844,290.191645366252,285.4131774170305,288.17036360470075,51547300.0,QQQ,0.0012273972625977958,275.7271987915039,0.02276253808606507
2022-12-01,390.9621276855469,393.4765340218029,388.43811498859696,392.2960938761709,76398200.0,SPY,-0.0007356979407712183,377.2293075561523,0.01673358459949498
2022-12-02,287.0517578125,287.9348670277143,282.9405029287859,283.1171427382444,53583200.0,QQQ,-0.003983489152751152,277.3000732421875,0.022127394942789137
2022-12-02,390.5110778808594,391.4227742514983,385.9333247304217,386.038877549972,85342700.0,SPY,-0.0011536918098887794,378.95196838378905,0.016436128142177875
2022-12-05,282.23406982421875,286.1981199653344,280.7720527211385,284.92256431644523,41482100.0,QQQ,-0.01678334257555092,278.42649841308594,0.0225589562722217
2022-12-05,383.486083984375,388.6108726499475,382.1233279330947,387.6703864621393,77289800.0,SPY,-0.01798923076550374,380.06714019775393,0.017021251030166246
2022-12-06,276.3860168457031,282.21438115102205,274.9927215079729,282.07702792269265,53937600.0,QQQ,-0.020720577718196465,279.1177551269531,0.023177448303895853
2022-12-06,377.9581604003906,383.8699084428757,375.8564470015134,383.32290239292064,77972200.0,SPY,-0.014414926159901031,380.73316955566406,0.017385201347251005
2022-12-07,275.2576904296875,277.25935885365453,273.54058010156564,275.1988204711027,45614300.0,QQQ,-0.004082429454618675,279.6569259643555,0.023201464267894507
2022-12-07,377.3152465820313,379.6953105461082,376.17320247675576,377.1041116393495,65927900.0,SPY,-0.0017010184875443368,381.26868133544923,0.017383307656576082
2022-12-08,278.5152893066406,279.4866735258016,274.53159591118015,276.6117475430135,42594900.0,QQQ,0.011834724297322685,280.6641326904297,0.02249845313720718
2022-12-08,380.2711181640625,381.3459763460932,377.4208109942148,379.2154727059395,60737900.0,SPY,0.007833957436937489,382.3296295166016,0.016619491671369425
2022-12-09,276.7393493652344,280.2716969634976,276.2977946864399,277.494867207406,47860500.0,QQQ,-0.0063764540389413815,280.6293029785156,0.01544510224280104
2022-12-09,377.4303894042969,381.5954791950506,377.3056238588924,379.0234931231415,81447700.0,SPY,-0.007470272192851679,382.26197204589846,0.011387767779104132
2022-12-12,280.21270751953125,280.2716074093772,275.87579514233454,276.9158707772652,35732500.0,QQQ,0.012551009324347273,280.5125366210938,0.015128550120486688
2022-12-12,382.8718566894531,382.8718566894531,377.5551170158899,378.2268886185699,75405800.0,SPY,0.01441714138001604,382.28308563232423,0.01164862198283144
2022-12-13,283.2250366210937,291.3003708053401,280.5365424209151,291.0746827007029,80667700.0,QQQ,0.010750151655247286,280.6700164794922,0.015184050035090881
2022-12-13,385.7701721191406,393.9467962907857,382.98705113699305,393.68768812858906,123782500.0,SPY,0.007569935943446238,382.61178436279295,0.011576518628374067
2022-12-14,281.12530517578125,285.93320798041793,277.8676944801887,282.6363406654493,64984400.0,QQQ,-0.00741365053867582,280.5287231445312,0.014955740694629991
2022-12-14,383.30377197265625,389.1579416878911,380.3383055986079,385.4246985467772,108111300.0,SPY,-0.006393444399642845,382.65545349121095,0.011541336442013807
2022-12-15,271.68603515625,277.69100868581336,270.48896311679977,277.0237661149584,60554100.0,QQQ,-0.033576735518807466,280.1092529296875,0.01647215003720979
2022-12-15,373.927490234375,379.32099341165576,372.2576235064061,378.4092677339219,117705900.0,SPY,-0.02446175181117216,382.3761810302734,0.012696490798088484
2022-12-16,269.095703125,272.5495369212673,267.4865111652677,271.00906650131145,68300400.0,QQQ,-0.009534284784863067,279.59117736816404,0.016572422869912173
2022-12-16,369.5127868652344,372.703974428708,367.3628499505717,371.3542323118896,119858000.0,SPY,-0.011806308667954624,381.93423614501955,0.012931785682861265
2022-12-19,265.3139343261719,269.4546920515708,264.0746455469045,269.3661757124393,44167900.0,QQQ,-0.014053620161565417,278.8835205078125,0.016790201343357337
2022-12-19,366.3795166015625,370.0431367056228,364.7019817365773,369.7056937533548,79878100.0,SPY,-0.008479463702062984,381.2497360229492,0.012960477986849357
2022-12-20,265.1073913574219,266.8581178471413,262.55998781436296,264.14349676719166,51064200.0,QQQ,-0.0007784851906650347,278.30928192138674,0.01669130245528302
2022-12-20,366.8808288574219,368.5101700109185,364.2873819052728,365.61785261496107,74427200.0,SPY,0.0013682867986437586,380.6593994140625,0.01297051336232317
2022-12-21,268.9530944824219,270.26120926853525,265.3040842589803,266.14995706564974,46394700.0,QQQ,0.014506208617228511,277.7281433105469,0.01669666141930075
2022-12-21,372.3666687011719,373.504306712911,368.9537252437746,369.4936222467078,78167400.0,SPY,0.014952647868885949,380.08855590820315,0.013065273374148102
2022-12-22,262.3731689453125,266.0615005824622,258.143863991949,265.93363361652587,60278400.0,QQQ,-0.024464955682223732,276.6772064208984,0.017165348261823744
2022-12-22,367.0543518066406,372.3472830958879,361.3179106769628,369.3007053164615,100120900.0,SPY,-0.014266359857236455,379.13117065429685,0.013233227179488747
2022-12-23,262.9632263183594,263.63206646907213,259.196224220141,261.1043231467132,39373600.0,QQQ,0.0022489242151504385,275.74898834228514,0.01720107112566004
2022-12-23,369.165771484375,369.3103814762374,364.4609302679499,366.0227770244143,59857300.0,SPY,0.005752335225946759,378.28367919921874,0.013353219888279968
2022-12-27,259.24542236328125,262.4616665309038,258.7044791014766,262.3534598691124,38009000.0,QQQ,-0.014138113557281673,274.84142150878904,0.017182810205766903
2022-12-27,367.7099609375,369.3971461549578,366.0227757200423,369.05008217572487,51638200.0,SPY,-0.003943514429903261,377.6714584350586,0.012964348952169497
2022-12-28,255.8226318359375,261.1043167709171,255.45872133065407,258.8421525395421,47139000.0,QQQ,-0.013202896684313958,273.8677062988281,0.017303288660083616
2022-12-28,363.14007568359375,369.62851797947127,362.9086997184609,367.6424330641149,70911500.0,SPY,-0.012427961544079547,376.86337127685545,0.013190567797858587
2022-12-29,262.058349609375,263.0025538356612,257.93725249710616,258.6355680174848,45893600.0,QQQ,0.024375160745889524,272.5782989501953,0.014569168859995901
2022-12-29,369.6767272949219,370.5540670964372,365.4732107416271,366.00348658061273,66970900.0,SPY,0.018000358674330252,375.78470916748046,0.011634705117976516
2022-12-30,261.90106201171875,262.0289289826944,257.97668660016063,259.2848017321064,37858300.0,QQQ,-0.0006002006724483699,271.263362121582,0.014536516727644989
2022-12-30,368.7029418945313,368.84755186749146,364.84651903067794,366.9772138469204,84022200.0,SPY,-0.0026341539201457653,374.6717498779297,0.011624996772417356
2023-01-03,260.130615234375,265.70735480454834,257.81925517645493,264.23202242915863,42335300.0,QQQ,-0.00675998319267801,269.9173049926758,0.014542850268698086
2023-01-03,367.15081787109375,372.5594378764956,364.2681212075319,370.57338206560365,74850700.0,SPY,-0.0042096871141362735,373.5037368774414,0.01162143927489333
2023-01-04,261.3699035644531,263.0518042738348,258.21270032862657,262.2551271023245,47754900.0,QQQ,0.0047641002538725274,268.8740966796875,0.01440673336847578
2023-01-04,369.9852600097656,372.0291596467577,366.3602127005797,369.4260621560679,85934100.0,SPY,0.007720103022260005,372.8286956787109,0.011295258299187231
2023-01-05,257.2783203125,259.8650749321113,256.9636055041149,259.6978873801128,45396700.0,QQQ,-0.015654377937757258,267.91871185302733,0.014134298766973693
2023-01-05,365.7624816894531,368.134173839708,365.1647407706404,368.0184858453798,76970500.0,SPY,-0.011413369062867607,372.2189117431641,0.011136668655719821
2023-01-06,264.3795471191406,265.5008141211884,256.0586810064233,259.0191908829083,54659700.0,QQQ,0.027601341605523633,267.3748046875,0.015746849573152
2023-01-06,374.1502075195313,375.2782243767106,365.7914257805464,368.8765470302727,104189600.0,SPY,0.022932165681224026,372.06065979003904,0.012411700633672883
2023-01-09,266.0910339355469,270.76292116580095,265.4812345101136,266.37624333407354,45568700.0,QQQ,0.006473597655551444,266.7535919189453,0.015545148682312576
2023-01-09,373.9380187988281,379.56842191990927,373.7548657861261,376.35793349581024,73978100.0,SPY,-0.000567121750673083,371.74400482177737,0.012261474029596407
2023-01-10,268.3432922363281,268.4514988924012,264.546784417537,265.05822220195546,35247800.0,QQQ,0.00846423972829835,266.3337890625,0.015687052234753106
2023-01-10,376.5604248046875,376.6279192710031,372.4051312224063,373.3499654843039,65358100.0,SPY,0.007012942985265669,371.70050659179685,0.012272490065299908
2023-01-11,272.9856872558594,273.09389391760425,268.6285456657879,269.41540770119474,44077000.0,QQQ,0.017300208925821403,265.9724380493164,0.015943548673438952
2023-01-11,381.3230895996094,381.4002345348024,377.3317071574489,378.1512029163849,68881100.0,SPY,0.012647810234950096,371.62306823730466,0.012168699359972649
2023-01-12,274.4610290527344,275.49377988105806,269.23835405559225,273.5463300454877,60600000.0,QQQ,0.00540446574948894,265.53423767089845,0.01577687528531
2023-01-12,382.71142578125,384.1865064616025,378.334406682949,382.4318562863919,90157700.0,SPY,0.003640839538718632,371.47013092041016,0.012069116035404948
2023-01-13,276.3494567871094,276.5953455435482,271.61855951448354,271.9529646213542,44802900.0,QQQ,0.006880494986456487,265.29544525146486,0.015816310366492285
2023-01-13,384.1961669921875,384.7746363651928,379.2213774598209,379.4913259109335,63903900.0,SPY,0.0038795319682620732,371.5147506713867,0.012015912161327587
2023-01-17,276.9100646972656,278.1985192603604,274.98227541409625,276.152708187551,36269700.0,QQQ,0.0020286195481402647,265.5566467285156,0.013800817369146318
2023-01-17,383.4924011230469,385.86412286969926,382.80789415820544,384.17693751006607,62677300.0,SPY,-0.0018317878459077619,371.9929962158203,0.010548799116272593
2023-01-18,273.31024169921875,280.0082481984459,273.1037035736477,278.45421464034155,47754500.0,QQQ,-0.012999971676661226,265.7673736572266,0.013961440028688207
2023-01-18,377.437744140625,385.7579813271269,377.23529017482616,384.6878380857325,99632300.0,SPY,-0.01578820588019736,372.38924407958984,0.010842982441472896
2023-01-19,270.62518310546875,272.81852181122684,269.38592407484686,271.67759427924415,44150400.0,QQQ,-0.009824215064377029,266.0329360961914,0.013753992658443018
2023-01-19,374.6900634765625,377.0424543796125,373.35959286713046,375.384191354,86958900.0,SPY,-0.007279824836592841,372.80477142333984,0.010790290576899704
2023-01-20,278.0312805175781,278.3656855679682,271.17590194530044,272.23815800250406,60613600.0,QQQ,0.027366623191246164,266.6791305541992,0.01494222416503334
2023-01-20,381.6702880859375,381.8245485766389,374.4394930840735,376.0977565813882,91806400.0,SPY,0.018629329383888615,373.54424438476565,0.011474957590637005
2023-01-23,284.2079772949219,285.43742075465383,278.0804503016718,278.8771272623214,52799900.0,QQQ,0.022215834009199575,267.4418746948242,0.01536212401313243
2023-01-23,386.2497253417969,388.1972085363031,381.5159621617981,382.4800679966938,84178800.0,SPY,0.011998411715056667,374.2383972167969,0.01131793474617611
2023-01-24,283.627685546875,284.78827297712445,282.06383705715723,282.5851198870632,44875100.0,QQQ,-0.0020417855739661706,268.50460052490234,0.014021620949580083
2023-01-24,385.8351440429688,386.7510268785712,383.367035605584,384.562517354956,59524900.0,SPY,-0.0010733504042267361,375.1774368286133,0.010693824097821499
2023-01-25,282.99822998046875,283.6178442837639,276.55592810910605,279.10333140835303,50872000.0,QQQ,-0.0022193022701312293,269.5063507080078,0.014086355230528081
2023-01-25,385.9797668457031,386.3172097635749,379.43348015881935,381.73770716693184,84800300.0,SPY,0.00037483055902809426,376.0181365966797,0.010676719028936505
2023-01-26,288.5159606933594,288.6929933531368,283.77521936569485,286.43082932519764,51596300.0,QQQ,0.01949740361722907,270.9698776245117,0.013841303826428744
2023-01-26,390.2218017578125,390.3857126808354,385.6712214473941,388.6599551525802,72287400.0,SPY,0.0109903038358099,377.1437286376953,0.010740332238172104
2023-01-27,291.38800048828125,293.3551103977071,287.0800249841242,287.1980467761753,56441900.0,QQQ,0.009954526564214472,272.7481460571289,0.013149821732150723
2023-01-27,391.118408203125,393.5094010221229,388.9588207680121,389.170925206973,68346200.0,SPY,0.0022976841408490767,378.5426452636719,0.010111181300724748
2023-01-30,285.4965209960937,289.5389479650875,285.12279528056,288.11278109914326,49405800.0,QQQ,-0.020218675725545143,273.92005462646483,0.01374639519370916
2023-01-30,386.2111206054688,390.5881689684381,385.9122501753933,388.3417860843798,74202000.0,SPY,-0.012546808063065185,379.36936492919926,0.010154954285628905
2023-01-31,289.77496337890625,289.87332488004057,285.42766717649994,285.5358438167465,46705100.0,QQQ,0.014985970294437045,275.3137496948242,0.013890153005564064
2023-01-31,391.88970947265625,391.9379029905027,386.3846445458055,386.73173790968514,86811800.0,SPY,0.014703328216663092,380.5287033081055,0.01045270522937381
2023-02-01,295.97137451171875,298.4400770735001,287.49310546478307,289.56842205777883,67562200.0,QQQ,0.021383528309552924,277.1057876586914,0.014043636644608035
2023-02-01,396.0547180175781,398.8217268473184,387.9080402797086,390.66536921253794,101459200.0,SPY,0.010628012025440725,381.9738983154297,0.010432690702725664
2023-02-02,306.59375,308.52150929625026,301.68582040796457,302.5120029635004,83070600.0,QQQ,0.03588987450494363,279.3669799804687,0.015483982009842454
2023-02-02,401.8199462890625,403.2950267370687,398.05994018847497,399.96885051991296,101654500.0,SPY,0.014556645860303918,383.5656326293946,0.01067542235505512
2023-02-03,301.1448669433594,307.2527651908167,299.5318523287832,299.9252683311883,76170800.0,QQQ,-0.017772322679900143,281.56030731201173,0.015661394110834326
2023-02-03,397.5490417480469,402.003205939953,396.3342589967362,396.8163119079325,94736800.0,SPY,-0.010628901278940561,385.1549606323243,0.010616354868944916
2023-02-06,298.5974426269531,300.87929730676444,297.2499771526682,298.5187714381422,40802300.0,QQQ,-0.008459132450978735,283.27120208740234,0.015361117153830255
2023-02-06,395.1194458007813,396.5270613769811,393.4515616867472,395.0809027548212,60295300.0,SPY,-0.006111437060903224,386.2034225463868,0.009884491891092183
2023-02-07,304.78399658203125,305.91507871154136,297.3483239547187,298.4695609302209,67584000.0,QQQ,0.02071871045060214,285.2058502197266,0.015700226024617504
2023-02-07,400.2871398925781,401.5404658216296,392.94065747845775,394.1939834075091,90990700.0,SPY,0.013078814891845036,387.5208786010743,0.010109934347556495
2023-02-08,299.3646240234375,304.4102658659926,298.67615354787125,303.4660614909702,56720900.0,QQQ,-0.017781027282825712,286.75691680908204,0.016634091921832597
2023-02-08,395.9100341796875,399.6507693278752,395.2158768385581,398.3010271151718,76227500.0,SPY,-0.010934914656676842,388.48835906982424,0.010564213129707803
2023-02-09,296.7188415527344,303.90862562857234,295.2631994787831,303.7610983934711,49137800.0,QQQ,-0.008837993063923189,287.9435745239258,0.01669443269168291
2023-02-09,392.4778442382813,399.6893665385149,391.2437899356816,399.535106072918,78694900.0,SPY,-0.008669115822026563,389.04609680175787,0.010568380243693009
2023-02-10,294.7714233398437,296.6106662490203,292.36170176476514,294.5550400554868,50050100.0,QQQ,-0.00656317678614482,288.95909423828124,0.01686667613362599
2023-02-10,393.3937683105469,393.7794047749719,390.4725286948175,391.29199514840457,70769700.0,SPY,0.002333696247346584,389.5802139282227,0.010558452989754049
2023-02-13,299.4925537109375,300.0826928248424,294.9976993135386,296.1779775413484,39636700.0,QQQ,0.016016241729276404,290.11624908447266,0.017079420252503228
2023-02-13,398.01177978515625,398.1467687182115,393.58653774588544,394.0493191164229,64913500.0,SPY,0.011738903476894658,390.2709945678711,0.010797947057815838
2023-02-14,301.7055358886719,302.65958556464545,295.96157753590523,297.909027497423,64079100.0,QQQ,0.00738910584024155,291.356022644043,0.017086156332908074
2023-02-14,397.8286437988281,400.15211295752647,393.8468820135304,396.4788720991391,88389300.0,SPY,-0.00046012705057874026,390.9878067016602,0.010777847418977684
2023-02-15,304.0168762207031,304.1840637727451,299.1974624112747,299.8859329464968,43100600.0,QQQ,0.007660914557710008,292.8913543701172,0.016594041823312713
2023-02-15,399.12054443359375,399.19765995468856,394.7724176997247,395.620835542643,61555700.0,SPY,0.003247379631666103,392.0719467163086,0.009942499922754394
2023-02-16,298.31219482421875,303.35783635947445,298.1646675895621,299.3744509451747,59498600.0,QQQ,-0.018764357648168972,294.2757049560547,0.017139124601704553
2023-02-16,393.6250915527344,398.08890585011767,393.49013204825167,394.1167948967315,76431500.0,SPY,-0.013768905052628067,393.0186981201172,0.010386224514767683
2023-02-17,296.2074279785156,296.964754524332,293.197752073914,296.11891163022926,58230700.0,QQQ,-0.007055584324815678,295.18451232910155,0.01649324925360315
2023-02-17,392.6416931152344,392.8827195379742,389.54689266329166,391.4847545172148,89257800.0,SPY,-0.0024983123754148684,393.5672683715821,0.009714122572070421
2023-02-21,289.1947021484375,293.8174230815035,289.057020043899,292.37159589739304,46526700.0,QQQ,-0.023675050547978693,295.43384857177733,0.01691006914698739
2023-02-21,384.7650146484375,389.6530385534994,384.5047166511096,388.5925161940911,82655900.0,SPY,-0.020060728661551508,393.4930328369141,0.010497602639616771
2023-02-22,289.4111022949219,291.48638924962654,287.7488916935676,289.7750128971614,51389200.0,QQQ,0.0007482853070153173,295.7230194091797,0.016895109714124376
2023-02-22,384.2347412109375,386.73177175063176,382.7692815363674,385.1795460830424,83742300.0,SPY,-0.001378174775023444,393.4130126953125,0.01049924999530371
2023-02-23,291.9388122558594,293.227266948525,287.73901305263115,293.06989454127427,69294400.0,QQQ,0.008733977172588503,296.17004852294923,0.016957729954773175
2023-02-23,386.2785949707031,387.76332599336087,382.02688528457264,387.1462842200383,96242400.0,SPY,0.005319284126480417,393.4279541015625,0.010570364016839157
2023-02-24,287.0505676269531,288.1521445582692,285.28015040243497,286.96205126808525,74332000.0,QQQ,-0.016744072468932725,296.0967788696289,0.016891218981474537
2023-02-24,382.1522521972656,382.9910195148353,379.5106117861291,381.22671889051696,108194400.0,SPY,-0.010682297251677797,393.0244766235352,0.010504984725685245
2023-02-27,289.10614013671875,291.614193215911,288.51600117228685,290.2175620163273,48995000.0,QQQ,0.007161011827146124,295.9826858520508,0.016814908607040952
2023-02-27,383.4537963867188,386.8860105552823,382.50896214532895,385.5169674236501,80444700.0,SPY,0.0034058262955920515,392.64124603271483,0.01052614886060707
2023-02-28,288.7323608398437,291.25025886745044,288.1422219236864,288.4766269725094,48243100.0,QQQ,-0.001292879136701508,296.1444778442383,0.016152008153868285
2023-02-28,382.03662109375,384.94821037879007,381.9305541430677,382.9718050125952,96438600.0,SPY,-0.003695817609116969,392.4325210571289,0.010193114409892816
2023-03-01,286.4112548828125,289.09634107471953,285.4276997905167,288.4373759716842,58287000.0,QQQ,-0.008038953272434424,295.9762924194336,0.015897763817840936
2023-03-01,380.5710754394531,382.4510933274541,379.259905807213,381.2170392056283,99706800.0,SPY,-0.0038361391902721476,391.86658935546876,0.009561775379886981
2023-03-02,288.7816162109375,289.58813864616445,283.6277967759464,283.91303617683815,53565900.0,QQQ,0.0082760760539764,295.6168045043945,0.015204776541040526
2023-03-02,383.5309448242188,384.3793626775315,378.2476341881557,378.5850771192018,85127800.0,SPY,0.007777441786262607,391.24040069580076,0.009392468497991949
2023-03-03,294.7518005371094,294.9878741841112,290.0209026606253,290.53237054936164,60511500.0,QQQ,0.02067369940131858,295.02470703125,0.013545618765981203
2023-03-03,389.6819152832031,389.9325921996263,384.7071259569614,385.3627108221892,90120000.0,SPY,0.0160377423047402,390.6334991455078,0.009531071924802846
2023-03-06,295.0861511230469,299.00071070704007,294.88945813859004,295.9910349018383,56736300.0,QQQ,0.0011343462035795504,294.7217712402344,0.013028009430626894
2023-03-06,389.9518127441406,392.8248581680508,389.5083323841308,390.5109810743991,72795900.0,SPY,0.0006926096653505631,390.2536376953125,0.00929290801928915
2023-03-07,291.4666442871094,296.05985870088523,290.8568450750078,295.13531472908204,65955800.0,QQQ,-0.012265932583288897,294.3652313232422,0.01317075008126487
2023-03-07,383.9743957519531,390.1446962390005,383.3573833565524,389.90366979566807,108310600.0,SPY,-0.015328604193742934,389.6963851928711,0.009779555628352988
2023-03-08,292.9223327636719,293.5222868558657,290.0306789046681,291.8895820907625,50876300.0,QQQ,0.004994357004805661,293.7721481323242,0.012234184431820441
2023-03-08,384.6011352539063,385.3627577243644,382.3547520498777,384.090160308204,74746600.0,SPY,0.0016322429539235017,388.9120849609375,0.009206766155266517
2023-03-09,287.84722900390625,296.030414350728,287.0308614909295,293.4239694151868,71456700.0,QQQ,-0.01732576588436563,293.19627838134767,0.012203488468087031
2023-03-09,377.5052490234375,387.069191108181,376.51222126754647,385.3916270787408,111945300.0,SPY,-0.018449987740634777,387.991845703125,0.009730925214393636
2023-03-10,283.8048095703125,289.509447108922,282.6540669223674,288.0144241601805,98593600.0,QQQ,-0.014043628099469685,292.5505767822266,0.012413217159913696
2023-03-10,372.0580139160156,379.0477798596134,370.5250894673214,376.9556576590165,189253000.0,SPY,-0.014429561235276167,386.9708541870117,0.010009622326556026
2023-03-13,285.9096069335937,289.62744365354104,280.5000544036552,282.01473751643863,97123600.0,QQQ,0.007416355510211137,292.10748596191405,0.0125444743238667
2023-03-13,371.52777099609375,376.3772510764091,366.986841233707,368.10520741419566,157790000.0,SPY,-0.001425161937357311,385.87755432128904,0.009946803235896558
2023-03-14,292.47979736328125,293.0305858596018,288.6242778890377,289.4701209313435,73602500.0,QQQ,0.02297995684773735,291.75684814453126,0.013137416834993452
2023-03-14,377.669189453125,379.3274526667239,373.1571517830789,376.48332868372586,149752400.0,SPY,0.016530173344957877,384.8604248046875,0.010364526737770217
2023-03-15,294.0140380859375,294.34844312620413,288.4176087027837,289.8634355033047,83631500.0,QQQ,0.005245629737463897,291.37227325439454,0.013073087865209873
2023-03-15,375.30706787109375,375.5095218310467,369.9369920299811,372.0387648288825,172996900.0,SPY,-0.006254472559574342,383.7343460083008,0.010383455117778816
2023-03-16,301.7644958496094,302.12840638346864,292.30270190640715,293.0993790253194,98198100.0,QQQ,0.02636084254387372,291.25965423583983,0.014347467019076052
2023-03-16,381.8918762207031,382.2389695554327,372.4243810657821,372.9353558851639,143254200.0,SPY,0.01754512215014037,382.87291259765624,0.011279475852300198
2023-03-17,300.3382873535156,304.0659685496177,298.3810228541926,301.6759375254628,89923700.0,QQQ,-0.0047262302746329254,291.3609588623047,0.013725167686039303
2023-03-17,377.4265747070313,381.694511367752,376.0329615306953,380.5525318171182,140553400.0,SPY,-0.011692580522690177,382.06298675537107,0.011175922901139185
2023-03-20,301.4042053222656,301.72926771460453,297.5033063032803,299.7197309830512,56359500.0,QQQ,0.0035490578911616666,291.6207977294922,0.013625328875893714
2023-03-20,381.0557861328125,381.471956270632,377.5040305133461,378.2104949017248,93055800.0,SPY,0.009615675389572864,381.48369140625,0.01147404545085008
2023-03-21,305.708984375,306.162111661887,301.82777615494865,303.3448041041412,49757000.0,QQQ,0.01428241204574987,292.44651184082034,0.012620059991535298
2023-03-21,386.0592346191406,386.5431272654456,382.8364930554503,384.4430201853183,91524200.0,SPY,0.013130488155307152,381.5484024047852,0.011029860207562124
2023-03-22,301.552001953125,310.5457667975285,301.3845555671553,305.6400686836208,75791900.0,QQQ,-0.01359784185071844,293.05355682373045,0.013143031304667293
2023-03-22,379.4783325195313,389.5239500544752,379.4396423669705,385.8850969044398,111746600.0,SPY,-0.017046353278148074,381.31058197021486,0.01168664336128067
2023-03-23,305.1277770996094,309.46211239222,302.4286741795465,305.2952535137552,74576000.0,QQQ,0.011857905513226186,293.71300506591797,0.013243715466990496
2023-03-23,380.5041809082031,386.4270225535405,377.775019119637,382.3623122499542,119351300.0,SPY,0.0027033121545063654,381.02186126708983,0.011631916219433885
2023-03-24,306.2508239746094,306.34930769595155,302.3696153886497,304.7042447535563,57195200.0,QQQ,0.003680578955069569,294.67301788330076,0.012462800813918328
2023-03-24,383.00103759765625,383.0881347316856,376.855594953568,379.21699347990887,107682400.0,SPY,0.006561969131307688,381.0643005371094,0.0114903934597164
2023-03-27,304.1526184082031,308.0338271826104,303.29560556805,306.9502356355598,50287400.0,QQQ,-0.00685126504861322,295.425341796875,0.01262803907123753
2023-03-27,383.71722412109375,386.0689650912871,382.8171907866008,385.2947190499491,74010400.0,SPY,0.0018699336375946896,381.0774719238281,0.011472773958292338
2023-03-28,302.5370483398437,303.60094905524085,300.22210980949194,303.57139792771227,48585900.0,QQQ,-0.0053117085653070495,296.115576171875,0.012725104052491838
2023-03-28,382.85589599609375,383.717209612336,381.0074224062795,383.0204029687121,62871700.0,SPY,-0.0022446949755067225,381.1184356689453,0.01145209558226799
2023-03-29,308.053466796875,308.67407049184743,305.42329639013053,306.240927629031,53274300.0,QQQ,0.01823386090167256,297.19768676757815,0.012943402971117127
2023-03-29,388.4206237792969,388.6625700966461,385.8366241148439,387.0463557015899,77497900.0,SPY,0.014534784082990582,381.5109130859375,0.011843947208147017
2023-03-30,310.9693298339844,311.59979400949817,308.1421615657209,310.53589322886523,58354800.0,QQQ,0.009465444643192544,298.3070724487305,0.012968106935785545
2023-03-30,390.6949462890625,391.3240008414437,388.81744040170287,391.0723672067056,69840000.0,SPY,0.005855308319204777,381.8691131591797,0.011794504755931986
2023-03-31,316.1409606933594,316.3773997699198,310.8905100845219,311.19588174881955,62138100.0,QQQ,0.01663067821555253,299.376530456543,0.012720168789812
2023-03-31,396.20166015625,396.50167125316136,391.5175530536762,391.6240248005127,112062600.0,SPY,0.014094663674285801,382.19510040283205,0.011671406272362888
2023-04-03,315.37255859375,315.6385487610593,312.6833162331238,314.0131468209509,47126800.0,QQQ,-0.0024305679906966304,300.39085083007814,0.012781154584847956
2023-04-03,397.7113952636719,398.11784856510405,395.2822446216,395.6790401531173,67391100.0,SPY,0.003810521911560061,382.5830795288086,0.011689373494345179
2023-04-04,314.3087158203125,316.83051206149645,313.0871991587954,315.8158833399434,45875400.0,QQQ,-0.003373288970293431,301.53295440673827,0.012354786423917581
2023-04-04,395.5047912597656,398.65009316438295,394.120835975544,398.3597398832805,66601500.0,SPY,-0.005548254413085929,383.1595993041992,0.011160717358583122
2023-04-05,311.20574951171875,314.29887775103657,309.383349816938,313.3532116089617,62795700.0,QQQ,-0.009872352093372116,302.44712524414064,0.012724140608937241
2023-04-05,394.4692687988281,395.533838467205,392.8046770085828,394.7692798597623,65200200.0,SPY,-0.002618229876910294,383.6530059814453,0.011199263949888525
2023-04-06,313.3039245605469,313.79646336983063,308.15198785523563,309.550781238779,46916500.0,QQQ,0.006742083178476577,303.71996002197267,0.011793958732004664
2023-04-06,396.0081176757813,396.2887837167382,392.6111814065287,393.6660639683365,63743300.0,SPY,0.0039010614987551318,384.5781494140625,0.01019173785770217
2023-04-10,313.1265869140625,313.1758588274401,308.5755335751928,310.3683818790446,45134700.0,QQQ,-0.0005660243379750352,305.18604888916013,0.011051645117850376
2023-04-10,396.4145202636719,396.4919596265236,392.89179714996766,393.5111643804643,63681000.0,SPY,0.001026248124093465,385.7959747314453,0.009400130341950013
2023-04-11,311.1170654296875,313.14635307497167,310.6048358667348,313.087220757915,40113600.0,QQQ,-0.006417600958702696,306.44642181396483,0.011321146300556688
2023-04-11,396.5210266113281,397.9339849948255,395.7468101220198,397.0436389855675,59297900.0,SPY,0.00026867418374432184,387.045637512207,0.009363660020401603
2023-04-12,308.3687438964844,313.66846694332867,307.90575615657303,313.0774142873714,62813300.0,QQQ,-0.008833721574891373,307.240869140625,0.010779537870361384
2023-04-12,394.9047546386719,398.8920546290536,394.31441981990406,398.601701336913,86420400.0,SPY,-0.0040761318169402205,387.90741577148435,0.00895636387216774
2023-04-13,314.4072570800781,314.8800751277731,308.94991830284533,310.13199348426804,54613800.0,QQQ,0.01958211817219979,308.26053009033205,0.011415414099573685
2023-04-13,400.1502075195313,400.5082833714351,394.8467331999566,395.9984001225183,85814800.0,SPY,0.013282830402127965,389.1495727539062,0.009042504128073718
2023-04-14,313.8161926269531,315.57945996698004,310.9003411525684,312.8508057123304,56278300.0,QQQ,-0.001879932602746659,308.86311492919924,0.010099151169989919
2023-04-14,399.1726989746094,401.717978926939,396.8500202638753,399.5114297215723,78161500.0,SPY,-0.0024428540246957953,390.01361389160155,0.008465414386619682
2023-04-17,314.0821533203125,314.43679690552113,311.32394793395235,313.402447338998,43007000.0,QQQ,0.0008475046846150303,309.55030822753906,0.009979731536251599
2023-04-17,400.6050720214844,400.6244170961677,397.8468778541493,399.08564192658326,66436400.0,SPY,0.0035883542400432233,391.1725387573242,0.00780466355630323
2023-04-18,314.101806640625,316.62363277346424,312.9000409142743,316.2000265885031,46746900.0,QQQ,6.257382059038363e-05,310.18518829345703,0.009986971420683255
2023-04-18,400.8663024902344,402.32766760444576,399.4823767319135,402.1921634988677,63560000.0,SPY,0.0006520897686885796,392.16306457519534,0.007661628664418515
2023-04-19,313.9541320800781,315.0180329214841,311.56040028019703,311.6884652020504,38960100.0,QQQ,-0.0004701487142856342,310.5974456787109,0.00957720715456035
2023-04-19,400.7986145019531,401.7083055035842,398.8823889937934,398.9404537484834,55227300.0,SPY,-0.00016885427350910032,392.90003356933596,0.007263159615357868
2023-04-20,311.56036376953125,314.5057363782471,310.26991442885867,310.9791715526179,62462100.0,QQQ,-0.007624579726621672,311.0978637695313,0.009170199183140427
2023-04-20,398.6114501953125,400.37282668912735,397.0533003632559,397.9630209904145,75840400.0,SPY,-0.005457015637038709,393.856689453125,0.006029562824352935
2023-04-21,311.8854675292969,312.663687407964,309.4129426959544,311.19593110727084,59002300.0,QQQ,0.0010434695730618948,311.4357482910156,0.008851367464695507
2023-04-21,398.9210815429688,399.38559954889513,396.9564787176751,398.9113942396915,73457400.0,SPY,0.0007767748455409507,394.7775344848633,0.006041179951393389
2023-04-24,311.2353210449219,312.998588538131,309.05827761526285,311.65889725420544,44043100.0,QQQ,-0.002084568061235248,311.6849731445312,0.0088579030847994
2023-04-24,399.3372497558594,399.7630776470883,397.3726467945154,398.71785299244885,64332100.0,SPY,0.0010432344444692987,395.59434509277344,0.005965839499772669
2023-04-25,305.3641967773437,310.2698940665777,305.26571306671144,309.6000485109279,57121600.0,QQQ,-0.018863939503610427,311.7455520629882,0.009767754244657255
2023-04-25,392.9982299804688,397.9145956980485,392.9401652269469,397.35326370138665,97766700.0,SPY,-0.015873850434103054,396.0583953857422,0.007195617266504043
2023-04-26,307.21612548828125,310.2403207303171,306.69403559814,308.762704430425,55400500.0,QQQ,0.0060646556815824315,311.97950592041013,0.009758438412247524
2023-04-26,391.3336791992188,394.7015829292316,390.7723766781161,393.61766803712607,80447000.0,SPY,-0.00423551724732385,396.48228454589844,0.007259558364495232
2023-04-27,315.5696716308594,316.07204085445386,310.3487413794756,310.98906598378187,65430400.0,QQQ,0.02719110570547434,312.3553161621094,0.010754743439541477
2023-04-27,399.1243286132813,399.3953073087713,393.6369731115294,393.8886067339354,92968400.0,SPY,0.01990794513266625,397.01746978759763,0.007856951455731067
2023-04-28,317.7466125488281,317.8352659209852,314.20032735163966,315.33316052322147,59712600.0,QQQ,0.006898447834731147,312.6941802978516,0.010666628320659477
2023-04-28,402.5309448242188,402.5406321285379,398.175910843486,398.2339756004719,89433100.0,SPY,0.008535225659566992,397.6092697143555,0.007959309990848333
2023-05-01,317.38214111328125,318.8006552031,316.29854978603345,317.283627344953,41013400.0,QQQ,-0.0011470505778904405,312.75623931884763,0.01002878858384229
2023-05-01,402.1244812011719,404.1664940165015,401.89219264472746,402.08576151935387,62122300.0,SPY,-0.0010097698780013875,397.90541076660156,0.007400686815984907
2023-05-02,314.6140441894531,317.63823920854367,312.8704378443245,317.3131468117123,56519400.0,QQQ,-0.008721653065035362,312.7183135986328,0.010214022116851964
2023-05-02,397.6048889160156,401.456684846814,394.68218809084806,401.4082778635942,103998500.0,SPY,-0.011239286580254748,397.90008544921875,0.007827851868248427
2023-05-03,312.5552673339844,317.6579618782964,312.4468931700833,314.9785497134306,59882100.0,QQQ,-0.006543817396241214,312.6306411743164,0.010292274640933978
2023-05-03,394.875732421875,400.53728211796295,394.63378610609743,398.108131656528,91531800.0,SPY,-0.006863991289395521,397.8686325073242,0.007882411678282169
2023-05-04,311.4520568847656,313.48131471932703,310.4177071719607,312.32876048213035,50224500.0,QQQ,-0.0035296491997363066,312.64295654296876,0.01007494155180323
2023-05-04,392.0788879394531,394.1499332536064,390.7336521114216,393.82088977507607,94901900.0,SPY,-0.0070828472169411905,397.74911346435545,0.00802096919896625
2023-05-05,318.0716552734375,318.92866779921945,311.49131541161125,313.7175999496115,51806100.0,QQQ,0.02125398835019121,312.88134307861327,0.011054393114578537
2023-05-05,399.3372497558594,400.39213217998366,395.47579589188126,395.7370872883095,87891800.0,SPY,0.01851250357945089,397.9155700683594,0.009023921005656629
2023-05-08,318.8597717285156,319.2045549020113,316.5251426192928,317.6087339950582,36465800.0,QQQ,0.002477795308106323,313.1680023193359,0.01105536014386117
2023-05-08,399.4437561035156,399.9276488272092,398.0307976199815,399.6663573888232,50046800.0,SPY,0.0002667077707410037,398.06703186035156,0.009022998289098253
2023-05-09,316.8403625488281,318.06184910996325,316.52513051299275,317.1949760425068,31768800.0,QQQ,-0.006333220301640519,313.454167175293,0.011052410060536555
2023-05-09,397.6919860839844,398.81462051922,397.45972707478455,397.8855549479589,49220100.0,SPY,-0.0043855236006675735,398.1255798339844,0.009086876600012977
2023-05-10,320.28814697265625,321.1451596791991,316.80096383296683,319.28334857559264,60446600.0,QQQ,0.010881771489251957,314.0501373291016,0.01101118034633998
2023-05-10,399.5501708984375,401.1857304341041,395.6983747345631,400.5469885857553,96142900.0,SPY,0.004672422074053939,398.3578506469727,0.009081449532922925
2023-05-11,321.33233642578125,321.8741170999283,319.2833581110262,320.83979760848985,44278500.0,QQQ,0.0032601564028973407,314.3963912963867,0.010211839174904588
2023-05-11,398.8533325195313,399.1436562754412,396.76291287359527,398.6791382659853,70157100.0,SPY,-0.001744057266548693,398.29300689697266,0.008587172164761828
2023-05-12,320.1798095703125,322.28789031728274,318.12100074656803,321.8642840511605,48432800.0,QQQ,-0.0035867129598236014,314.7145721435547,0.010245473398247346
2023-05-12,398.3307189941406,400.3146964349357,395.8919108486453,400.1017825031055,70481500.0,SPY,-0.001310289980753998,398.2509078979492,0.008574824814415129
2023-05-15,321.9136047363281,322.15001380462604,319.1258175364885,320.6527062684213,33375600.0,QQQ,0.0054150671409993745,315.1061447143555,0.010291436605841912
2023-05-15,399.7050476074219,400.1115009260559,397.014605443422,398.9404888907035,54289400.0,SPY,0.003450219999983073,398.2059066772461,0.008571777476128025
2023-05-16,322.27801513671875,323.99204066800223,321.1550121595435,321.194423683879,40019200.0,QQQ,0.001132013046448055,315.5149551391602,0.010287543814269696
2023-05-16,397.0338745117188,399.5210895402576,397.0241872087838,398.591994492311,57705500.0,SPY,-0.006682860553531511,398.01428527832036,0.008694939783240353
2023-05-17,326.1789245605469,326.7601167984838,322.15982075531736,323.34189596288564,47486100.0,QQQ,0.012104174782674004,316.1261947631836,0.010552205976778853
2023-05-17,401.853515625,402.4631955776164,397.41138447772136,399.0662891323237,87287000.0,SPY,0.012139118152597161,398.0670303344727,0.009139657068754192
2023-05-18,332.2371520996094,332.45387040069096,326.5532644725052,326.57295520453573,64213500.0,QQQ,0.018573326119167843,317.1600341796875,0.010918899064138702
2023-05-18,405.72467041015625,406.1504983347822,401.3115714953653,401.5341432279205,97177200.0,SPY,0.009633248521256466,398.4226913452149,0.009272507108839732
2023-05-19,331.48846435546875,333.1630781955198,330.42456373973573,332.45382113909176,61554900.0,QQQ,-0.0022534738797549414,318.1401840209961,0.010979072810212319
2023-05-19,405.13427734375,407.1666323795554,403.9052006458144,406.6343622786256,103793300.0,SPY,-0.0014551569314467105,398.73335113525394,0.00928780913863889
2023-05-22,332.60162353515625,333.61625228580976,331.22249081123755,331.2323512073804,43015900.0,QQQ,0.0033580630983702786,319.2084991455078,0.010910796068629035
2023-05-22,405.2987976074219,406.8472599314695,403.9051844692252,405.153635725206,60745400.0,SPY,0.00040608823511689707,399.0314285278321,0.009288073728718853
2023-05-23,328.3854064941406,332.030205108341,328.030793039619,330.8776813189676,48216700.0,QQQ,-0.012676477631715422,320.3595596313477,0.010318476352158297
2023-05-23,400.7502136230469,405.2310643131679,400.35341810364366,403.6438822355551,86383500.0,SPY,-0.011222791706332225,399.419027709961,0.008899183458858918
2023-05-24,326.7010192871094,327.94222683216327,324.64221046316493,326.4251987284514,62891200.0,QQQ,-0.00512929982185828,321.33380432128905,0.010485189248789151
2023-05-24,397.8468322753906,399.5211113793427,396.67582040020153,399.1340031887679,89213700.0,SPY,-0.007244865377382448,399.7446853637696,0.009017281368643403
2023-05-25,334.6505432128906,335.921301657363,331.6460687396712,334.07921146684254,66862800.0,QQQ,0.024332718468794035,322.2878479003906,0.0101542359335865
2023-05-25,401.2921752929688,402.7535405708676,399.1243456365869,401.3792724272558,90961600.0,SPY,0.008659973482441297,399.853077697754,0.008067797288012477
2023-05-26,343.2010803222656,344.03840241789624,335.57658819638306,335.67510198331377,63007000.0,QQQ,0.025550644643464793,323.5605712890625,0.011321698417444546
2023-05-26,406.4891357421875,407.2149746540987,401.87281089483815,401.95022071694586,93830000.0,SPY,0.012950565122344049,400.0509872436524,0.00836007353868574
2023-05-30,344.7574768066406,348.6485153743876,343.3291022305439,347.44671947362946,72652200.0,QQQ,0.0045349405162522505,324.9293380737305,0.011258948980530944
2023-05-30,406.6440124511719,408.9666912196438,405.25039928319615,408.434421128658,72216000.0,SPY,0.00038101069712870306,400.27696380615237,0.008352438342754396
2023-05-31,342.797119140625,345.3681871194773,341.339223639866,343.17145341098654,65105400.0,QQQ,-0.00568619333269782,326.33849182128904,0.011094785992758288
2023-05-31,404.3891296386719,405.7149908926057,402.8116347332296,404.8052702665772,110811800.0,SPY,-0.005545102702749771,400.6161758422852,0.008018284018754563
2023-06-01,346.7572021484375,348.0870329605217,341.4870305724436,342.5410709000794,50488600.0,QQQ,0.01155226455152314,328.04858856201173,0.010895120647959654
2023-06-01,408.2311706542969,409.2957403085758,403.3632121544437,404.6213211330253,88865000.0,SPY,0.009500851368230201,401.2839477539063,0.008021784050734915
2023-06-02,349.3578186035156,350.5202031355153,346.757228971547,348.5204965021918,53372100.0,QQQ,0.00749981958259327,329.9438766479492,0.010704181779737199
2023-06-02,414.1347351074219,414.9282966772401,410.2926259460805,410.8248960942536,91426200.0,SPY,0.014461327006614955,402.3867401123047,0.008224974782212279
2023-06-05,349.6040344238281,352.16524219770247,348.56971496812054,349.1410467490809,47266200.0,QQQ,0.0007047668814075259,331.52049560546874,0.01011400761128292
2023-06-05,413.3411560058594,415.7799646154306,412.634662021608,414.4831357054983,65460200.0,SPY,-0.0019162341003747807,403.0869354248047,0.007393846424778226
2023-06-06,349.5449523925781,350.5103393193497,347.6634504592224,348.9933113093328,41390400.0,QQQ,-0.00016899699497852083,333.05475463867185,0.01016299189478044
2023-06-06,414.2411804199219,414.773450572074,412.2668899493353,412.9250064625084,64022200.0,SPY,0.002177437211332789,403.826806640625,0.007386002184910357
2023-06-07,343.61480712890625,351.79093993313035,342.9843429772955,349.8306449494266,69225900.0,QQQ,-0.016965329417807373,334.39347686767576,0.011010641775825348
2023-06-07,412.8088073730469,415.7799153285168,412.3829794788346,414.6379357642491,85373300.0,SPY,-0.0034578238827510654,404.58264770507816,0.007347619264337628
2023-06-08,347.8801574707031,348.34314515722576,343.6837472279017,343.9102958419939,47153900.0,QQQ,0.012413173860102988,335.7730773925781,0.011065316230986008
2023-06-08,415.3056945800781,415.7605548350046,412.1023277227419,412.8765441192514,61952800.0,SPY,0.00604853182014331,405.3704238891602,0.0073813855293149025
2023-06-09,349.21002197265625,352.3228709099733,347.7619566452047,349.33808687528955,53196900.0,QQQ,0.003822766183682491,337.1669616699219,0.011063520912210207
2023-06-09,416.0509033203125,418.0735710957508,415.0540856217096,416.1089680767776,85742800.0,SPY,0.0017943619602611705,406.23030242919924,0.007330122570877356
2023-06-12,355.110595703125,355.2091094703736,349.8995571183223,350.8747742710666,44606500.0,QQQ,0.01689691978808905,338.9135009765625,0.011248738661308714
2023-06-12,419.82525634765625,419.902695711882,416.3122204755869,417.0380594592685,76104300.0,SPY,0.009071853941963193,407.305029296875,0.007439841265860586
2023-06-13,357.8392944335937,358.67658633410844,354.6574830002181,357.8688455587627,57097800.0,QQQ,0.007684081419947031,340.7097854614258,0.01126191981725998
2023-06-13,422.5931701660156,423.2415698352903,420.62856701394855,421.2963412930002,95899700.0,SPY,0.006593014061229585,408.4494354248047,0.007490483819744008
2023-06-14,360.4399108886719,360.725591828361,355.0417045350891,357.84915182496474,69525600.0,QQQ,0.007267554166164425,342.6178802490234,0.01122407549421355
2023-06-14,423.0963745117188,424.9158156190619,419.6220287948087,422.9318675484063,100612100.0,SPY,0.001190753616546747,409.7525604248047,0.007164880023137743
2023-06-15,364.73486328125,366.2223101025865,358.5485767913232,359.16915046364574,71138800.0,QQQ,0.011915862430408541,344.5456771850586,0.01121847220434893
2023-06-15,428.341796875,429.59990600169886,422.1770089921392,422.2737638984509,110303100.0,SPY,0.012397701042309306,411.0769744873047,0.007182056736680822
2023-06-16,362.4396057128906,367.2862008868305,361.9963388160624,367.15813598479673,80932000.0,QQQ,-0.006292948109513419,346.05579986572263,0.011089345561143509
2023-06-16,426.8827209472656,430.91394272147096,426.40675415039067,430.3408319788212,114165800.0,SPY,-0.003406335637519353,412.13487701416017,0.007161175052025785
2023-06-20,361.9207458496094,363.3214880884525,358.95161542560527,360.9836564865407,49204700.0,QQQ,-0.001431576061508788,347.57741394042966,0.011064816798010142
2023-06-20,424.66802978515625,425.8239747064654,422.5795680820443,424.9303214367884,76160400.0,SPY,-0.005188055298173899,413.11156463623047,0.007318503591854003
2023-06-21,356.9886169433594,361.2105314791675,356.0613713585557,360.7765003499649,53378300.0,QQQ,-0.013627649044190115,348.79676361083983,0.011782384294659842
2023-06-21,422.4921569824219,424.4834747724099,421.8995995747334,423.6772421536243,76982300.0,SPY,-0.0051237028693569275,413.97123260498046,0.007499328392500778
2023-06-22,361.20062255859375,361.3584246649335,355.3313595534322,355.73579894654057,47603000.0,QQQ,0.011798711262277273,350.4375244140625,0.01126131746093263
2023-06-22,424.0172119140625,424.12404951475344,421.190491765927,421.5304807898792,70637200.0,SPY,0.003609664478822605,415.13458251953125,0.00681391443208608
2023-06-23,357.61993408203125,359.92817404557985,355.9232752066767,357.2943956941729,48922900.0,QQQ,-0.00991329541792707,351.9834701538086,0.011531639495371277
2023-06-23,420.8116149902344,422.6086743183153,420.09280311667067,420.53962971557473,92074500.0,SPY,-0.007560063209127055,416.28282165527344,0.006838805253806563
2023-06-26,352.82586669921875,359.888700934801,352.7370917144105,357.0872465905343,52685500.0,QQQ,-0.01340548142294784,352.892236328125,0.011215079830654446
2023-06-26,419.0923156738281,422.1715745996257,418.8494706007576,420.2385373041195,72823600.0,SPY,-0.004085674575418197,417.1728286743164,0.0068609570896972115
2023-06-27,358.8923645019531,359.62234225873766,353.64458634815446,354.3745340015221,49428100.0,QQQ,0.017194027919460897,353.6768005371094,0.010448724193108749
2023-06-27,423.68695068359375,424.3086186491624,419.5197209730496,419.9762708913999,72813700.0,SPY,0.010963300537682796,418.03271942138673,0.006709710901639135
2023-06-28,359.5927734375,361.5458832510204,356.98858688158106,357.06751804574645,46498000.0,QQQ,0.0019515849453048961,354.41856536865237,0.010435466570581326
2023-06-28,423.900634765625,424.9205721541883,421.9772912293996,422.5989591645144,75636000.0,SPY,0.0005043442609844462,418.8955505371094,0.006708108875484216
2023-06-29,358.8726501464844,359.93801008116645,357.225330950506,359.29680729482203,46151000.0,QQQ,-0.0020026077947330467,355.2223419189453,0.01032157346028395
2023-06-29,425.5713806152344,425.73652829865455,423.0749559403356,423.48291903838407,67882300.0,SPY,0.00394136199048889,419.9546630859375,0.006470135995787816
2023-06-30,364.4065551757813,365.4620111555699,362.24627360875263,362.5619079588306,58712500.0,QQQ,0.015420247341328741,356.1048095703125,0.010537165952395481
2023-06-30,430.5934448242188,431.5842420275424,428.4855365952527,428.8061086850334,104964000.0,SPY,0.011800756436497695,421.0727767944336,0.006618432799711438
2023-07-03,365.26470947265625,365.89600821750776,363.962616300666,365.0476939439912,19432900.0,QQQ,0.002354936497948046,356.90015411376953,0.010472260769421373
2023-07-03,431.0888366699219,431.3705155902683,429.9620320560209,430.2437406205391,32793400.0,SPY,0.0011504862687943263,421.9204818725586,0.00601418686211944
2023-07-05,365.25494384765625,366.9614769246528,363.6569336188767,363.6963992094488,34460900.0,QQQ,-2.6735747381989583e-05,357.6826995849609,0.010479330049925753
2023-07-05,430.4477233886719,431.18598184502025,429.252915041293,429.2626383296677,58418400.0,SPY,-0.001487195275578168,422.7758102416992,0.006000136712174558
2023-07-06,362.4731750488281,362.91708011954734,359.57307151546667,361.53608560447583,49374700.0,QQQ,-0.007615964809468467,358.32911071777346,0.0106995774614261
2023-07-06,427.0770263671875,427.5044360308023,424.551431894238,426.8439046030964,80658300.0,SPY,-0.007830676847234264,423.4176025390625,0.0063931264569853435
2023-07-07,361.2696533203125,365.4521316623111,361.04279397553535,362.24623824652207,47133700.0,QQQ,-0.0033203056429030875,359.21185302734375,0.00983534515890017
2023-07-07,425.9988098144531,429.9717812453892,425.7559647445226,426.0765368375681,86134200.0,SPY,-0.002524641894006585,424.0771026611328,0.0063579911027496746
2023-07-10,361.3880310058594,362.0686692678403,358.4780841861166,360.9934655171471,48498800.0,QQQ,0.00032767126842481176,359.8872467041016,0.009565289567300513
2023-07-10,427.0770263671875,427.2518676902559,425.0662622193869,425.6393729855586,62443500.0,SPY,0.002531031843032716,424.6656692504883,0.006276381753219122
2023-07-11,363.1735229492188,363.62727179126034,359.67168246967464,361.8122463196746,38214100.0,QQQ,0.004940650464792196,360.5854217529297,0.00958006434822753
2023-07-11,429.7969055175781,430.2923189408992,426.8633477771264,427.84445133494313,64463800.0,SPY,0.0063685915712361485,425.35296936035155,0.00637344417922637
2023-07-12,367.7603759765625,369.1117785555147,365.2745562456626,367.28687933653,61975400.0,QQQ,0.012629921339241124,361.21791076660156,0.009273593047597966
2023-07-12,433.2550048828125,434.6732413799952,432.1767870433508,433.61444047347214,91924500.0,SPY,0.008045891724301812,426.0244567871094,0.006314383510331694
2023-07-13,374.0045166015625,374.8331132766442,370.36459150180497,370.9465809484664,46960000.0,QQQ,0.016978829240151594,362.026171875,0.009802219141339465
2023-07-13,436.6937255859375,437.49026454706734,434.6441273807825,435.0812307295677,72425200.0,SPY,0.007936943980728195,426.72948455810547,0.006377214432431863
2023-07-14,373.9256286621094,377.66417270175424,373.0476924484673,374.4385608780004,55148500.0,QQQ,-0.00021092777212949887,362.70045776367186,0.00974349364249435
2023-07-14,436.4217224121094,438.442180311256,435.65432370566384,437.58739058280713,69815800.0,SPY,-0.0006228694343229924,427.395751953125,0.006397127264169693
2023-07-17,377.4175415039063,378.2954776618116,374.1623382225001,374.64567874339326,40868900.0,QQQ,0.009338522353471435,363.33459167480476,0.009620081315443292
2023-07-17,437.9370727539063,438.9958736797464,436.2274340105894,436.27602081008126,52680200.0,SPY,0.0034722156665840664,427.8755157470703,0.005893601460462773
2023-07-18,380.505126953125,381.8762777636724,374.843033916016,376.7764263988343,55262000.0,QQQ,0.00818082126473385,364.23786773681644,0.009526800058630554
2023-07-18,441.1911926269531,441.84200078561497,437.1696642128114,437.60679717753897,80668200.0,SPY,0.007430564972688236,428.5909393310547,0.005952957977691894
2023-07-19,380.4162292480469,382.71462501993886,379.0845444574616,381.5703640941316,54093000.0,QQQ,-0.0002336307681054528,365.1626419067383,0.009504665627835978
2023-07-19,442.1723327636719,443.3671115829519,441.1135021298131,441.9877681316543,65891700.0,SPY,0.00222384343367521,429.46615447998045,0.005730314910592331
2023-07-20,371.6469421386719,378.8873262653818,370.6210477085312,377.41752681259214,71941700.0,QQQ,-0.023051821755104673,365.895558166504,0.010526918093591298
2023-07-20,439.2386779785156,442.0751211172044,438.51986613914056,441.1717446740703,70591600.0,SPY,-0.006634641219680715,430.30348052978513,0.005838627498078342
2023-07-21,370.53228759765625,374.7640759513564,370.0982564791526,374.0340981047344,60499600.0,QQQ,-0.0029992296844990607,366.3621414184571,0.010325003988370229
2023-07-21,439.2386779785156,441.1717446740703,439.2289843348553,440.9677334946501,71275600.0,SPY,0.0,431.06455383300784,0.005840793790704493
2023-07-24,371.1241149902344,372.4557697757632,369.2597501250258,371.5088065650665,40380100.0,QQQ,0.0015972356860320946,367.03735046386726,0.009980549028010722
2023-07-24,441.2009582519531,442.01691417279216,439.3553119074868,440.39469597638623,54023400.0,SPY,0.004467457835153343,432.0840209960937,0.005433360918783381
2023-07-25,373.6395263671875,375.306593566621,371.8146269360622,371.8343747796612,38894400.0,QQQ,0.006777817111182083,368.0780334472657,0.009351854641102829
2023-07-25,442.4054260253906,443.6682085001253,440.8803519093476,440.928938708636,55191200.0,SPY,0.0027299754248260033,433.2496765136719,0.0052156993042398354
2023-07-26,372.3965759277344,374.09323460494727,370.08833623375,372.5938737217844,47075700.0,QQQ,-0.0033266031876714175,368.7532440185547,0.00881254240462554
2023-07-26,442.4734497070313,443.9110735780056,440.4044049260487,441.4632058951924,71052900.0,SPY,0.0001537586965236759,434.1890014648437,0.0048651839939589485
2023-07-27,371.5088195800781,379.4890251689017,370.2166002264708,377.8712975482637,63940200.0,QQQ,-0.002383900403607697,369.3490463256836,0.00886400449442293
2023-07-27,439.5398254394531,446.29092981349305,438.6267256628274,445.8829370784207,92194400.0,SPY,-0.006630057169578429,434.97096099853513,0.005241712255231338
2023-07-28,378.2757568359375,379.301621194224,375.0599890617254,375.5729212408687,56902900.0,QQQ,0.01821474188286598,370.3192016601563,0.009549579785255185
2023-07-28,443.8430786132813,444.678451402353,439.5398415593416,442.8328348489528,80011800.0,SPY,0.0097903601102034,435.8845458984375,0.005521629717841652
2023-07-31,378.4730224609375,379.6567491489458,377.1512113845997,378.581545290658,44019900.0,QQQ,0.000521486300496754,371.0225250244141,0.009072602257399809
2023-07-31,444.6881408691406,445.0475467926464,442.99791919803175,444.3190116577011,62040400.0,SPY,0.0019039662812803115,436.5892807006836,0.005029826249534988
2023-08-01,377.5951232910156,378.3546626992028,375.523616601008,377.1216265865103,41060600.0,QQQ,-0.002319581893085898,371.6390457153321,0.009121287002190273
2023-08-01,443.4156494140625,444.1636015046727,442.4539628470819,443.2116382259376,55291500.0,SPY,-0.0028615367448096007,437.20562133789065,0.005128726601445632
2023-08-02,369.3091735839844,374.1130780731984,368.0662633912869,374.1130780731984,72687100.0,QQQ,-0.021944006148207573,371.8417572021485,0.01054524178218898
2023-08-02,437.2474365234375,440.5404004560669,436.4897610451548,440.2781384365682,93933400.0,SPY,-0.013910679288779648,437.5456069946289,0.006150361292778221
2023-08-03,368.71728515625,370.84797529781065,366.72467941372497,366.8923855805065,47666400.0,QQQ,-0.0016026908348643065,372.15396270751955,0.010382984528553081
2023-08-03,435.9942626953125,437.8884658442926,434.5663326899411,435.2171704334676,64276100.0,SPY,-0.002866051858620433,437.99146881103513,0.005877751562521965
2023-08-04,366.9909973144531,372.9687537295483,366.48790896850113,370.6506399143237,61702800.0,QQQ,-0.004681873921547619,372.44002990722663,0.010416561428563367
2023-08-04,434.0224304199219,439.9381329025484,433.4978767564068,437.8205309585227,100128900.0,SPY,-0.0045226106031780455,438.3926498413086,0.005958136672026439
2023-08-07,370.0982666015625,370.19691551363337,366.4682154233577,368.8060471326721,37230400.0,QQQ,0.00846688150349073,372.8755416870118,0.010553679067516707
2023-08-07,437.8108215332031,437.9662459437654,435.1686658419951,435.8680608674377,58357500.0,SPY,0.008728560663594953,438.92933959960936,0.006200893487685211
2023-08-08,366.9515075683594,367.60255417806815,363.81467126074034,367.5828364396227,44726500.0,QQQ,-0.008502496004907933,373.06444091796874,0.01073247099347469
2023-08-08,435.9068908691406,437.801094230308,432.52647689868775,435.2560530527077,71361300.0,SPY,-0.004348751950431384,439.2348388671875,0.00619928598253817
2023-08-09,362.91705322265625,367.3954487713729,362.1575138215144,367.2376165380018,51150900.0,QQQ,-0.010994516339332794,372.82227478027346,0.010635195539443133
2023-08-09,432.9927368164063,436.34401046211,432.2253381355895,436.17886277984366,78789600.0,SPY,-0.006685267229714742,439.2217254638672,0.006158596549565668
2023-08-10,363.58782958984375,369.2795135831202,362.0588768153912,365.9355352203616,72035300.0,QQQ,0.0018482911211559205,372.3014404296875,0.00982560519930297
2023-08-10,433.1481628417969,438.77246268587845,431.9728010613545,435.3629085851607,93005500.0,SPY,0.0003589575809823664,439.04444732666013,0.005870151399320268
2023-08-11,361.2696533203125,363.00577754164834,359.74070080953345,361.02304613448257,48707200.0,QQQ,-0.006375835715255795,371.6686416625977,0.00988401351782847
2023-08-11,432.8955993652344,433.9155664068905,430.6614366639976,431.2636876715916,68690900.0,SPY,-0.0005830879551825818,438.8681411743164,0.005870075485686902
2023-08-14,365.3239440917969,365.4423107416153,359.75062690442974,360.4707007252985,42130800.0,QQQ,0.011222339696187245,371.0639617919922,0.010002740206987203
2023-08-14,435.2851867675781,435.2851867675781,431.661957430911,431.972806223491,47867400.0,SPY,0.005520008532883258,438.735546875,0.005958171212282666
2023-08-15,361.447265625,365.1463737425239,360.7764711410906,364.3473386939933,45539900.0,QQQ,-0.010611618891924524,370.11106872558594,0.009919956953788507
2023-08-15,430.2146301269531,433.85730620818447,429.6414896699664,433.49787060039694,75707500.0,SPY,-0.011648815063703188,438.18671875,0.006180760790085758
2023-08-16,357.61993408203125,362.4435556446799,357.5212851734857,360.9047290023142,53190500.0,QQQ,-0.01058890717114902,368.9712539672852,0.010063601160244103
2023-08-16,427.05767822265625,431.467723739304,426.9508109674534,429.7969483244661,80107200.0,SPY,-0.007338085883702439,437.43098602294924,0.006267868016441723
2023-08-17,353.71368408203125,359.36593287365804,353.2994007757516,359.02067671614304,62604300.0,QQQ,-0.010922909009607906,368.0745910644531,0.009114699855005145
2023-08-17,423.803466796875,428.7963455043296,423.27891319959895,428.5340835277768,95711300.0,SPY,-0.0076200747386739875,436.6592254638672,0.006312261090609697
2023-08-18,353.269775390625,354.53240313780424,349.8961754158226,350.4387293553932,61191400.0,QQQ,-0.0012549943962679722,367.2114654541016,0.009117313636766003
2023-08-18,424.0074768066406,425.046860783059,420.6173692388121,420.9670518976972,98852000.0,SPY,0.00048137881293786045,435.8976654052734,0.006320270443930086
2023-08-21,358.96148681640625,359.64212519625903,354.27594933089875,354.7395721388648,50696500.0,QQQ,0.016111515397793985,366.6033340454102,0.009983920947209367
2023-08-21,426.7662048339844,427.5141569709801,422.861266815276,425.0274258479956,68719000.0,SPY,0.006506319294463214,435.175927734375,0.006441021431926514
2023-08-22,358.44854736328125,361.5853841180368,357.7580350748359,361.57551019569786,44530200.0,QQQ,-0.001428954001929883,365.84378509521486,0.009787435807136
2023-08-22,425.61029052734375,428.553571775132,425.0469029729387,428.553571775132,64994200.0,SPY,-0.0027085422733749143,434.33617095947267,0.0063610323213369865
2023-08-23,364.1007690429688,365.19572081247736,359.4152316107943,359.63224718021087,51770600.0,QQQ,0.015768571866910497,365.4289947509766,0.01055529861598546
2023-08-23,430.3505859375,430.9722835194303,426.53306871425866,426.6787698212197,68441000.0,SPY,0.011137642852297791,433.7300277709961,0.006991836053907519
2023-08-24,356.3178405761719,367.681490415442,356.1106989407142,367.5828716103614,66842500.0,QQQ,-0.021375753990452107,364.66944580078126,0.011492157540296732
2023-08-24,424.3863220214844,432.4779062769333,424.35715215624055,431.9630759418828,88517300.0,SPY,-0.01385908166715455,432.9723526000977,0.007450187539879873
2023-08-25,359.0798034667969,360.7764622188786,353.71362834874395,357.1562853553055,69960500.0,QQQ,0.0077514021923765775,363.7096481323242,0.010735658291087554
2023-08-25,427.378173828125,428.67009652943136,422.55041275411,426.1250849933823,102325100.0,SPY,0.007049830900273779,432.1491073608398,0.007249726849803501
2023-08-28,361.7825927734375,362.7196819585896,359.30664715037256,362.00945210394303,40910000.0,QQQ,0.007526987818713415,362.87512664794923,0.01095308207143403
2023-08-28,430.08831787109375,430.7099858000723,427.37815874320273,429.58318118186605,61595400.0,SPY,0.006341325338852455,431.4191162109375,0.007436578468823562
2023-08-29,369.6839599609375,370.03909003019135,361.2598785572031,361.5853868592156,58492400.0,QQQ,0.021840097741927966,362.4795684814453,0.012199947614795878
2023-08-29,436.30517578125,436.5868843664725,429.7969159631644,429.9814805902922,83081900.0,SPY,0.014454840208004915,431.0635925292969,0.008250549036566569
2023-08-30,371.7455749511719,372.3275944840184,368.7862882977663,369.79246502611335,41731500.0,QQQ,0.005576695809177634,362.6013885498047,0.011224914877091782
2023-08-30,438.1021728515625,438.7432873106637,435.93598443569806,436.645102620197,69053900.0,SPY,0.004118670073291586,431.1063293457031,0.007706902786769544
2023-08-31,372.8602600097656,374.56679288853866,371.7554644294772,371.8245216791007,35730700.0,QQQ,0.002998516011226693,362.8085372924805,0.01122910533528421
2023-08-31,437.4610595703125,439.87006338705424,437.27649496897567,438.72384191656135,66084600.0,SPY,-0.001463387586226883,431.17966918945314,0.007684593142679115
2023-09-01,372.4656982421875,375.6617183609632,370.97618091609087,375.2375611434066,39801200.0,QQQ,-0.0010582027904174618,363.0822723388672,0.011168147606999706
2023-09-01,438.2770690917969,440.6861028481344,436.8102753889288,440.2004127101434,58944100.0,SPY,0.0018653306474543108,431.39240112304685,0.007610545529083857
2023-09-05,372.9391784667969,374.162340659925,370.7295572781328,371.6568028449947,32344200.0,QQQ,0.0012712049105296774,363.2243179321289,0.011023116603708197
2023-09-05,436.3828430175781,438.15076214258977,436.3148689313638,437.8302197116103,55166200.0,SPY,-0.004321983073729996,431.3210021972656,0.007426537744868395
2023-09-06,369.65435791015625,372.50515189280793,367.64206462014215,372.15989575566925,42998700.0,QQQ,-0.00880792565196542,363.3594604492188,0.011036361354582244
2023-09-06,433.44927978515625,435.6737487730609,431.1082499147713,435.5668815346729,70758500.0,SPY,-0.006722453183851895,431.19812164306643,0.007515817540152525
2023-09-07,367.0107421875,367.79002946457575,364.1402304130357,365.18584266173,52060700.0,QQQ,-0.0071515881419658145,363.56414489746095,0.010859113640339084
2023-09-07,432.1184692382813,432.79841756241575,430.078564977538,430.4282476052352,70355400.0,SPY,-0.00307027975115004,431.15440826416017,0.007395563267501006
2023-09-08,367.523681640625,369.7628946031799,366.55700054450807,366.961440022782,35800100.0,QQQ,0.0013976142770855127,363.7609375,0.010856891358099236
2023-09-08,432.7693481445313,434.3138392912125,431.807691116867,432.1670970910779,61659700.0,SPY,0.0015062510690582176,431.1354675292969,0.007403552337498922
2023-09-11,371.8540954589844,372.367027638472,368.58901828006657,370.5618760366777,39936600.0,QQQ,0.011782679687546649,364.29015960693357,0.011001617289819651
2023-09-11,435.6155090332031,435.92632820080127,433.69216536005706,435.4114978256294,60180100.0,SPY,0.006576623092357403,431.27146301269534,0.007546493280997185
2023-09-12,367.7308349609375,371.8343827627657,367.44476215339046,370.1771593461318,41391000.0,QQQ,-0.01108838264362122,364.41050415039064,0.011094890950771201
2023-09-12,433.225830078125,435.6931439963164,432.6430256947625,434.1583763798451,67565400.0,SPY,-0.005485752700544855,431.16849517822266,0.007550177047810951
2023-09-13,369.1315307617188,370.7394146004213,366.8331647915041,367.96755194596057,46300700.0,QQQ,0.0038090246115207727,364.7947174072266,0.010807366112497503
2023-09-13,433.7310180664063,434.8966566152503,432.3419217372111,433.4493094849952,60199300.0,SPY,0.0011661077276721166,431.3443145751953,0.0070559220291058706
2023-09-14,372.1500244140625,373.1364533250581,368.81591998177146,370.887396612125,48039400.0,QQQ,0.00817728479091162,365.52122192382814,0.010549978654043835
2023-09-14,437.47076416015625,438.1701590763617,434.90633589685,436.2177050702565,83430800.0,SPY,0.00862227034262375,431.86496887207034,0.00703354644394172
2023-09-15,365.7777099609375,371.2129430107536,364.8405904339271,370.80850353611874,69811200.0,QQQ,-0.017122972014197768,366.1244232177734,0.01103123693721619
2023-09-15,432.2000427246094,436.2065137393471,431.76139755793423,435.8750830305015,111848900.0,SPY,-0.01204816839741385,432.28479766845703,0.007387540057330285
2023-09-18,366.1589660644531,367.27524895295056,364.5487548286201,364.835241711233,36903500.0,QQQ,0.001042316393627063,366.76888275146484,0.011010392694312086
2023-09-18,432.4535217285156,433.75975919903385,431.4104713700172,431.88811715622586,55752200.0,SPY,0.0005864853744768084,432.7070999145508,0.007387183579334387
2023-09-19,365.3785705566406,366.1787321107553,362.3458431050233,364.8352614040427,37621700.0,QQQ,-0.0021313024673418335,367.08973693847656,0.01051115410817534
2023-09-19,431.5566101074219,432.1220145797145,428.85640660660175,431.5273671001471,66514600.0,SPY,-0.0020740069765389224,432.94662017822264,0.007299979365106128
2023-09-20,360.11334228515625,366.8011222648584,360.034296855332,366.4455082716445,45514200.0,QQQ,-0.014410336828082126,367.1729766845703,0.011051955022732386
2023-09-20,427.5892028808594,433.2430695466763,427.3844720654377,432.823909827221,82562600.0,SPY,-0.009193248657632491,433.0455657958984,0.007592066821103528
2023-09-21,353.5144348144531,357.20903990147383,353.346516033724,356.41873634010653,69734800.0,QQQ,-0.01832452924079042,366.6436599731445,0.011167509619267362
2023-09-21,420.5218200683594,424.9864210648089,420.3658474474756,424.7232340007312,104095800.0,SPY,-0.0165284407671753,432.5541275024414,0.008014369303333237
2023-09-22,353.5638122558594,357.40655932872374,353.24769086125485,355.2629270681144,51589700.0,QQQ,0.0001396758846132773,366.5059585571289,0.01013172633506717
2023-09-22,419.5762939453125,423.1635752995273,419.1571044742111,421.5551502669503,100829700.0,SPY,-0.0022484591236981988,432.3136260986328,0.007443516729019707
2023-09-25,355.2431335449219,355.3320671773088,351.6078281228857,352.59568482324295,39168000.0,QQQ,0.004749697878716264,366.31412506103516,0.010027265190682165
2023-09-25,421.3406677246094,421.37963856954656,417.91908703660135,418.3577619064053,70874500.0,SPY,0.004205132188728644,432.01175079345705,0.007316885823030059
2023-09-26,349.9087219238281,353.19830169854066,348.92086519938505,352.6549624119001,53657700.0,QQQ,-0.015016227246568814,365.7204315185547,0.010340878453398827
2023-09-26,415.150634765625,418.99137510509695,414.3122856299794,418.2797555857833,96168400.0,SPY,-0.014691278182124679,431.2648666381836,0.007752283057339112
2023-09-27,350.7286682128906,352.6451127155616,347.0933324689299,351.06453588953457,56066000.0,QQQ,0.0023433148066569487,364.77266693115234,0.0088204607196384
2023-09-27,415.31640625,416.8956181827338,411.65115307874015,416.3302136052913,104705800.0,SPY,0.00039930442228186536,430.2154281616211,0.006783734741066053
2023-09-28,353.66259765625,355.79637181130425,348.9505017587154,349.8099322905439,56453300.0,QQQ,0.008365239882753173,363.86851806640624,0.008977017783054628
2023-09-28,417.7241516113281,419.4105778926448,414.1661131466468,414.7607606962109,92258300.0,SPY,0.0057973759887510745,429.1965270996094,0.006878875392072552
2023-09-29,353.9194641113281,358.5426570982214,352.684643044241,357.14977531690727,64829600.0,QQQ,0.0007263037052274157,362.9214782714844,0.00891859860006314
2023-09-29,416.7103576660156,420.97025796891,415.1799040850308,420.7947999115168,115111300.0,SPY,-0.0024269459675766436,428.1589920043945,0.006875667287590783
2023-10-02,356.8731384277344,358.27587812756985,353.5737005070703,354.186166867308,51625100.0,QQQ,0.008345611405755182,362.14185028076173,0.009244180879236188
2023-10-02,416.5446166992188,417.8021255755692,413.7664118672184,415.8719977478269,83798600.0,SPY,-0.00039773661428799123,427.07236938476564,0.0068201005497507
2023-10-03,350.6101379394531,356.62618204882074,348.99003836671244,354.42325059964173,60478500.0,QQQ,-0.017549655084364013,361.02539825439453,0.009823281445540259
2023-10-03,410.96875,416.6031314937805,409.5942689934628,414.35133041357295,103760600.0,SPY,-0.013386001104522927,425.8016647338867,0.0072348670261967165
2023-10-04,355.38153076171875,356.2310732514225,350.985555362016,351.44984932524966,54786700.0,QQQ,0.013608827315454208,360.31175689697267,0.010392454841822657
2023-10-04,413.9613952636719,414.71198567409095,409.96468205177416,411.4366496118208,87453000.0,SPY,0.007281929012052268,424.8272705078125,0.0075245431401357865
2023-10-05,354.3343505859375,355.77661304258527,350.82747107815123,355.3715881454246,45897400.0,QQQ,-0.0029466364600791994,359.67793731689454,0.010323250930147642
2023-10-05,413.805419921875,414.6534969414221,410.55932689037775,413.6689327124713,70142700.0,SPY,-0.0003767871680341317,423.9116180419922,0.007533572866996312
2023-10-06,360.2713623046875,361.4666605095326,350.5409674627796,351.3312407897691,75049100.0,QQQ,0.016755394188941564,359.31532135009763,0.01110758706650251
2023-10-06,418.7184448242188,420.26838378364897,410.0036712419603,411.33915155455975,113273300.0,SPY,0.011872790122641197,423.2090728759766,0.008130325978535241
2023-10-09,362.1087646484375,362.6520737973083,356.3989538900879,357.90048528381817,45304800.0,QQQ,0.0051000510614998,358.8280548095703,0.01080109900478218
2023-10-09,421.399169921875,421.97430226851634,416.252192062559,416.80780923724586,80374400.0,SPY,0.006402214019450625,422.49825592041014,0.008121162962488885
2023-10-10,364.1141052246094,366.7714422162155,361.9408385263145,362.44462495413575,46968800.0,QQQ,0.0055379509471935595,358.64721832275393,0.010644450628402859
2023-10-10,423.5924987792969,426.20497351561806,421.6331278526866,422.0328021572993,78607300.0,SPY,0.005204872277817962,422.01658935546874,0.008205147806634039
2023-10-11,366.7121887207031,366.8998839174092,363.7189839350687,365.4477332701017,38215100.0,QQQ,0.007135355260382115,358.5262512207031,0.010739894024032236
2023-10-11,425.32763671875,425.5810662138717,422.26672961556096,424.66477534883535,62451700.0,SPY,0.004096243310383052,421.59642028808594,0.008273457632252141
2023-10-12,365.4378967285156,369.2016291155069,363.03741169057633,367.2160572413226,49587900.0,QQQ,-0.003474910383079788,358.1906448364258,0.010572059326838804
2023-10-12,422.7346801757813,426.3219617182537,420.3659070171981,425.94180257182495,81154200.0,SPY,-0.006096374463160692,420.8596160888672,0.008028634214694783
2023-10-13,360.8443298339844,366.65293262759366,359.44155991666497,366.0701007346291,52469900.0,QQQ,-0.012570034294893673,357.9439758300781,0.010247390422007903
2023-10-13,420.6290283203125,425.454332665196,419.04984646161904,424.24555230832215,95143100.0,SPY,-0.00498102463368566,420.2810653686523,0.007697012111859691
2023-10-16,364.9241638183594,365.981177770876,362.01986257605887,362.1680350584221,44201100.0,QQQ,0.01130635469941299,357.8822357177734,0.010586875688396405
2023-10-16,425.0547180175781,426.12701132779,422.6469443000413,422.8906459728739,75433200.0,SPY,0.010521598366471707,419.91112518310547,0.008135181275743837
2023-10-17,363.7289123535156,365.4280273793492,359.244033713176,361.3679199587182,50999100.0,QQQ,-0.003275342066519582,357.7997528076172,0.010601421249182053
2023-10-17,425.03521728515625,427.1018325299322,421.5551798879123,421.9060960293189,75324700.0,SPY,-4.587816955148316e-05,419.5850555419922,0.008131510391049668
2023-10-18,358.9575500488281,363.4424287300201,357.6239372299914,361.2296389634759,54280500.0,QQQ,-0.013117907712681731,357.7419631958008,0.010513642980103207
2023-10-18,419.3715515136719,424.2163416495345,418.2797728490388,423.2512926064637,93559800.0,SPY,-0.013325168224083028,419.17417297363284,0.008405730021743506
2023-10-19,355.5988464355469,361.5753685702616,354.79868476519994,360.38007017271866,72274200.0,QQQ,-0.009356826769138515,357.84618377685547,0.009867213850787917
2023-10-19,415.686767578125,421.915795975772,415.0044208134736,420.0929124098837,121323000.0,SPY,-0.008786442290248497,418.9324203491211,0.007806812121864544
2023-10-20,350.29400634765625,355.66794942983694,350.0667884443341,355.0949756378056,72559700.0,QQQ,-0.014918046391503514,357.6826934814453,0.010441104916887737
2023-10-20,410.5788269042969,415.7940485790275,410.4715827004202,415.24815921948914,123919900.0,SPY,-0.012287955913506732,418.4825469970703,0.008232971918824581
2023-10-23,351.3510131835937,354.89741519394914,346.85624701534783,348.9702748686097,60665200.0,QQQ,0.0030174847893011947,357.4880874633789,0.010403144740014188
2023-10-23,409.8671569824219,413.7566553773687,407.2741679687024,409.0385654585055,92035100.0,SPY,-0.0017333332243186783,417.90887145996095,0.008139992277193654
2023-10-24,354.7689819335937,355.5395089546676,351.4695441691495,353.1686589011322,47082100.0,QQQ,0.009728074266898368,357.73110046386716,0.01005124050661397
2023-10-24,412.9573669433594,414.1173892958725,410.140161301902,412.0020456681311,78564200.0,SPY,0.0075395403322595644,417.79920806884763,0.007729511904350819
2023-10-25,346.0857849121094,352.54637752003475,345.5029529550718,352.36857051219283,71190500.0,QQQ,-0.0244756375660532,357.49895629882815,0.011509059520108883
2023-10-25,407.0304565429688,411.29038608727296,406.51381026968136,411.26114308119,94223200.0,SPY,-0.014352354201259465,417.3849105834961,0.008344987550859542
2023-10-26,339.4868469238281,345.81901217096373,338.1927570212913,344.8805362201188,78621400.0,QQQ,-0.0190673476807407,356.79016876220703,0.012007871462035325
2023-10-26,402.1564636230469,406.8160381281592,401.23041517306166,405.9582332820246,115156800.0,SPY,-0.011974516505025679,416.60652618408204,0.008530151931529785
2023-10-27,341.1168518066406,344.60398533589995,339.90177700918235,342.22324667245675,63476700.0,QQQ,0.004801378602977913,356.15003814697263,0.01209040250969833
2023-10-27,400.3335571289063,404.1548119928044,398.90059027353647,403.75513772715857,107367700.0,SPY,-0.004532829033053298,415.7876861572266,0.008550458245472327
2023-10-30,344.9595947265625,346.2833191752884,342.2429886202156,343.6062056337421,55298500.0,QQQ,0.011265180537313624,355.5543609619141,0.012235727665108343
2023-10-30,405.119873046875,406.1824086755449,401.8347795507034,403.1410168304096,86562700.0,SPY,0.011955819922504052,415.21644897460936,0.009098494561853231
2023-10-31,346.6093139648437,346.98470437601566,342.4109225239952,344.98924447351965,47671900.0,QQQ,0.0047823549873684534,355.3543197631836,0.01171383110512339
2023-10-31,407.6640930175781,407.98576607535904,403.7745948265521,405.69496483477656,79665200.0,SPY,0.0062801657977631375,415.0512161254883,0.00878663116409566
2023-11-01,352.6253662109375,353.18845184029954,347.3502143471726,347.4490060597446,58992700.0,QQQ,0.017356868392474967,355.21651153564454,0.011978557306637671
2023-11-01,412.01177978515625,412.83061379639145,408.10279562252936,408.6389571260531,98068100.0,SPY,0.010664875425735909,414.9537353515625,0.008972226010904305
2023-11-02,359.0267028808594,359.2637788823795,355.92481784164204,357.14978085916056,58162400.0,QQQ,0.018153364117579285,355.4511291503906,0.012645720305982931
2023-11-02,419.9077453613281,420.0637180038268,415.813545304772,415.8330307293069,94938900.0,SPY,0.01916441704722427,415.2588516235352,0.00996119731490659
2023-11-03,363.2447814941406,364.53887136927904,360.0935161852785,360.3207340809342,53280500.0,QQQ,0.01174864872009529,355.5998001098633,0.012358156311084952
2023-11-03,423.7387390136719,425.2984357283652,422.1010708501771,422.2278004846274,100167800.0,SPY,0.009123417452200577,415.50986633300784,0.009817987222395411
2023-11-06,364.72662353515625,365.28970918171007,362.4545648116219,364.0153653887196,38848700.0,QQQ,0.004079458581401685,355.7306930541992,0.012340185809687257
2023-11-06,424.7135009765625,425.1619036945749,422.7541301400226,424.499042329037,67831700.0,SPY,0.0023003843480526864,415.6755828857422,0.009733805441105957
2023-11-07,368.17425537109375,369.0435440645587,364.5685537968548,365.7737403444063,50777400.0,QQQ,0.009452646484978011,355.93370056152344,0.012455926908973926
2023-11-07,425.9222412109375,426.5656171377113,423.5632258948368,424.7134905447946,64256100.0,SPY,0.0028460132103069746,415.79207000732424,0.009687169635094316
2023-11-08,368.4113159179688,369.25100022398175,366.11948091593234,368.5496001929726,35663400.0,QQQ,0.000643881377952793,356.0186569213867,0.0123616704339693
2023-11-08,426.2341918945313,427.05302588029497,423.91414739383225,426.5266219791836,61746000.0,SPY,0.0007324122889353912,415.83739776611327,0.009647252910849316
2023-11-09,365.576171875,370.24871522784247,365.08224347680544,369.1028278733884,53859400.0,QQQ,-0.007695594354653501,356.02557067871095,0.012465171498243189
2023-11-09,422.91009521484375,427.4234545693612,422.4811779274552,427.3844539753976,83174400.0,SPY,-0.007798756512030547,415.8461685180664,0.009712561292187345
2023-11-10,373.7951965332031,373.94336904263696,366.7715181160312,367.3049692969938,58309800.0,QQQ,0.02248238613596909,356.67311401367186,0.01304189953099216
2023-11-10,429.5094909667969,429.8214361961388,422.9003038823785,424.99616172117294,89462200.0,SPY,0.015604725038782963,416.2901916503906,0.010226780493892527
2023-11-13,372.6294250488281,373.6864389749005,370.6833461038235,372.2145421085906,40733500.0,QQQ,-0.003118743887527309,357.0583770751953,0.012889133501282261
2023-11-13,429.1001281738281,430.2113922506014,427.3747311670345,428.16432214885,52236100.0,SPY,-0.0009530937070734158,416.4924621582031,0.009989204210725263
2023-11-14,380.65081787109375,381.5695475353498,378.5269319456957,379.05049480309145,67792600.0,QQQ,0.021526461097951533,357.9044723510742,0.01361616617568494
2023-11-14,437.4250183105469,438.7214981235358,434.85151436015457,435.0757306092195,97176900.0,SPY,0.019400810184205586,417.11195220947263,0.010841232706963662
2023-11-15,380.9373168945313,383.0414566053993,379.574069749631,382.5475282280874,54141400.0,QQQ,0.0007526557411328128,359.0034606933594,0.013130670744752333
2023-11-15,438.3510437011719,440.00822689231774,437.4932090962841,438.7702034175982,77327600.0,SPY,0.002116992288647701,418.06092681884763,0.010264886211131684
2023-11-16,381.2633666992188,381.5004426982828,378.9023743362105,380.16682990955,45343500.0,QQQ,0.0008559145828650472,360.286686706543,0.01281730615369111
2023-11-16,438.8872375488281,439.2089106749989,436.83037991296646,437.9026732481024,66665800.0,SPY,0.0012232065039219364,419.2209503173828,0.009936431879137867
2023-11-17,381.3522644042969,382.3697557474845,379.6235149277258,380.5323263416612,46571900.0,QQQ,0.00023316613355151006,361.839599609375,0.01209452984743176
2023-11-17,439.43310546875,440.0472384283699,437.9708954691745,438.8969439529958,83133200.0,SPY,0.001243754370645389,420.66366424560545,0.009297598035652754
2023-11-20,385.9952087402344,386.65708615068826,381.36215730806094,381.36215730806094,44429600.0,QQQ,0.01217494891026849,363.57180938720705,0.012215119707599748
2023-11-20,442.815673828125,443.6637508451693,439.16987676520114,439.1796343511977,69936200.0,SPY,0.007697572889431736,422.31109008789065,0.009260354075791667
2023-11-21,383.7527770996094,384.5035580022915,382.00428121241606,384.2862282750415,43337000.0,QQQ,-0.0058094805061015276,365.0209991455078,0.012377146001455935
2023-11-21,441.8505554199219,442.68890452456174,440.57356121582086,441.76282640002967,49244600.0,SPY,-0.002179503719594411,423.75574951171876,0.009314941969153128
2023-11-22,385.3234558105469,388.2969146942405,384.315852636428,385.8272724711062,44121000.0,QQQ,0.004092944219996619,366.9828826904297,0.010409035796972256
2023-11-22,443.5565185546875,444.8822710900932,442.4550120107973,443.5175477071304,59394900.0,SPY,0.003860950526913598,425.58205261230466,0.008322602586890795
2023-11-24,384.7800903320313,385.5110946761788,383.7823453726982,384.9183745998721,15718800.0,QQQ,-0.0014101541713119614,369.24754486083987,0.008854065917498936
2023-11-24,443.8294067382813,444.0243799462038,443.2737896182981,443.6052202727786,29737400.0,SPY,0.0006152275351132275,427.6656997680664,0.007454645837585773
2023-11-27,384.4442443847656,386.4001815560311,383.5650373616031,384.28618367901737,34139700.0,QQQ,-0.000872825688501444,371.4139144897461,0.008995021686110086
2023-11-27,443.0301513671875,444.01468588647,442.6402048955527,443.1958518437672,50506000.0,SPY,-0.0018008166177351237,429.80052947998047,0.0072946962907172765
2023-11-28,385.4518127441406,386.0346445863955,383.3377849105773,383.693429003221,35491100.0,QQQ,0.0026208439171391262,373.438525390625,0.008937968145523069
2023-11-28,443.4687805175781,444.77501785393656,442.07481415289016,442.6401889183708,62115000.0,SPY,0.000990066136665968,431.7179748535156,0.007163593193402375
2023-11-29,385.0764465332031,389.35388324551946,384.7306906330188,387.921478864897,38811700.0,QQQ,-0.000973834338111379,375.361882019043,0.009057642657308688
2023-11-29,443.1568298339844,446.77338386709766,442.7571852927255,445.63284701527954,63146000.0,SPY,-0.0007034332455819747,433.49261169433595,0.00724490235404088
2023-11-30,384.1083679199219,385.8074829175296,381.1349392843574,385.3431889894915,52834400.0,QQQ,-0.002513990720535486,376.9360321044922,0.0087518661559696
2023-11-30,444.90179443359375,445.25274033268937,441.9188881606161,444.0049888835271,79752700.0,SPY,0.0039375780358910095,435.1371124267578,0.007083692920638353
2023-12-01,385.2048950195313,385.7976151474195,381.3818939077992,383.0414861482879,40490100.0,QQQ,0.0028547336928572697,378.2449417114258,0.008125416339905354
2023-12-01,447.5337524414063,448.0698842155557,443.6930117448504,444.2876295398619,89183400.0,SPY,0.0059158179192406735,436.5184127807617,0.006134090924742648
2023-12-04,381.6288146972656,381.9054133725448,378.0132554901904,381.40159679910977,51186900.0,QQQ,-0.00928357964424198,379.16414337158204,0.008366762423851483
2023-12-04,445.1844482421875,447.55322124535616,442.89364668102655,444.1219125709975,72430900.0,SPY,-0.0052494458493974605,437.5906982421875,0.006245591187768517
2023-12-05,382.5870971679688,383.7823955443344,379.5444811137661,379.7223182628034,42933000.0,QQQ,0.0025110327988817627,380.05716705322266,0.008358570748095071
2023-12-05,445.0967102050781,446.06175924267177,443.41028403700943,443.7904728995386,69793500.0,SPY,-0.00019708243955018911,438.60985870361327,0.006274482501718309
2023-12-06,380.3742370605469,385.6296423098888,380.02851130879753,385.5308506035335,41994100.0,QQQ,-0.0057839381510830234,380.6671661376953,0.00837878034243848
2023-12-06,443.3031005859375,447.28029879816927,442.8644256752274,447.2510557873712,69124700.0,SPY,-0.004029707652330683,439.4789016723633,0.006433107938302201
2023-12-07,385.6889343261719,386.51873044449405,382.2610699253064,383.35760668140927,49593500.0,QQQ,0.013972285049313138,381.53104705810546,0.008812183738689807
2023-12-07,446.6856384277344,447.3387421895649,444.7945112463749,445.39888657776544,66995400.0,SPY,0.007630304947847222,440.50147399902346,0.006544312344613238
2023-12-08,387.4078063964844,387.8523238589643,383.7626124691667,383.9503076689904,46687500.0,QQQ,0.004456627912635014,382.6226287841797,0.008497816229165858
2023-12-08,448.6060180664063,449.1421498074846,445.69132604578505,445.93502770059104,83194400.0,SPY,0.004299174796466243,441.78627014160156,0.006099279937667008
2023-12-11,390.7171325683594,390.9838732133785,386.7755933626206,386.98303486108085,41198000.0,QQQ,0.008542228930947582,383.4687255859375,0.0072973069137660315
2023-12-11,450.3508911132813,450.52637891012574,447.8943891935599,448.1088478352707,65002200.0,SPY,0.003889544447922999,442.8283401489258,0.00533704615440892
2023-12-12,393.8288879394531,393.9474259332034,389.6206082793341,390.7566375821041,39221200.0,QQQ,0.007964215315153345,384.52869873046876,0.0072896528307175535
2023-12-12,452.4077453613281,452.5052319702893,448.9959222888426,449.999971888796,68327600.0,SPY,0.0045672258868239,443.9937210083008,0.005297905964690539
2023-12-13,398.8373718261719,399.4498383369592,393.99687860056,394.7674058475186,55408100.0,QQQ,0.012717411139958612,385.43802642822266,0.006296855535721732
2023-12-13,458.64654541015625,458.9000046679178,452.42727399846257,452.7879477122068,93278000.0,SPY,0.013790214939501722,445.05479736328124,0.004444731992610203
2023-12-14,398.4916076660156,401.3662447034242,395.4786260456355,400.06229651269246,55447800.0,QQQ,-0.0008669301940614771,386.31574096679685,0.00632888022197893
2023-12-14,460.1185302734375,461.79519902487226,457.42805420169,460.5961760475195,119026000.0,SPY,0.0032094101176862733,446.1431716918945,0.004448029482562129
2023-12-15,400.4178771972656,401.6033174323558,398.6693814901552,399.2719596758777,62896600.0,QQQ,0.004833902381363275,387.2734664916992,0.006344454864031304
2023-12-15,459.3608703613281,460.7017950539939,457.5012345508303,459.5174753590704,141553700.0,SPY,-0.001646662462516213,447.1668533325195,0.0045346442082733265
2023-12-18,402.9399719238281,403.8407208236905,400.48521292458565,400.81184352434457,46610000.0,QQQ,0.0062986566539335875,388.3528518676758,0.006376641442408205
2023-12-18,461.9448547363281,462.9334108167086,459.9090492984959,460.9758929509902,70375300.0,SPY,0.005625173021305496,448.2924407958984,0.004586870635698139
2023-12-19,404.9989013671875,405.1176761501462,403.2073112407168,403.3953813828076,35711900.0,QQQ,0.0051097671782947,389.30303649902345,0.006013946755918667
2023-12-19,464.75384521484375,464.8321626490839,462.4146271131973,462.492914678088,55761800.0,SPY,0.006080791786541084,449.38934936523435,0.004504154214218582
2023-12-20,398.9806518554688,406.2955098486141,398.8024897102253,404.1970751409553,54042400.0,QQQ,-0.01485991564767808,390.0644302368164,0.0069358466224784905
2023-12-20,458.3136596679688,465.7913622558364,457.8830033552832,463.892567568819,102921000.0,SPY,-0.013857196907962721,450.2125045776367,0.0057247071601117154
2023-12-21,403.6229248046875,403.989187239346,400.356498238967,402.92015403830976,45568900.0,QQQ,0.0116353335121131,390.9794036865234,0.007255029639403691
2023-12-21,462.6593322753906,462.9333835656848,458.88130748488805,461.3184075260525,86667500.0,SPY,0.00948187451050475,451.1676452636719,0.005961878781137438
2023-12-22,404.2267761230469,405.8006021821788,402.34610518361205,404.8404658836527,34314000.0,QQQ,0.0014960778519990114,391.95173797607424,0.007204734366095545
2023-12-22,463.5891418457031,465.2824054768028,461.6805799335795,463.7946728489947,67160400.0,SPY,0.002009706722524429,452.15563201904297,0.005951408160382916
2023-12-26,406.7013244628906,407.3744015622354,404.98890781785167,405.0878968518052,22722500.0,QQQ,0.006121683386680177,393.0645919799805,0.007202519583713487
2023-12-26,465.5466613769531,466.4568999785943,463.92191803061615,464.00023546887513,55387000.0,SPY,0.004222531018428288,453.2814575195313,0.005890539231487125
2023-12-27,407.5292663574219,407.8164764899842,406.1229552263835,406.98458562407046,31980500.0,QQQ,0.0020357491965994345,394.16846466064453,0.007204655768611655
2023-12-27,466.388427734375,466.53523560014366,464.80284304536906,465.34114850963823,68000300.0,SPY,0.0018081245710841465,454.4274398803711,0.005882349680098341
2023-12-28,407.3311462402344,408.9355394284973,406.9746345693528,408.68795180490775,27029200.0,QQQ,-0.0004861494217540674,395.2811996459961,0.007191977417689705
2023-12-28,466.5645751953125,467.40629349897097,466.1437160434832,466.7505417729767,77158100.0,SPY,0.00037768403001159356,455.5978271484375,0.005855891157186878
2023-12-29,405.568359375,407.6679279958033,403.6470768284761,407.3113860703457,42662100.0,QQQ,-0.004327650565161378,396.35419921875,0.007273975418055741
2023-12-29,465.2138977050781,466.8973642343975,463.2465827268645,466.36882605664505,122283100.0,SPY,-0.0028949422267410263,456.6134323120117,0.00597149666077461
2024-01-02,398.7052307128906,402.17145769366215,396.3779008383239,401.9238700521785,58026900.0,QQQ,-0.016922248749103086,397.02921600341796,0.008499591277248301
2024-01-02,462.6103820800781,463.60873526144735,460.4962592993178,462.1307997835228,123623700.0,SPY,-0.00559638402430207,457.3672637939453,0.006151829503849007
2024-01-03,394.486328125,397.1305774375239,394.05060168069537,396.0708950771016,47002800.0,QQQ,-0.010581507998646433,397.6720916748047,0.008592779475418111
2024-01-03,458.8323974609375,461.1814128694219,458.2255717162588,460.4375465401504,103585900.0,SPY,-0.008166666303841552,458.04966125488284,0.006355875808642935
2024-01-04,392.45611572265625,395.7341736334736,392.2382373921895,392.61457543782296,39432800.0,QQQ,-0.005146470885298848,398.16554260253906,0.008724025256113092
2024-01-04,457.35443115234375,460.9562565274368,457.1293058653944,458.35275441965285,84232200.0,SPY,-0.0032211463636230286,458.6625473022461,0.006434611433189416
2024-01-05,392.9215698242188,395.70445237475406,391.5251719606424,392.6244767566917,44922800.0,QQQ,0.0011860029259715965,398.7929092407227,0.008563446699646066
2024-01-05,457.9808654785156,460.4473270881045,456.522494445053,457.5599764619765,86118900.0,SPY,0.001369691170573173,459.396435546875,0.006307760736840455
2024-01-08,401.04248046875,401.3296603770393,394.0010721112302,394.1496186539835,42473800.0,QQQ,0.020668019442567687,399.5605865478516,0.00917893635835897
2024-01-08,464.5189514160156,464.66575926813886,458.3527528026961,458.4799962309861,74879100.0,SPY,0.014275893231191494,460.28810119628906,0.006795603547744585
2024-01-09,401.8347778320313,402.7657098645736,397.83375272768575,398.0318349477131,39132900.0,QQQ,0.001975594611212328,400.2819351196289,0.009160646143049577
2024-01-09,463.8142700195313,464.8419549117133,461.3380112095397,461.8469550820588,65931400.0,SPY,-0.0015170132334454411,461.0485137939453,0.006815606838254375
2024-01-10,404.5582275390625,405.5683742893205,401.260373278586,402.1516827903551,33962800.0,QQQ,0.006777536085165847,400.97398986816404,0.00910130060779291
2024-01-10,466.4373168945313,467.3084266115464,463.80445318872887,464.0883016196984,67310600.0,SPY,0.005655382002131004,461.8528350830078,0.0068569073800528076
2024-01-11,405.4000549316406,407.2322097253538,400.33934726543066,405.8358116465704,54536200.0,QQQ,0.002080855944270432,401.55254821777345,0.008985286769462949
2024-01-11,466.2318115234375,467.9642040366045,462.2286911764114,467.445463010446,77940700.0,SPY,-0.00044058518401146607,462.5440383911133,0.006841135965136555
2024-01-12,405.6080322265625,407.2817273354673,404.2116341060683,406.4399231917943,39595000.0,QQQ,0.0005130174315268743,401.89108123779295,0.008588113914955495
2024-01-12,466.5547790527344,468.4340092581526,465.1355965882976,467.6901429458943,58026400.0,SPY,0.0006927187748977381,462.9394500732422,0.006202664731518873
2024-01-16,405.568359375,407.1529263504869,402.90431389213234,404.3700436335004,43903000.0,QQQ,-9.781081342186138e-05,402.2449188232422,0.008581613136028409
2024-01-16,464.8419189453125,466.4862265933185,463.011644732066,465.1649260825611,85014900.0,SPY,-0.00367129474249428,463.1756195068359,0.006256862809479031
2024-01-17,403.2806396484375,403.6569776937358,399.0320575427703,402.25069683542137,54386000.0,QQQ,-0.005640774665183423,402.38805694580077,0.008649256059095804
2024-01-17,462.258056640625,462.7474360984551,459.8894469222123,461.79803875549055,68843900.0,SPY,-0.0055585828200478415,463.32047882080076,0.006388234735283038
2024-01-18,409.0048828125,409.5891860371418,405.21185332945134,406.55871563240174,59562500.0,QQQ,0.014194192830711216,402.69130249023436,0.009101420594894704
2024-01-18,466.3688354492188,466.9267352108962,462.3853092838849,463.9415324064437,91856200.0,SPY,0.008892822417132296,463.5416778564454,0.006569890474236421
2024-01-19,417.1158447265625,417.2743044441196,410.6290605992928,411.2133638072903,70325100.0,QQQ,0.019830965973530512,403.2971496582031,0.010018521595671476
2024-01-19,472.18267822265625,472.4665266846665,466.4178034764312,467.5042115854746,110834500.0,SPY,0.012466190558889645,463.91311950683604,0.006996795152269857
2024-01-22,417.6605224609375,420.6315739269036,417.0563929468466,419.3243040283349,44880600.0,QQQ,0.0013058188540693294,404.23114318847655,0.009249857870338116
2024-01-22,473.1810302734375,474.9134228764255,472.5252486289505,473.7291329004626,75844900.0,SPY,0.0021143343388605462,464.65648803710945,0.006086058759434428
2024-01-23,419.3936462402344,419.61152456207793,416.5117226198445,418.3537600674405,33003800.0,QQQ,0.004149599222557532,405.0196792602539,0.009001669700881192
2024-01-23,474.5610046386719,474.80569435270064,472.63287836670105,473.729083506454,49945300.0,SPY,0.002916377193812991,465.25157165527355,0.00581021294897372
2024-01-24,421.7209777832031,425.7022064915732,421.2258024889761,423.3154579466269,46948000.0,QQQ,0.005549277066623892,405.8943893432617,0.009036314789160694
2024-01-24,475.0798034667969,478.3879835049079,474.58062686260826,477.4483833111572,81765000.0,SPY,0.0010932184124989863,465.8261047363282,0.005807824539213219
2024-01-25,422.2359924316406,424.90003801444976,419.8888663004384,424.2265766240096,44367200.0,QQQ,0.0012212213182865028,406.6711227416992,0.0089895358770687
2024-01-25,477.6636962890625,477.9377475814214,475.07978837101456,477.2232428441444,72525000.0,SPY,0.005438860594388917,466.4319564819337,0.005846926432853939
2024-01-26,419.7204895019531,422.0973249207421,419.0668544727433,420.3444152217944,37137000.0,QQQ,-0.005957575798313242,407.28068389892576,0.009159923458719472
2024-01-26,477.056884765625,478.7305541413174,476.2053692914894,477.2330542010976,76641600.0,SPY,-0.0012703739642593304,466.9653793334962,0.005873355879950975
2024-01-29,424.0185852050781,424.2166674058445,419.5223852109654,420.1760202057739,38694700.0,QQQ,0.010240376180407962,408.115055847168,0.009348692859023025
2024-01-29,480.8348693847656,480.9817071138218,476.8219818291813,477.3700844183153,61322800.0,SPY,0.007919358759483686,467.67889404296886,0.006060427396930001
2024-01-30,421.1960754394531,423.55311457639135,420.2849698613881,422.978724557446,36739000.0,QQQ,-0.006656570877099366,408.8964416503906,0.00944631968337396
2024-01-30,480.4629821777344,481.177457075331,479.69952154301166,480.1399750062207,58618400.0,SPY,-0.0007734197969192502,468.44134826660166,0.005997232169244355
2024-01-31,412.946533203125,418.7895962972089,412.7682773304046,416.7890987605464,64010600.0,QQQ,-0.01958599027239516,409.60850677490237,0.009740381975423724
2024-01-31,472.6230773925781,478.6913643297399,472.6034830992306,478.2411436229909,126011100.0,SPY,-0.0163173960866273,468.94198303222663,0.0070618741131218896
2024-02-01,417.8091125488281,418.3042878447809,413.778378386228,414.748932846612,51008600.0,QQQ,0.011775324296792844,410.77464599609374,0.009524986830347176
2024-02-01,478.808837890625,478.8381994611378,473.52351624352735,474.3359028099636,91891600.0,SPY,0.01308814739257591,469.940805053711,0.007192845447288628
2024-02-02,424.8703002929688,426.0884121300277,418.7103186461384,419.7105521526754,59602400.0,QQQ,0.01690051157827588,412.3953552246094,0.009813802659349287
2024-02-02,483.8494873046875,485.5133595788127,478.9067367427997,479.24930834520416,99228200.0,SPY,0.01052747780569141,471.2655578613282,0.00730779889701722
2024-02-05,424.3157348632813,425.464514985163,420.8990131379791,424.92974741145673,39889200.0,QQQ,-0.0013052581677398534,413.9650634765625,0.009867350783255102
2024-02-05,482.0876770019531,483.8788224888706,479.8169790887864,483.2132736155175,75757100.0,SPY,-0.0036412362707020085,472.47089843750007,0.00744564418823563
2024-02-06,423.4639587402344,426.06858534216695,421.11683293487255,425.464455832466,35846100.0,QQQ,-0.002007411116444646,415.08613739013674,0.00911277314024248
2024-02-06,483.4873046875,483.8200791102588,481.598277417189,483.037054113165,55918600.0,SPY,0.002903263767808806,473.4193161010743,0.006922462607395936
2024-02-07,427.821533203125,428.6534240554256,424.9495225938039,426.2567926001766,37712700.0,QQQ,0.010290307765161488,416.3854751586914,0.009263372334106252
2024-02-07,487.5198364257813,487.9406956034412,484.8380166056108,485.74828512507054,70556500.0,SPY,0.008340512148271806,474.6045944213868,0.0070073367122458425
2024-02-08,428.6138610839844,429.37642019493,427.2570855456161,427.94039968058377,29889900.0,QQQ,0.0018520056130115758,417.5882568359375,0.009228070753573327
2024-02-08,487.735107421875,488.1168078335821,486.6976254514365,487.5197792844624,52343600.0,SPY,0.00044156356318114653,475.6694839477539,0.006981441716760071
2024-02-09,432.8327026367188,433.62500122311496,428.9604585212787,429.7527268845742,36943900.0,QQQ,0.00984298907661274,418.9598892211914,0.009352747743195491
2024-02-09,490.5539855957031,490.9944091907352,487.9015274006516,488.2440989985779,63979400.0,SPY,0.005779526900838494,476.8855926513672,0.00699342971071694
2024-02-12,431.1392211914063,434.9025715582553,430.4558768680945,432.7237881762321,33203300.0,QQQ,-0.003912554284822289,420.23644866943357,0.009474235461090788
2024-02-12,490.3386535644531,492.8051152852079,489.6143516538678,490.5246201484485,56502300.0,SPY,-0.00043895684791661616,478.0747863769531,0.007013958624250436
2024-02-13,424.4147033691406,427.10845799317786,421.22577348497225,423.1569690887234,64491700.0,QQQ,-0.015597091361076343,421.17876586914065,0.010343540722900847
2024-02-13,483.585205078125,486.531279052696,480.2965893692246,484.0256585499092,113099200.0,SPY,-0.013773028981571844,479.01195068359374,0.0078021386354796395
2024-02-14,429.0396423339844,429.4654857929742,424.7415248156504,427.0985638276945,45092700.0,QQQ,0.010897216632999474,422.46671600341796,0.010334305477373011
2024-02-14,487.9798278808594,488.4692073267869,483.898390159309,486.2376382481313,68387800.0,SPY,0.009087587371545913,480.2980392456055,0.007741727181384759
2024-02-15,430.3172302246094,430.78269619535706,427.167892483565,429.73292702270913,38796100.0,QQQ,0.0029777851847789805,423.53233337402344,0.010002513575905942
2024-02-15,491.3467712402344,491.53273782316427,488.2049336250616,488.6845458033632,61683000.0,SPY,0.006899759307667619,481.54693603515625,0.007670857989080482
2024-02-16,426.4152526855469,430.792585285216,425.7021990653748,430.6935744065789,53716500.0,QQQ,-0.009067676739380914,423.99730377197267,0.009453155573466304
2024-02-16,488.8998718261719,492.1884874206572,488.1560054976972,491.0433562248227,75532900.0,SPY,-0.004979984722167097,482.382795715332,0.007484348438541768
2024-02-20,423.1965942382813,425.9299411397184,419.4134479735006,424.4147060430947,53999500.0,QQQ,-0.007548178511426529,424.2741073608398,0.009650518328588955
2024-02-20,486.2083129882813,487.8232593065832,483.9473821687879,487.1479132312173,71736700.0,SPY,-0.005505337581367842,483.0341598510742,0.00765770723530207
2024-02-21,421.5030822753906,421.592240421049,417.561506436684,420.45331311223856,49779000.0,QQQ,-0.004001714536334688,424.3795791625977,0.009669401801806974
2024-02-21,486.6487426757813,486.8053476964511,483.07627838297776,484.8967856125797,59293400.0,SPY,0.000905845654495474,483.6385467529297,0.007649763341627872
2024-02-22,433.8428649902344,434.8827209600342,429.5249209528767,430.2973931592393,53887800.0,QQQ,0.029275664244802657,424.98567352294924,0.011608882944278887
2024-02-22,496.7201843261719,497.6891461620336,492.33533332535967,493.3043250305752,76402500.0,SPY,0.020695505335149855,484.72056579589844,0.008793919531703272
2024-02-23,432.5653076171875,436.3385407564334,431.584870254059,435.40760883106094,39853900.0,QQQ,-0.0029447467646509518,425.50213928222655,0.011651100377630579
2024-02-23,497.0627136230469,499.2942827215487,496.3286444476272,498.4525345350048,61321800.0,SPY,0.000689581997437072,485.69051666259764,0.00876782787012176
2024-02-26,432.3375244140625,434.3677611937407,432.1493553900167,433.37741063480513,33043200.0,QQQ,-0.0005265868508498306,426.132991027832,0.011536425468163443
2024-02-26,495.2421875,497.9435715199019,495.114944068722,497.5031180838397,50386700.0,SPY,-0.0036625682698612216,486.5997817993164,0.008831292666330037
2024-02-27,433.3774108886719,433.7636318908706,430.8322026971725,433.4467426813821,33713200.0,QQQ,0.002405265367651621,426.6009323120117,0.011357244216834662
2024-02-27,496.1622619628906,496.3873872719111,494.0285746437228,495.9371665232225,48854500.0,SPY,0.001857827313814342,487.3661514282227,0.008717458979386666
2024-02-28,431.0698547363281,432.45636962600565,430.1092135346453,431.2283144443798,32938800.0,QQQ,-0.00532458797889801,427.0946212768555,0.011312856052841987
2024-02-28,495.5064392089844,496.0936705929877,494.2340348484982,494.596170825083,56506600.0,SPY,-0.0013217908821031576,488.11832427978516,0.008726195504025033
2024-02-29,434.763916015625,435.8433945493471,430.82230972359486,434.001356929354,42495200.0,QQQ,0.008569518927637354,428.1854904174805,0.010293422530213578
2024-02-29,497.2878112792969,498.9125546458191,494.61581858519605,497.2780440014064,83924800.0,SPY,0.003595053321923114,489.35156097412107,0.007645944357749827
2024-03-01,441.3101501464844,442.270791510957,435.595837627302,435.6552562500031,43853000.0,QQQ,0.015056985848439508,429.3605422973633,0.010471533109339543
2024-03-01,501.95648193359375,502.3871382425429,497.7576277253672,498.1687196091282,76844800.0,SPY,0.009388266811298784,490.50894317626955,0.007419584876517034
2024-03-04,439.7354431152344,441.73597058168656,439.48785547616654,441.3100968729336,34325700.0,QQQ,-0.0035682547313432567,430.1037994384766,0.0100101155752661
2024-03-04,501.4181823730469,503.2778482150625,501.124566645019,501.1539580871736,49799300.0,SPY,-0.001072402847500431,491.3873779296875,0.007200085776733397
2024-03-05,431.8423767089844,436.6951189361105,429.4655412603914,436.685205758496,57917100.0,QQQ,-0.017949579752618683,430.4801315307617,0.01092880873607301
2024-03-05,496.4069213867188,499.852171759294,494.1851494829937,499.4019211687457,72855600.0,SPY,-0.009994174847452575,492.1033401489258,0.007583156708828438
2024-03-06,434.5559387207031,437.725042437446,432.6742786665274,436.0711738965989,46234500.0,QQQ,0.006283686266267852,431.0347305297852,0.01096846159614079
2024-03-06,498.9223327636719,501.1930605051688,497.62059661226607,499.705327910019,68382400.0,SPY,0.005067236713634626,492.8750915527344,0.007619705810124351
2024-03-07,441.1517028808594,442.40943730822073,436.6059668654391,438.15094166280267,44526700.0,QQQ,0.015178170570107952,431.70123901367185,0.011229485095493211
2024-03-07,503.8748474121094,504.9319237100217,498.981053101571,502.2403368392256,58652100.0,SPY,0.00992642406084343,493.6928421020508,0.0077013583573255886
2024-03-08,434.78369140625,444.31088916848194,434.1102602798687,441.5081801623854,72096000.0,QQQ,-0.014434969723621682,432.00973052978514,0.011786596382724049
2024-03-08,500.8504943847656,507.2123972241913,500.2730302309064,504.511072900666,86532500.0,SPY,-0.006002190906882476,494.34861145019534,0.007888381396110266
2024-03-11,433.16943359375,434.42716788876976,431.2382379675774,433.2882708218653,45860000.0,QQQ,-0.003712783723048396,432.02656707763674,0.011626711511157971
2024-03-11,500.4198303222656,501.0070916139854,497.69888187766907,499.6368351795393,62557200.0,SPY,-0.0008598655034353087,494.84190368652344,0.007831978235396215
2024-03-12,439.3789367675781,439.7354484650849,432.2484005864345,435.4868662876252,55300900.0,QQQ,0.014335044655186202,432.4385528564453,0.012004853740731422
2024-03-12,505.8030395507813,506.3902709796666,500.0087440051748,502.5437557737152,73114400.0,SPY,0.010757385903450212,495.61512298583983,0.008116788708490582
2024-03-13,436.0018615722656,438.3985233769722,434.88276053310153,438.37869702173583,37928700.0,QQQ,-0.007686019771810049,433.0179107666016,0.011550411614745753
2024-03-13,505.0101623535156,506.30213117139687,503.5616184086326,506.1259617515082,55104100.0,SPY,-0.0015675611557610658,496.6863708496094,0.007321147803378715
2024-03-14,434.9025573730469,437.7646547619274,432.1790933458998,437.23977017652857,52195200.0,QQQ,-0.002521329141243922,433.31105651855466,0.01135849431256023
2024-03-14,504.0119323730469,506.1456197116887,500.9484120857823,505.9889848262863,110171800.0,SPY,-0.001976653253504157,497.48797607421875,0.0071897735982806915
2024-03-15,429.73291015625,434.6351270874889,428.5642735752165,431.86215772576384,73069800.0,QQQ,-0.011886909214843921,433.2818405151367,0.011685954822745086
2024-03-15,500.5510559082031,502.38704698505336,498.8721863811514,500.9241446835828,107646300.0,SPY,-0.006866655812192479,497.9481903076172,0.007317757837976086
2024-03-18,433.83148193359375,437.3617895539183,433.59346292495405,435.0710570885691,47323800.0,QQQ,0.009537486379280313,433.65265197753905,0.011666936911507607
2024-03-18,503.5259094238281,506.09822050628367,503.1135702224496,504.6451757518834,88893300.0,SPY,0.005943157007685107,498.6794921875,0.007258977727806971
2024-03-19,434.9123840332031,435.3189683120467,429.7160644501117,431.8184093155366,43004100.0,QQQ,0.0024915252687329748,434.23844146728516,0.011497858108641353
2024-03-19,506.3240661621094,506.60876657056906,501.8175780927784,502.82886078971904,60755300.0,SPY,0.005557125633282922,499.6852798461914,0.007117185396571367
2024-03-20,440.0690002441406,440.40616105313256,434.4066294366334,436.1122860523407,43653500.0,QQQ,0.011856678264980935,435.16673736572267,0.011649463552278357
2024-03-20,511.0071716308594,511.1446379930055,505.705488344828,506.3829326447679,69594600.0,SPY,0.009249225509361025,500.9032012939453,0.007288858509626772
2024-03-21,442.1515197753906,445.5925818117654,441.9532058971587,445.1364266024582,39345700.0,QQQ,0.004732256828121617,435.5821701049805,0.009794621578548502
2024-03-21,512.6958618164062,514.5710730467603,512.4111015260332,513.8642059623243,60256100.0,SPY,0.003304631087969856,501.70198516845704,0.005906429310798152
2024-03-22,442.6572265625,443.7579547131184,440.78297450531056,441.6358179016752,28253900.0,QQQ,0.0011437409224925865,436.0867660522461,0.009750643970250003
2024-03-22,511.7239379882813,513.0984218682763,511.4882556802192,512.6075219273547,79070800.0,SPY,-0.0018957122545939509,502.43504638671874,0.005955503021491227
2024-03-25,441.05072021484375,442.53821024496335,438.84923375974427,439.8507898011425,27789200.0,QQQ,-0.0036292333011972433,436.52242584228514,0.009804077453768273
2024-03-25,510.3101806640625,511.4686974174976,510.1530591139924,510.3396035020047,48512100.0,SPY,-0.0027627343949877536,503.1884460449219,0.005917957503103552
2024-03-26,439.6227416992188,443.5001361357242,439.3946489924608,442.5778692870514,34142000.0,QQQ,-0.0032376741498786332,436.8346923828125,0.009843952043254773
2024-03-26,509.36761474609375,512.0872197037324,508.9651031450789,511.7435537767085,65463700.0,SPY,-0.0018470450986147746,503.84871368408204,0.0059645071428008675
2024-03-27,441.12017822265625,442.8159388955268,438.2443697945435,442.7167668263367,41359200.0,QQQ,0.0034061853070876946,437.3372085571289,0.009753012333507624
2024-03-27,513.6482543945312,513.6875647434284,510.03523783042095,512.2148648432812,82999800.0,SPY,0.00840383158354352,504.75580444335935,0.006130974646812641
2024-03-28,440.3070373535156,441.923448256508,439.9500239590986,441.07060478205983,36839600.0,QQQ,-0.0018433545081000258,437.61436462402344,0.00961576995259
2024-03-28,513.550048828125,515.0619990069974,513.2653484476477,513.6875151873788,96294900.0,SPY,-0.0001911922518300635,505.5689163208008,0.006131650038503727
2024-04-01,441.2391662597656,443.79763595945445,439.3252392986767,441.2589885667326,38729000.0,QQQ,0.0021169975203043645,437.6108154296875,0.009013820140135692
2024-04-01,512.6566162109375,514.8362431784628,511.4882719174824,514.2962652111693,62477500.0,SPY,-0.001739718688034797,506.10392303466796,0.0058905585313960476
2024-04-02,437.43115234375,437.7484908244917,434.3768526900352,436.4097436976016,44259700.0,QQQ,-0.008630271760086128,437.49560089111327,0.00918954695121015
2024-04-02,509.3970947265625,509.5345011723104,507.0800013825879,508.8079788224424,74230300.0,SPY,-0.006358098932705114,506.50286865234375,0.006106434278081976
2024-04-03,438.4129638671875,440.2971121232096,435.2892404081159,435.2991364308551,39949800.0,QQQ,0.0022444938321766195,437.8241302490234,0.00819484778702004
2024-04-03,509.9566955566406,511.46870586053615,508.248373198387,508.2974512119765,59155800.0,SPY,0.0010985552054993963,507.1803573608398,0.005552340525996614
2024-04-04,431.7093200683594,443.22250998661207,431.48122734232624,442.6076552811834,57267700.0,QQQ,-0.015290706140840604,437.6817993164062,0.008828689644826223
2024-04-04,503.7321166992188,514.3355443672095,503.4277611061557,513.9919383481855,96858100.0,SPY,-0.01220609301075537,507.4208465576172,0.006245787815926283
2024-04-05,436.7965087890625,439.4740030621133,432.3241122245516,433.1372807386561,54744600.0,QQQ,0.011783828803829444,437.4640396118164,0.008543683441920084
2024-04-05,508.9945373535156,510.96796482720384,504.6549983834538,505.0968203427488,74546500.0,SPY,0.01044686348128776,507.6768310546875,0.006288076645789974
2024-04-08,436.9254455566406,438.8095936916302,435.53712747102014,437.7286878155733,28144900.0,QQQ,0.00029518726680199947,437.5711273193359,0.007885211029601087
2024-04-08,509.27923583984375,510.7126853242271,508.4643850355861,509.7014625472124,48401800.0,SPY,0.0005593350526085228,508.09826812744143,0.006097932738584512
2024-04-09,438.5418701171875,439.543426269449,433.79180962155937,439.2657626436143,39443600.0,QQQ,0.0036995431989261807,437.8397491455078,0.007862062946818087
2024-04-09,509.8683166503906,511.2722832762476,504.9887401265568,511.02683330828006,68049200.0,SPY,0.0011566951273311865,508.57069244384763,0.006084787542109191
2024-04-10,434.7140197753906,435.5767591936677,432.641453861938,433.3554503224197,61502200.0,QQQ,-0.008728585803617794,437.60650329589845,0.0074279669607735625
2024-04-10,504.7630004882813,506.7658508730003,502.7699776912442,504.1346341197876,82652800.0,SPY,-0.010013009232754388,508.51869049072263,0.006095883649898653
2024-04-11,441.6556701660156,442.6076554234298,434.3074649227314,436.5883013945989,45474600.0,QQQ,0.015968314972246933,437.8891937255859,0.008079392377878448
2024-04-11,508.5723571777344,510.0254018796054,502.7601184459389,506.29457417860783,70099000.0,SPY,0.007546822341907289,508.6968002319336,0.006315952585198675
2024-04-12,434.6148681640625,438.5517600352813,433.23647633955466,437.4212832397845,53665000.0,QQQ,-0.015941835410618665,437.8748092651367,0.00887682735236517
2024-04-12,501.552490234375,506.4320369876864,499.8146852171386,505.0084151327042,92561100.0,SPY,-0.013803083955084228,508.573828125,0.007057363535067322
2024-04-15,427.4650268554688,438.46253441648776,426.6221096654615,438.37328863350814,63453600.0,QQQ,-0.01645098185157967,437.7614151000977,0.00924946052684477
2024-04-15,495.26898193359375,505.9214871024234,494.4147908344573,505.754597894728,92101400.0,SPY,-0.012528117042834297,508.30972442626955,0.007441068980015983
2024-04-16,427.5046997070313,430.1425193560447,426.1163815399364,427.30635557041785,47619000.0,QQQ,9.280958457424937e-05,437.44507598876953,0.008961481705119368
2024-04-16,494.3657531738281,497.2817003745105,493.0697699819341,495.75009477032967,73484000.0,SPY,-0.0018237135631617996,507.85171661376955,0.007287990685676369
2024-04-17,422.2884826660156,429.5077661169773,421.356319862856,429.4879438120598,56880500.0,QQQ,-0.012201543151666772,436.81388092041016,0.009282910832670561
2024-04-17,491.43994140625,497.00676017491,490.0359747017538,496.8398410039947,75910300.0,SPY,-0.005918314019113247,507.1075103759766,0.007204762484895371
2024-04-18,419.8787841796875,424.66848889149566,419.3036044050467,422.9330838090479,46549400.0,QQQ,-0.005706285123181831,435.8043701171875,0.008776701505928752
2024-04-18,490.42864990234375,494.9547627876264,489.48613043648334,492.8438991042068,74548100.0,SPY,-0.0020578130076535084,506.0785842895508,0.006748895381596885
2024-04-19,411.1918640136719,419.2243170638417,409.62505433483545,418.6987384090921,75231000.0,QQQ,-0.020689114318998447,434.2563873291016,0.009513214176828525
2024-04-19,486.1480712890625,491.351599086848,484.871713365081,490.3501739150544,102212600.0,SPY,-0.008728239294612194,504.7511947631836,0.006784421882252059
2024-04-22,415.32708740234375,417.6673906954906,410.4877813065422,413.82967097777305,47807700.0,QQQ,0.010056676093509465,432.88988037109374,0.009945100540140592
2024-04-22,490.6250915527344,493.2366831181411,486.4131612117978,488.7694751922515,67961000.0,SPY,0.009209170061707184,503.6962524414063,0.007283967873243727
2024-04-23,421.5249633789063,422.72486361887206,415.3766586914757,417.2608068172804,44384700.0,QQQ,0.014922879254823052,431.91359252929686,0.01073067995383034
2024-04-23,496.4471435546875,496.8791379338626,490.4385325961786,492.64758250516905,64633600.0,SPY,0.011866600592169929,503.0031005859375,0.007918478473628629
2024-04-24,422.9529418945313,426.1460884984029,420.6622095768694,424.6288498170546,48440300.0,QQQ,0.0033876487508082143,431.0801025390625,0.010799222839524916
2024-04-24,496.2115173339844,498.1358368504936,493.9730146419187,497.34058128634894,55928100.0,SPY,-0.00047462499031813987,502.34529571533204,0.007919857447294863
2024-04-25,420.91015625,421.7728957250398,414.652783221514,415.7435851591573,57392200.0,QQQ,-0.004829817793395752,430.06960144042966,0.010744111790429837
2024-04-25,494.3264770507813,495.092279859481,488.435676995503,490.0949214080457,69122400.0,SPY,-0.003798864430497151,501.3792068481445,0.007598259662666104
2024-04-26,427.405517578125,428.9425786799663,423.3595575488188,424.0537014844938,41874900.0,QQQ,0.015431704917728606,429.42452545166014,0.011452704197547792
2024-04-26,499.0096130371094,500.6001240374191,496.49620775921056,497.13437168422746,64306100.0,SPY,0.009473771290318789,500.6521850585938,0.008008135694865153
2024-04-29,429.1408996582031,430.1424860232728,426.3940121310616,429.5177353307269,30022200.0,QQQ,0.004060270653293285,428.81961212158205,0.011492496074526914
2024-04-29,500.77685546875,501.4542997979017,498.01800014192,500.8063082673151,46415400.0,SPY,0.0035414997736911147,500.0581970214844,0.008083223298266344
2024-04-30,421.0489196777344,428.9524511616385,420.96960019274496,427.5542069170889,43665900.0,QQQ,-0.018856231104781074,428.00050048828126,0.012048572844362903
2024-04-30,492.843994140625,500.286025249528,492.843994140625,499.3042252109721,77483600.0,SPY,-0.015841110150147553,499.2305419921875,0.00866274260531578
2024-05-01,418.0045776367188,426.552713593709,417.1517644296991,419.6209885314432,52251700.0,QQQ,-0.007230376088711132,426.98008117675784,0.012065880937528108
2024-05-01,491.24359130859375,498.9408990129826,490.7723165650843,492.2548440181232,80242800.0,SPY,-0.0032472807847072627,498.29488677978514,0.008645590524019232
2024-05-02,423.3396911621094,424.24210548579566,417.1219932221059,421.75302894752986,36559000.0,QQQ,0.012763289712169668,426.5615997314453,0.012108180859399634
2024-05-02,495.8384094238281,496.6827729302825,490.4581351081365,494.9744207054676,62550200.0,SPY,0.009353441340566926,497.90020141601565,0.00862807237491692
2024-05-03,431.84814453125,432.8398046158384,429.0119809525339,430.81680956962015,48515300.0,QQQ,0.020098406898214627,426.3141815185547,0.0126954059729975
2024-05-03,501.9845275878906,503.2215752067193,499.3042028164722,501.85688879465766,72756700.0,SPY,0.012395405533839998,497.54970092773436,0.008771024971667473
2024-05-06,436.578369140625,436.66761492012506,432.87946598721726,433.6529596726167,30227200.0,QQQ,0.01095344432823575,426.2968276977539,0.012951348558638325
2024-05-06,507.16839599609375,507.2076464204613,503.9578910557652,504.39971300822606,47264700.0,SPY,0.010326749378337219,497.44415893554685,0.009107751155303455
2024-05-07,436.6477966308594,438.2840297962167,435.9139475542184,437.0246323231492,30996100.0,QQQ,0.0001590264088691118,426.2021240234375,0.012922860986083416
2024-05-07,507.7280578613281,509.1320246468493,507.0506134757241,508.1403970755998,52561300.0,SPY,0.0011035030369650478,497.33714599609374,0.009107351660226625
2024-05-08,436.3899230957031,437.79809369508,433.9008466636998,434.0198712917402,24896700.0,QQQ,-0.0005905756015397445,426.2859191894531,0.012765260531563556
2024-05-08,507.7771301269531,508.3171081269149,505.76445216837857,505.8822633711224,42047200.0,SPY,9.665068704634017e-05,497.4878524780273,0.008807970784466428
2024-05-09,437.3419189453125,437.9170987408149,434.8032715536724,436.6576710669421,24580100.0,QQQ,0.0021815257393114074,426.07023162841796,0.012234110116552845
2024-05-09,510.7028198242188,510.7421301704395,507.3058306373819,507.9636197691895,43643700.0,SPY,0.005761759487935558,497.59437561035156,0.008739822064960939
2024-05-10,438.3732604980469,440.6044957185327,436.8262731662219,438.8492682397871,27116600.0,QQQ,0.0023582042060399377,426.2581512451172,0.011684046795833998
2024-05-10,511.3607177734375,513.1279457174053,510.1334678228607,512.3130349714144,52233200.0,SPY,0.0012882207101287957,498.0847869873047,0.008090431077065193
2024-05-13,439.384765625,440.3863520599488,437.9666988746727,440.28717999240814,22994200.0,QQQ,0.0023074060808452312,426.85413818359376,0.010984022218854535
2024-05-13,511.4294128417969,513.1573904337706,510.2807236178911,513.0494068153514,36716400.0,SPY,0.00013433778929772267,498.89280853271487,0.007445841687978556
2024-05-14,442.21099853515625,442.7465034838916,438.7699366421945,438.9583544896557,34478300.0,QQQ,0.006432250572311338,427.589453125,0.011034651596552338
2024-05-14,513.77587890625,514.2962616201814,511.085756751274,511.62573471479726,57535900.0,SPY,0.004588054588833268,499.8633148193359,0.007427182698263857
2024-05-15,449.1228332519531,449.3707482659212,443.1728729167193,444.6901115916814,41464700.0,QQQ,0.01563017369466757,428.93117065429686,0.01093705954506227
2024-05-15,520.1380004882812,520.432528485142,515.621684813936,516.2598787440616,59504900.0,SPY,0.012383067876941212,501.2982177734375,0.0075329307759070705
2024-05-16,448.2105712890625,450.8979618566639,448.0419757456327,448.93446383956336,34780400.0,QQQ,-0.0020312081581006503,430.34776000976564,0.010810717380680707
2024-05-16,519.0678100585938,521.8463206535929,518.9205160986112,520.2361543782758,50244800.0,SPY,-0.0020575124845384485,502.73017578125,0.007532920431896101
2024-05-17,447.9923400878906,448.9443252329413,445.7908536341057,448.3393968842616,35803700.0,QQQ,-0.00048689436428117627,432.1877838134766,0.009284892877942617
2024-05-17,519.81396484375,519.8826980271124,517.7227262796864,519.1855985309879,59187600.0,SPY,0.0014374899978328859,504.41347045898436,0.007035790319353894
2024-05-20,451.1160888671875,451.78048417088377,448.0221142717293,448.21053210724057,24474200.0,QQQ,0.0069727727458108735,433.97723388671875,0.009210193765412244
2024-05-20,520.412841796875,521.885541616312,519.5390255221749,519.9317694437484,37764200.0,SPY,0.0011520986230237895,505.9028579711914,0.006913887575644119
2024-05-21,451.9986572265625,452.1870750648368,449.0633518318087,449.2616959551704,23167700.0,QQQ,0.0019564107358511773,435.50091857910155,0.008864174202060504
2024-05-21,521.689208984375,521.846330534573,519.440908663292,519.6471082263093,33437000.0,SPY,0.002452605095395022,507.16496124267576,0.006589466856129527
2024-05-22,451.909423828125,453.0101822957235,449.3013528761101,452.25651092198274,25120000.0,QQQ,-0.0001974196095736458,436.94874267578126,0.00890343822903843
2024-05-22,520.1871337890625,521.7089118715144,517.9976789436778,520.9922170155929,48390000.0,SPY,-0.002879252952608935,508.3637420654297,0.006668132805993574
2024-05-23,449.8765563964844,456.7388278262186,448.0816539096593,456.7090792316384,40899200.0,QQQ,-0.00449839575023725,438.39706268310545,0.008887699094327212
2024-05-23,516.3875732421875,523.3681571803176,515.1700908499565,523.2601735572039,57211200.0,SPY,-0.007304218616863589,509.466796875,0.00688182164174988
2024-05-24,454.13079833984375,455.4001221787376,449.7873218442807,451.49297858995686,29669500.0,QQQ,0.009456465074410447,439.7333267211914,0.008555134202184869
2024-05-24,519.80419921875,520.6191100051178,517.2907935924079,518.2431108375699,41291100.0,SPY,0.0066163985223557376,510.506526184082,0.006751467768421318
2024-05-28,455.8463134765625,455.9058106622968,452.8812594229002,455.350483420067,26216800.0,QQQ,0.0037775793735861374,441.0685974121094,0.008553648743395186
2024-05-28,520.1674194335938,520.8546913706681,517.5165476330567,520.6190689749426,36269600.0,SPY,0.0006987635255537583,511.4760543823242,0.0067486726134413436
2024-05-29,452.6333312988281,454.4183073453421,451.5424991534856,451.6813460915583,29739200.0,QQQ,-0.007048389079271522,442.64781799316404,0.007273138911168732
2024-05-29,516.5248413085938,517.7128406174895,515.808146643555,516.1125021789841,45190300.0,SPY,-0.007002703339179517,512.6600967407227,0.005737900268216953
2024-05-30,447.7840881347656,451.8400044129928,446.455267285497,451.7011574782768,30536800.0,QQQ,-0.010713402723011245,444.1367935180664,0.007582451966172272
2024-05-30,513.0985107421875,515.6413992433119,511.84183783640026,514.9737823989375,46377600.0,SPY,-0.006633428428583943,513.7528427124023,0.005957950852861893
2024-05-31,446.95111083984375,448.7063685680924,439.36491720141737,448.0121943996343,55941300.0,QQQ,-0.0018602208452551672,445.31736450195314,0.007340764388622253
2024-05-31,517.7718505859375,517.8994893772648,508.92582317948944,514.0606778227026,90785800.0,SPY,0.009108075244635083,514.8495147705078,0.005942669017968879
2024-06-03,449.3509521484375,451.7805012690849,444.16455885925086,450.7789451331645,32997500.0,QQQ,0.0053693597585746655,446.1925048828125,0.006150249487541747
2024-06-03,518.1939697265625,519.6764971476924,513.0885983159723,519.3917967524706,46835700.0,SPY,0.0008152608917368909,515.6599868774414,0.005438026463753607
2024-06-04,450.5806274414063,451.7805277756861,447.3676581687935,449.09313718363126,23767400.0,QQQ,0.002736558779033338,446.8926177978516,0.005784705643048116
2024-06-04,518.773193359375,519.5193707703163,515.4056273488814,516.8783269996437,34632700.0,SPY,0.0011177737809611177,516.2402267456055,0.005035587843210412
2024-06-05,459.6641845703125,459.7435040590487,450.620249701227,454.16048336446056,33817400.0,QQQ,0.02015967082403569,448.0434371948242,0.007102093120516443
2024-06-05,524.93896484375,524.9586200186185,519.1070707176025,521.1099809761525,47610400.0,SPY,0.011885293155661891,517.1007720947266,0.005578862538405515
2024-06-06,459.5055847167969,460.665840473326,458.3354329370959,460.3485019443356,21966800.0,QQQ,-0.0003450341767737841,449.19922027587893,0.007096505478724641
2024-06-06,524.92919921875,525.6753768600677,522.9852542553429,525.2433824321638,30808500.0,SPY,-1.860335325443163e-05,517.9583755493164,0.00558064657775849
2024-06-07,459.0989379882813,461.85575177508935,457.98828355087136,459.1386128647784,25829700.0,QQQ,-0.0008849658024639995,450.28707122802734,0.007139200080970264
2024-06-07,524.291015625,527.1186043544275,522.8477384972871,523.9473496782516,43224500.0,SPY,-0.0012157517522359829,518.6377853393554,0.0055297263947537475
2024-06-10,460.9533996582031,461.3104130687084,457.6809330877552,457.9685230207916,20660800.0,QQQ,0.004039350816292142,451.4160781860352,0.007147897702600459
2024-06-10,525.910888671875,526.2348994057324,522.8771606503717,523.4760441854506,35686100.0,SPY,0.0030896448701185353,519.3652938842773,0.005543692881742715
2024-06-11,464.1167297363281,464.2357543643346,458.1766956694297,459.6741120421122,22053300.0,QQQ,0.006862581077546226,452.6526763916016,0.0072124243664277565
2024-06-11,527.1774291992188,527.2363347918784,522.3665860762226,524.3498409029419,36383400.0,SPY,0.002408279719292805,520.1526947021484,0.005539288991508861
2024-06-12,470.1956787109375,472.526086238178,467.359545059579,468.0536890431166,34532600.0,QQQ,0.013097888063769991,454.0519104003906,0.007537423799907949
2024-06-12,531.5072021484375,534.2169795758864,530.4664966070287,531.7723073085223,63251300.0,SPY,0.008213122773096826,521.0392608642578,0.005701482355981816
2024-06-13,472.74420166015625,474.4002873344188,470.463395547069,473.73586175507495,25859000.0,QQQ,0.005420132648189524,455.2329788208008,0.006968351915404793
2024-06-13,532.5772705078125,533.4412590560199,529.7693376882881,533.2645422972001,44760900.0,SPY,0.0020132716077028157,521.6612243652344,0.005122195976428499
2024-06-14,475.1936340332031,475.2630575074721,472.079806607534,472.5458880928072,23372600.0,QQQ,0.005181306009560904,456.58213195800784,0.006902979147101193
2024-06-14,532.9014282226562,532.930851061761,530.0247015137712,531.0359842688257,40089900.0,SPY,0.000608658560540265,522.3529052734375,0.005067499024387186
2024-06-17,481.0146789550781,482.7996551533129,474.1524075357547,475.46137595836245,37054500.0,QQQ,0.012249837760806903,458.2332489013672,0.007152256696858081
2024-06-17,537.1427001953125,538.5467267827651,531.7526283434909,532.2141054561657,55839500.0,SPY,0.00795883018516541,523.2193420410156,0.005280246686295482
2024-06-18,481.1633911132813,481.8476390068332,479.3982373367575,480.96507725010366,24438600.0,QQQ,0.00030916345115761246,459.73561401367186,0.007141413830303278
2024-06-18,538.5073852539062,538.635024027193,536.7794079456912,537.2015746864449,41376400.0,SPY,0.0025406378195171886,524.1240692138672,0.005282425400147109
2024-06-20,477.4546203613281,482.7798305998029,475.6200430053543,482.36335027824913,33918700.0,QQQ,-0.007707923795640559,461.00841217041017,0.007549119742751498
2024-06-20,537.0446166992188,540.107828000523,535.2577334527383,539.4402111706817,70328200.0,SPY,-0.0027163388929156707,524.8918395996094,0.0053705943690453475
2024-06-21,476.1753234863281,478.5156569801472,474.67793736474135,477.1769098377103,37456800.0,QQQ,-0.0026794103993209584,462.2217071533203,0.007620534853342213
2024-06-21,536.3245849609375,537.447462175694,534.8569932184257,536.2162529799443,64338600.0,SPY,-0.0013407298311762794,525.6987121582031,0.005315830656762661
2024-06-24,470.7542419433594,476.68386353531054,470.6152046309388,474.94570010748254,37751000.0,QQQ,-0.011384633506999475,463.2655914306641,0.008100764198171465
2024-06-24,534.5811157226562,538.7278494880962,534.4629244620497,536.1472401021375,45528700.0,SPY,-0.0032507725492543216,526.6083892822265,0.005030411267935167
2024-06-25,476.13763427734375,476.435593050345,471.906437833723,472.8500244668389,29014700.0,QQQ,0.011435674613914815,464.3659332275391,0.008204196031899707
2024-06-25,536.6397705078125,537.004203612723,534.2856841465313,535.8123714938099,37936200.0,SPY,0.0038509680282539094,527.4501678466797,0.004926388217262231
2024-06-26,477.1208801269531,477.6671782369132,474.8960406845145,475.3131829243897,22737100.0,QQQ,0.0020650454381780925,465.4296615600586,0.008198004374974411
2024-06-26,537.3095703125,538.0285772692542,534.8668704239683,535.5169224493349,38550600.0,SPY,0.0012481367231760299,528.307275390625,0.004922590518357188
2024-06-27,478.3525390625,479.8324818203984,476.05816554245166,476.8726266157692,26222100.0,QQQ,0.00258144002253502,466.7156219482422,0.007896358256686421
2024-06-27,538.1566162109375,538.7377734099973,536.4230640239002,537.1716488426333,35041500.0,SPY,0.0015764578657047057,529.3888641357422,0.0044846929046528225
2024-06-28,475.8694458007813,483.9047544228724,475.2238482454163,479.1471438922123,34881600.0,QQQ,-0.005190927316044314,468.119889831543,0.007484905168021894
2024-06-28,536.0389404296875,542.00790070753,534.7880726863442,538.9347470490513,76144500.0,SPY,-0.003935054810178085,530.5358856201171,0.004243397342278961
2024-07-01,478.6604919433594,479.22661364625856,473.0387703675387,476.79320268997816,24898300.0,QQQ,0.005865150971988475,469.7053588867187,0.007415955834301837
2024-07-01,537.14208984375,537.6739505394513,534.3644748642668,537.4277087162804,40297800.0,SPY,0.002057965067198797,531.5043975830079,0.003919621786933061
2024-07-02,483.6862182617188,483.7458100140832,477.03152301013625,477.16064857731465,26723600.0,QQQ,0.010499563684387203,471.4221221923828,0.0075725807138511785
2024-07-02,540.7569580078125,540.7569580078125,535.4775472099752,535.5267835560936,40434800.0,SPY,0.006729817365669577,532.6325469970703,0.004058474392980656
2024-07-03,487.71875,487.847875565811,482.9313438696424,482.9313438696424,18064900.0,QQQ,0.008337082153742958,473.2790283203125,0.00763774468819063
2024-07-03,543.1701049804688,543.5345380828469,540.4023491902368,540.4417262410547,32789900.0,SPY,0.004462535223858088,533.852392578125,0.004082927862877853
2024-07-05,492.8041687011719,493.2411951357157,488.2650711444418,488.56306024681385,28495900.0,QQQ,0.010426949345646142,474.93602752685547,0.0068199225548016
2024-07-05,546.3023071289062,546.7061172919005,542.8352028084947,543.4754556350376,41488400.0,SPY,0.005766521610297559,534.9205596923828,0.003517658119818946
2024-07-08,493.9761047363281,494.5323146022004,492.14855370401017,493.1715858120785,22109400.0,QQQ,0.002378096837624133,476.65955352783203,0.006765899755896933
2024-07-08,546.9327392578125,547.8881288012321,545.8590983154559,547.0903075936609,36110500.0,SPY,0.00115399865729926,536.0207366943359,0.003491878412962764
2024-07-09,494.4032287597656,496.6181566504467,492.88357841286194,495.49579476663,25614500.0,QQQ,0.0008646653539354787,478.4247680664063,0.006715367119455162
2024-07-09,547.4645385742188,548.804079690317,547.1690604041432,547.8979265962074,27289700.0,SPY,0.0009723303767259495,537.1794128417969,0.00341729158008678
2024-07-10,499.55810546875,500.1143153546077,495.01903875500045,496.3300875938562,28046900.0,QQQ,0.010426462468531295,480.3550033569336,0.006880565735000209
2024-07-10,552.8818359375,553.2265504354008,548.4002468766333,548.6957250344957,38701200.0,SPY,0.009895247968735532,538.5279602050781,0.003827820705025342
2024-07-11,488.6026916503906,499.8759289300722,487.4108263603545,499.6673578087696,49966600.0,QQQ,-0.021930209315850435,481.57930145263674,0.00895961925427166
2024-07-11,548.1145629882812,553.8766575443788,547.4743703382464,553.0000222525385,53054200.0,SPY,-0.008622589203233777,539.5748168945313,0.004566742027748578
2024-07-12,491.4731750488281,496.240696987892,488.7119794494803,489.1788017056475,37109400.0,QQQ,0.005874882491419875,482.64317626953124,0.00865511287041236
2024-07-12,551.5718383789062,555.1965108923417,548.774564863736,549.2473299383824,53084400.0,SPY,0.006307578057725971,540.5780487060547,0.0044477233743343775
2024-07-15,492.7941589355469,497.62130286804535,490.7480946872657,493.251039123013,31151400.0,QQQ,0.0026878046529956734,483.64567413330076,0.00862396707695217
2024-07-15,553.0886840820312,556.3489232473163,551.2172222757705,553.5811677028757,40584300.0,SPY,0.002750041966578687,541.6036193847656,0.0044520749409588415
2024-07-16,492.9828796386719,495.06868183839055,489.8144535573124,494.2542208338356,25950600.0,QQQ,0.00038296051140829235,484.5351364135742,0.008600872320221843
2024-07-16,556.36865234375,556.664130530242,553.650132792749,554.4085769027762,36475300.0,SPY,0.005930275480436897,542.7769805908204,0.004529148018160632
2024-07-17,478.5114440917969,485.4938941085194,478.44194058688345,484.97742214156807,56268800.0,QQQ,-0.029354844041403094,484.4099746704102,0.01072775268924071
2024-07-17,548.5676879882812,552.0840284475104,548.2426319478126,550.3997127297722,57119000.0,SPY,-0.014021214751418043,543.3482299804688,0.005591808994175674
2024-07-18,476.2468872070313,482.4248185092798,473.0486649513109,482.2460432411684,49347400.0,QQQ,-0.004732503083732187,484.16414947509764,0.010774153575578808
2024-07-18,544.3519897460938,551.108910966774,542.1555319524306,550.1140843965545,56270400.0,SPY,-0.007684918989026457,543.6404602050782,0.005908561025780161
2024-07-19,472.0256042480469,478.4319904360646,470.73440919691376,475.9091617750745,42042900.0,QQQ,-0.008863644198790044,483.89269866943357,0.010818095490200642
2024-07-19,540.7372436523438,545.7507541733052,539.6734620267257,544.1156746223836,65509100.0,SPY,-0.00664045720754336,543.8250915527344,0.006085468706252978
2024-07-22,479.0577392578125,480.08077143386856,474.4789041552317,477.9055815130326,40300000.0,QQQ,0.01489778297295552,484.0368194580078,0.011334698007379879
2024-07-22,546.3121337890625,546.9228087020715,542.7366977016144,544.6869137065378,43346700.0,SPY,0.010309795010722489,544.3244689941406,0.006460151988100879
2024-07-23,477.36920166015625,481.1534293480401,476.89246765926686,478.1538667848399,23282500.0,QQQ,-0.0035247058116048002,484.36756744384763,0.011038319129646071
2024-07-23,545.4552001953125,548.3706648208323,544.96271656342,546.2037248169792,34439600.0,SPY,-0.0015685787313683974,544.8681732177735,0.006413460691304931
2024-07-24,460.2457885742188,470.9826693166206,459.3816779424556,470.6151767777019,58818600.0,QQQ,-0.03587037669457316,483.5729751586914,0.013437222490023104
2024-07-24,533.0938720703125,540.9145154169191,532.1680003349537,540.6091779359837,74515300.0,SPY,-0.022662407692829345,544.6908782958984,0.008270363498806357
2024-07-25,455.17034912109375,464.7749566525204,452.5482212765371,460.5834986147531,59256800.0,QQQ,-0.011027671690050922,482.47544860839844,0.013567109428712617
2024-07-25,530.3162841796875,539.2302874589092,529.3707539281593,533.2120908102739,61158300.0,SPY,-0.005210316674318594,544.3412139892578,0.008332639353426907
2024-07-26,459.8385925292969,462.7785633719282,456.6602243726604,459.5207496514002,39992100.0,QQQ,0.01025603582750323,481.5497512817383,0.013817579640636755
2024-07-26,536.255615234375,538.9642753902813,533.3499495890577,534.1281122545862,53763800.0,SPY,0.011199601505495371,544.2461639404297,0.008734398819409867
2024-07-29,460.7623291015625,464.74521649893046,458.497751473368,462.56008444051145,28218500.0,QQQ,0.002008827852366002,480.79439544677734,0.013820563844097064
2024-07-29,536.57080078125,538.8263542761403,534.5614289959356,537.8118692092069,39515800.0,SPY,0.0005877524410391466,544.2727569580078,0.008689417554039024
2024-07-30,454.4353637695313,463.4042855693184,451.0782205164948,462.69909634451886,41317200.0,QQQ,-0.013731516081985529,479.58313903808596,0.013963364554512797
2024-07-30,533.852294921875,539.1120469361489,530.4246278378796,538.0482653827025,46853600.0,SPY,-0.005066443897835726,544.108267211914,0.008750127035921254
2024-07-31,467.8837890625,469.5921565573994,463.25530468316606,464.7054210637037,44552100.0,QQQ,0.029593703230783586,478.793017578125,0.015470366395010985
2024-07-31,542.5299072265625,545.1794720155896,539.3484816681636,540.7273999983412,65663400.0,SPY,0.016254706380830264,544.1969146728516,0.009387205543474931
2024-08-01,456.5509948730469,472.33350369622815,452.8958926151431,468.5691599962209,56653900.0,QQQ,-0.02422138670835483,477.23462982177733,0.01607690736169032
2024-08-01,534.8470458984375,546.5287423968499,531.3208465092305,544.2633298730499,76428700.0,SPY,-0.01416117568043418,543.78076171875,0.009854777789742185
2024-08-02,445.7147521972656,450.5021580359357,441.4637024026831,447.8402922501388,66323200.0,QQQ,-0.023735010540924306,474.88015899658205,0.016368072620246584
2024-08-02,524.88916015625,528.9176432227539,520.653752172347,527.6962932454506,82789100.0,SPY,-0.01861819340417259,542.7101043701172,0.01049683425692149
2024-08-05,432.4252624511719,439.2984706561797,420.5859032942544,421.837360360957,87483500.0,QQQ,-0.029816131686420055,471.80261688232423,0.017179551848968452
2024-08-05,509.6024169921875,515.7092266413154,502.59928343934064,503.948713970534,146267400.0,SPY,-0.029123754736165464,540.8435882568359,0.012089025236761882
2024-08-06,436.5571594238281,444.0461697793086,431.6207736907292,434.2727280075505,63164400.0,QQQ,0.009555170179547101,468.91031341552736,0.017482617080217637
2024-08-06,514.3006591796875,521.7863860222427,510.0849706117107,511.4146523147869,84826300.0,SPY,0.00921942681361343,539.1853942871094,0.012385146403925195
2024-08-07,431.8292846679688,445.9630464738007,431.431996256728,443.4700139531835,54929200.0,QQQ,-0.010829910021632028,465.5238723754883,0.017069076055634555
2024-08-07,510.8631286621094,523.5988091359484,510.2623130193522,520.525655759712,70698300.0,SPY,-0.006683892886820364,537.0844589233399,0.012022896623664512
2024-08-08,445.0393676757813,445.9531280389296,434.1932146384202,438.0767719597118,47890100.0,QQQ,0.030590984624791373,463.3457061767578,0.018638478756421537
2024-08-08,522.6729125976562,523.3032459691668,513.9953532420095,516.0341826136271,63276600.0,SPY,0.023117315133850624,535.8123764038086,0.013381330957695814
2024-08-09,447.363525390625,449.0023590763839,442.59597339158745,443.7183351596952,33574000.0,QQQ,0.00522236432022094,461.14022369384764,0.01861993692922533
2024-08-09,524.9777221679688,526.4748917317265,520.6143241553161,521.8455333050815,45619600.0,SPY,0.0044096594921243515,534.4826705932617,0.013323769813517756
2024-08-12,448.3269958496094,451.2967626201712,445.5161202096437,448.3369379119588,27795000.0,QQQ,0.002153663417559848,458.91686553955077,0.01860942610323367
2024-08-12,525.2535400390625,527.6765211620506,522.9684086509645,526.1794117211571,42542100.0,SPY,0.0005253896678791836,533.0909133911133,0.01328789820815841
2024-08-13,459.4512023925781,459.7193955740895,452.5978784610078,452.7369460827047,40084500.0,QQQ,0.02481270734519936,457.2402816772461,0.01971909413782099
2024-08-13,533.8916015625,534.1280441902442,528.2182409668121,528.4644827677885,52333100.0,SPY,0.01644550843540271,531.9670608520507,0.01383552332698852
2024-08-14,459.6002502441406,461.9641272088199,455.2995200325608,460.3749733562008,34733700.0,QQQ,0.0003244040951169147,456.29472198486326,0.018750549362485422
2024-08-14,535.5759887695312,536.7678208880384,532.0005525316452,534.6894941203759,42446900.0,SPY,0.003154923587675329,531.3174758911133,0.013578711545003468
2024-08-15,471.211181640625,471.6084701008011,465.21202586511583,465.5894605111915,38280600.0,QQQ,0.02526310938759635,456.04293670654295,0.019683971077568863
2024-08-15,544.7559204101562,545.0415393102818,540.6289046503756,541.2395796214291,60846800.0,SPY,0.017140297237214774,531.3376724243165,0.014071745077778582
2024-08-16,471.8170471191406,473.18771808832525,468.4599035131474,469.4233439544463,38383600.0,QQQ,0.0012857621001398645,456.03250885009766,0.019583423999867334
2024-08-16,545.977294921875,546.676643441067,542.9731562772823,543.1307246146675,44430700.0,SPY,0.002242058261246793,531.5996749877929,0.013986679809171823
2024-08-19,478.0147705078125,478.05450844255967,470.1682106648013,471.9560539944661,23737700.0,QQQ,0.013135861509274482,455.98036041259763,0.01951749054671013
2024-08-19,551.1975708007812,551.1975708007812,545.5340084715398,546.3909252667271,39121800.0,SPY,0.009561342435775222,531.8439468383789,0.013960240554545634
2024-08-20,477.0116882324219,479.6735543148151,475.3132322887564,477.1010758645358,29209300.0,QQQ,-0.0020984336411299376,455.9624847412109,0.019506258435834423
2024-08-20,550.3013305664062,552.4091753538346,548.9519299589504,550.7445779458401,33732300.0,SPY,-0.001625987271810625,532.0862533569336,0.013960702423741903
2024-08-21,479.2364807128906,481.0938276121885,476.0779967778975,477.7962760557126,25658800.0,QQQ,0.004664020893728527,456.91201934814455,0.01757789195757548
2024-08-21,552.1923828125,553.6599745235571,546.3909107782366,551.3551846243884,41514600.0,SPY,0.0034363941009325494,533.041178894043,0.012854138922315777
2024-08-22,471.6382751464844,482.2559738891847,470.60530088101154,481.56069633698496,37739600.0,QQQ,-0.015854814631606318,457.73541564941405,0.017800379846179555
2024-08-22,547.8585205078125,554.7139150306325,546.6371705904586,554.1032400719556,56121500.0,SPY,-0.007848464483725226,533.9182907104492,0.012943524016472929
2024-08-23,476.7533874511719,479.4748450049665,472.0653112621221,475.9985182214683,36061500.0,QQQ,0.01084541389924043,458.58115539550784,0.017815372587515928
2024-08-23,553.6797485351562,554.6253389142347,548.9124797023921,551.1188572535754,50639400.0,SPY,0.010625422092455539,534.7894973754883,0.012921983043942745
2024-08-26,472.12493896484375,477.1308584014276,470.03913667367,476.2071559175767,27452600.0,QQQ,-0.009708265548091455,459.1492858886719,0.01800527329405523
2024-08-26,552.3598022460938,555.4328954778962,550.6459687265464,554.713888571281,35788600.0,SPY,-0.002383952623433716,535.5789474487304,0.012952248598858017
2024-08-27,473.5353393554688,474.60802120277503,468.5194779462626,470.4860966960176,27510000.0,QQQ,0.002987345666842778,460.1042846679687,0.017651755591135746
2024-08-27,553.1183471679688,553.6108309182116,549.9270620852188,551.0794572278462,32693900.0,SPY,0.00137328045739471,536.5422500610351,0.012859317461441637
2024-08-28,468.1619262695313,473.7935589984192,464.7253372305788,473.06851591373936,37372400.0,QQQ,-0.011347438383904507,460.1181915283203,0.016654559314508106
2024-08-28,549.9072875976562,553.2069644594469,546.6962842536592,552.7735763985828,41066000.0,SPY,-0.00580537526327507,536.9111190795899,0.012500081556022473
2024-08-29,467.4765930175781,474.6974098895093,466.195309724221,470.07886723160885,41081500.0,QQQ,-0.0014638807931566244,460.6644714355469,0.01564799532540276
2024-08-29,549.9564819335938,555.2063746094201,548.8040869961412,551.887039533177,38715200.0,SPY,8.945932713921856e-05,537.6665908813477,0.01200159539324188
2024-08-30,473.0486145019531,473.674358184777,467.32759435434446,471.8269533223109,33466500.0,QQQ,0.011919359316810763,462.0311645507812,0.014644631420654105
2024-08-30,555.2064208984375,555.7186231878466,548.7647556974438,552.340192195133,62700100.0,SPY,0.009546098895653499,539.182453918457,0.011143027301127397
2024-09-03,458.68646240234375,470.1285338939306,456.302701297159,469.9994386337424,44985200.0,QQQ,-0.030360837468534796,463.34422454833987,0.01470939711122477
2024-09-03,543.78076171875,552.3795069769291,541.2493885534014,552.0445916444628,60600100.0,SPY,-0.02057911931421552,540.8913711547851,0.009951914552699852
2024-09-04,457.4945373535156,461.3085912506036,454.6340423974472,455.5676869030349,32505100.0,QQQ,-0.002598561646196207,464.3910934448242,0.014677734018143188
2024-09-04,542.6678466796875,546.0955142822328,541.2002547491184,541.9291210675773,47224900.0,SPY,-0.00204662451747073,542.3097305297852,0.009917891167175947
2024-09-05,457.9216918945313,462.2124498582173,454.8426531701362,455.8656853906013,34452400.0,QQQ,0.0009336822762664454,465.69571380615236,0.014349716611933459
2024-09-05,541.347900390625,545.4749160649053,538.875622679528,542.6086874774144,44264300.0,SPY,-0.00243232816747585,543.8339691162109,0.009749524551106099
2024-09-06,445.6551818847656,458.10043106486665,445.15856375258096,457.21643624021857,50624400.0,QQQ,-0.02678735300574253,465.72650451660155,0.01428624058137904
2024-09-06,532.2368774414062,543.3078994766953,531.33072442365,541.6728803282899,68493800.0,SPY,-0.016830254523282462,544.3121673583985,0.009488331561068306
2024-09-09,451.38616943359375,452.3794057534475,446.77756867127937,449.995644648032,32981200.0,QQQ,0.012859690141132418,465.92763671875,0.014528514698989069
2024-09-09,538.1959838867188,539.4764895373146,534.5220749045959,536.46249184752,40445800.0,SPY,0.011196342639689716,544.9730804443359,0.009736683653439868
2024-09-10,455.5578002929688,456.0643605447914,449.1712976638083,453.1541549238158,29680300.0,QQQ,0.009241822505571484,466.28917694091797,0.01465563568668506
2024-09-10,540.5402221679688,540.8948561111164,535.2115751398666,540.1166934123364,36394600.0,SPY,0.004355733508675463,545.7374145507813,0.009758514905882946
2024-09-11,465.4504089355469,466.1953361907622,448.22769443230897,456.7993288987733,57843000.0,QQQ,0.021715375384234736,466.5891372680664,0.014403882328675342
2024-09-11,546.0855102539062,547.0113818470635,531.8429227025737,540.4515266019145,75248600.0,SPY,0.010258789001300839,546.3471099853516,0.009348626967353045
2024-09-12,470.0192565917969,470.8337175865454,463.6923465673884,465.4801596820985,40067800.0,QQQ,0.009815970871523527,467.1100875854492,0.01454487143248673
2024-09-12,550.6854248046875,550.9907622799467,544.430846031605,546.6667411644733,51819600.0,SPY,0.008423432712291623,547.1025817871093,0.009480754555516351
2024-09-13,472.12493896484375,473.3068925861367,469.0558424367427,469.28429769764654,29111800.0,QQQ,0.004479991709947395,467.15577545166013,0.013437127191199907
2024-09-13,553.5614624023438,554.5661482506139,551.0399486078251,551.2960497156297,39310500.0,SPY,0.005222650660631434,547.5428588867187,0.008791125115052758
2024-09-16,470.03912353515625,470.654925173844,466.7118062737845,469.9894738460358,22585600.0,QQQ,-0.004417931054988888,467.06687927246094,0.013472974741934079
2024-09-16,554.3790893554688,554.6449896789841,551.483282734757,553.2955891224333,36656100.0,SPY,0.0014770301197930547,547.9629486083984,0.008786361731973245
2024-09-17,470.2874755859375,474.36969279766674,467.78453086442937,473.0685555876703,30084400.0,QQQ,0.0005283646367846284,466.6805145263672,0.01311108437514426
2024-09-17,554.6055297851562,558.062774533223,552.3597755455934,556.6049820887653,49321000.0,SPY,0.0004084577395420119,548.1333465576172,0.008540981735831791
2024-09-18,468.2513122558594,475.5913125717107,467.64542236585686,471.4892722143178,39909200.0,QQQ,-0.004329614195107467,466.24249572753905,0.013132794366265603
2024-09-18,552.9607543945312,560.1411455135499,552.3993157299367,555.26554457798,59044900.0,SPY,-0.0029656671314873817,548.2663177490234,0.008562463287356334
2024-09-19,480.0906982421875,482.9413119725844,477.2401148229579,479.3457709941867,52782500.0,QQQ,0.025284255861004246,466.2852066040039,0.014341728587756675
2024-09-19,562.3966064453125,564.2680683514808,559.5402373625056,562.4261843206043,75315500.0,SPY,0.01706423462387141,548.7765289306641,0.009334623787130574
2024-09-20,479.1769104003906,480.4184557427532,475.0648976771265,479.2265600896189,34577700.0,QQQ,-0.0019033650206984332,466.6621383666992,0.013851301416133078
2024-09-20,561.4244384765625,562.4717038247719,558.3814171564327,561.0193897436827,77503100.0,SPY,-0.0017286163494028006,549.4548248291015,0.009128806141976848
2024-09-23,480.4470825195313,481.5411838648417,479.014809913627,480.3575692758824,24843000.0,QQQ,0.0026507373197079964,466.84682312011716,0.01366104318726636
2024-09-23,562.827392578125,563.4794987580368,561.2762433950409,562.5013997902016,44116900.0,SPY,0.002498918831124408,549.91220703125,0.008867281028772767
2024-09-24,482.7645263671875,483.7193645829603,477.592458207472,481.8594076096414,25952600.0,QQQ,0.004823515288100433,467.37880249023436,0.01347612102599098
2024-09-24,564.4378662109375,564.4971431139204,560.7822963882264,563.6277083354797,46805700.0,SPY,0.0028613988125834044,550.5161102294921,0.008843914448597699
2024-09-25,483.2121276855469,485.17155394845867,481.95888164674,482.1379081226381,26549900.0,QQQ,0.000927162817300653,467.8626419067383,0.013469624601869255
2024-09-25,563.1929321289062,565.0207470003917,562.0765003209592,564.2797556394728,38428600.0,SPY,-0.0022056175826552504,551.0198394775391,0.008874660667385188
2024-09-26,486.842529296875,491.04983361052376,483.1922164784065,490.7215880503668,32020200.0,QQQ,0.007513059799878707,468.79667205810546,0.01321012857364852
2024-09-26,565.42578125,567.8068671978508,563.0546451370627,567.4808141228361,48336000.0,SPY,0.003964625608232408,551.7957641601563,0.008751839883939802
2024-09-27,484.13714599609375,488.0062792057034,482.9535314389067,487.86701615014687,22851100.0,QQQ,-0.00555699869665971,469.62969970703125,0.013298703617654999
2024-09-27,564.6057739257812,567.3227423718845,563.5683980340395,566.5027553128888,42100900.0,SPY,-0.0014502474973920876,552.5282287597656,0.008770993838408736
2024-09-30,485.4500732421875,485.78824449765136,480.327724241577,483.1723573424701,30281100.0,QQQ,0.0027118911592549644,470.249772644043,0.013089018883644374
2024-09-30,566.8682861328125,567.4808341729492,561.2565187412819,563.5683780406285,63557400.0,SPY,0.0040072424185457756,553.1113220214844,0.00858410100853035
2024-10-01,478.6865234375,485.38040760913503,474.8373025206438,485.082030155797,42735400.0,QQQ,-0.013932534317104173,471.2497756958008,0.011398841043651681
2024-10-01,561.7900390625,567.1646991347823,559.2015139106102,566.5126532309621,72668800.0,SPY,-0.008958425077819077,554.0117858886719,0.007345121107962466
2024-10-02,479.3628845214844,481.2825169164109,475.155580409844,477.7813929962249,23744000.0,QQQ,0.0014129520069363632,472.3431930541992,0.011345165876400642
2024-10-02,562.0271606445312,563.0547073454915,558.4803154651253,560.8910099759402,38097800.0,SPY,0.00042208221140227487,554.9797515869141,0.007300228587903982
2024-10-03,479.0048522949219,481.9489547067567,476.4188028564975,477.1647769048644,25337200.0,QQQ,-0.0007468918394044621,473.39735107421876,0.011362796362669096
2024-10-03,560.9996337890625,562.9558317101478,558.6976037139259,560.5451373731803,40846500.0,SPY,-0.0018282512437484133,555.9623382568359,0.007283115121149654
2024-10-04,484.7040710449219,485.2610625337713,479.80054259491305,484.8333780608618,30686600.0,QQQ,0.011898039701883967,475.34979553222655,0.009243056269018264
2024-10-04,566.09765625,566.4730967206212,561.2762673344769,565.475218643551,42939100.0,SPY,0.009087389997930684,557.6553771972656,0.005981385897668946
2024-10-07,479.5121154785156,483.958121938575,478.2887071345021,482.78446340912143,24975100.0,QQQ,-0.01071159884259576,476.75609283447267,0.009583792028928678
2024-10-07,560.9798583984375,565.0899243287395,559.8239287376792,564.4378181494166,49964700.0,SPY,-0.009040485850911884,558.7945709228516,0.006246482748452387
2024-10-08,486.6734619140625,487.3597604737722,481.2527353202644,482.058384872313,28272000.0,QQQ,0.014934651710312608,478.31187591552737,0.00985737255875899
2024-10-08,566.2853393554688,566.8880581569168,562.6891071231569,563.5683710395065,37398700.0,SPY,0.009457524860479127,560.0818267822266,0.006444743882080793
2024-10-09,490.5027770996094,491.0796806722642,485.33070878142695,486.3750602662613,24995000.0,QQQ,0.007868345996279169,479.56449432373046,0.00894387138464634
2024-10-09,570.2076416015625,570.7708022277346,565.672748297138,566.2754067507159,37912200.0,SPY,0.006926370812562421,561.2879333496094,0.006270192156795021
2024-10-10,489.94580078125,491.8157139029741,486.9022291184477,488.2151507171597,25750400.0,QQQ,-0.001135521233239123,480.5608215332031,0.008817207869749105
2024-10-10,569.2098388671875,570.6424343017676,567.5895231990827,568.8541774674673,44138100.0,SPY,-0.0017498936555330191,562.2141540527343,0.00614870324273159
2024-10-11,490.7116394042969,491.7361395257322,487.5387911821617,488.1057083653818,20644500.0,QQQ,0.001563108861889928,481.49015655517576,0.008800136038766322
2024-10-11,572.618408203125,573.3593995994619,568.9924468862521,569.1307797527231,42268000.0,SPY,0.0059882473969898875,563.1670013427735,0.006174291743940609
2024-10-14,494.8294372558594,496.1522845063359,492.6014712113681,493.1087129085002,26060100.0,QQQ,0.008391481923194943,482.72967224121095,0.008776927698121217
2024-10-14,577.3014526367188,578.2400537803853,573.7545473576104,574.2386520785454,36217200.0,SPY,0.008178298787650196,564.313119506836,0.006340474073395589
2024-10-15,488.2151184082031,495.8240470616674,486.0567536340458,495.15763027265047,34784500.0,QQQ,-0.013366866135403721,483.62605438232424,0.009472718345779162
2024-10-15,572.8160400390625,577.8745366754565,571.5908835628732,577.5682626319184,54203600.0,SPY,-0.007769619454740639,565.2236450195312,0.006704930607965256
2024-10-16,488.2748107910156,489.0506225559772,484.95274347162825,488.5433505102776,22996800.0,QQQ,0.0001222665594771133,484.62722930908205,0.009370011102939857
2024-10-16,575.3056640625,575.8293268875105,572.005816398955,572.8159741665754,30725400.0,SPY,0.004346288946915244,566.3408905029297,0.006639728892214693
2024-10-17,488.6129760742188,493.8248381058072,488.5533005817777,493.775118646693,27210700.0,QQQ,0.0006925716332886189,485.05334320068357,0.007623431138878816
2024-10-17,575.3551635742188,579.07990006433,575.167443319496,578.8724007400444,34393700.0,SPY,8.604036916515234e-05,566.988818359375,0.005619863528559804
2024-10-18,491.8157043457031,492.90980565670185,490.6519715072407,491.4079015682509,25335000.0,QQQ,0.0065547343773322275,485.6852828979492,0.007693557057421309
2024-10-18,577.5681762695312,578.3585549441526,575.5823098994521,577.0544029951151,37416800.0,SPY,0.0038463419387162467,567.7960052490234,0.005607571368199438
2024-10-21,492.7606201171875,493.5662696437468,488.6726666363485,490.6022552281417,30336500.0,QQQ,0.001921280193241115,486.300959777832,0.007688697352741881
2024-10-21,576.6197509765625,577.8250680389981,573.6261167836691,576.8370795083325,36439000.0,SPY,-0.0016421010227650745,568.4856231689453,0.005642500125848087
2024-10-22,493.2976989746094,494.7797213575166,489.32912684084965,490.0850569058557,26685800.0,QQQ,0.0010899386750795603,486.82761840820314,0.007643690870223753
2024-10-22,576.3135375976562,577.4793569502931,573.4088485997169,574.070784100358,34183800.0,SPY,-0.0005310490637679965,569.0794067382812,0.005641752475765692
2024-10-23,485.7384643554688,491.5968613498573,482.4462348949116,490.9404005936158,39346600.0,QQQ,-0.015323879748179503,486.95393524169924,0.008481710471453623
2024-10-23,571.0474243164062,574.722772641486,567.5202983769775,574.2781657865612,49314600.0,SPY,-0.009137583863120136,569.4721313476563,0.0060508228124413165
2024-10-24,489.6772155761719,490.3535580264788,486.812670664568,489.4683210091217,22024900.0,QQQ,0.008108790037720137,487.0956695556641,0.008509394247626789
2024-10-24,572.282470703125,573.0926285399634,569.644558193077,573.0135725724089,34979900.0,SPY,0.0021627737629623667,569.8149658203125,0.006013112039560723
2024-10-25,492.6611633300781,497.59452988954064,491.7759262195307,492.4821368426961,38762100.0,QQQ,0.006093703482599633,487.5218704223633,0.008484301430316456
2024-10-25,572.0848388671875,577.4397799503068,571.1364085012576,574.5252018172647,47268200.0,SPY,-0.0003453396636361461,570.1889190673828,0.005998147179345871
2024-10-28,492.74072265625,495.8439698659142,492.4423451759984,495.7842943698639,20477800.0,QQQ,0.00016148893416745302,487.8864028930664,0.008474912265211527
2024-10-28,573.8533935546875,575.7108168113346,573.5471195231146,575.5823734785425,30174700.0,SPY,0.003091420305775028,570.5381744384765,0.0059748220372643395
2024-10-29,497.4751586914063,498.6587732328474,491.19903302398,493.0589900594559,28014100.0,QQQ,0.009608371740890576,488.8258346557617,0.007942028970779355
2024-10-29,574.7821044921875,575.9083655831134,571.4821962800153,572.885123103402,42899700.0,SPY,0.0016183766584478843,571.187777709961,0.005533284785866413
2024-10-30,493.7154541015625,497.66414449235685,493.2280941179006,496.7093062383675,29756000.0,QQQ,-0.007557572522281508,489.5434631347656,0.00822270773047863
2024-10-30,573.0432739257812,576.3135137591064,572.3318907812009,574.3078679687578,41435800.0,SPY,-0.0030251995544336996,571.7385833740234,0.005610578922718256
2024-10-31,481.2527160644531,489.7866455665972,481.1532467902301,489.73692610636607,41245200.0,QQQ,-0.025242754573661097,489.6558563232422,0.010170072913931856
2024-10-31,561.809814453125,568.715844657544,561.6122046859157,568.646678223919,60182500.0,SPY,-0.01960316084978808,571.7790924072266,0.007248552254466182
2024-11-01,484.8134765625,488.1156621424876,482.5954665919066,482.89384405538,33655800.0,QQQ,0.007398941095160483,489.6613265991211,0.009946957786157996
2024-11-01,564.1809692382812,568.6368073209918,563.7660309249709,564.4576349818459,45667500.0,SPY,0.004220564903203661,571.6832580566406,0.007008578654705098
2024-11-04,483.401123046875,486.7530281343783,481.6505609593022,484.2067725635964,23291600.0,QQQ,-0.002913189471627553,489.85577697753905,0.009650992337142434
2024-11-04,562.9656982421875,565.6233895940205,561.0687772961523,564.319237599237,38217000.0,SPY,-0.0021540446458775397,571.7825500488282,0.006711474995581422
2024-11-05,489.56787109375,490.23428797498894,484.9030439863683,484.9925572354129,24353600.0,QQQ,0.012756999834849347,490.00049743652346,0.009489897269551517
2024-11-05,569.7730102539062,569.8125080872711,563.6672482360568,563.884576772617,39478300.0,SPY,0.012091877059248857,571.95693359375,0.006925207329435579
2024-11-06,502.8660278320313,503.6915893813169,496.91814796198105,497.8729861727274,43082200.0,QQQ,0.027163050362295493,490.61865997314453,0.011133887540111713
2024-11-06,583.9407348632812,584.8200591512631,578.3586356989562,582.122869688031,68182000.0,SPY,0.02486555936207213,572.643588256836,0.00874674306488658
2024-11-07,510.7832946777344,511.56909280939686,505.6112264975599,505.6709019891717,32853100.0,QQQ,0.015744286564427945,491.66053466796876,0.011570420723434902
2024-11-07,588.455810546875,589.4833571706318,585.8771750583134,585.9562310221482,47233200.0,SPY,0.007732078640910078,573.6058868408203,0.008833446073616769
2024-11-08,511.3801574707031,512.1559389332151,509.6594026733871,510.2860257468709,22924500.0,QQQ,0.0011685244979386944,492.69396057128904,0.011571807471108541
2024-11-08,591.0048217773438,592.4374171107561,589.0090657831266,589.0090657831266,46444900.0,SPY,0.004331695234855104,574.5252075195312,0.008798828995049707
2024-11-11,511.0817565917969,512.8124066364791,508.177417665437,512.6035120523711,24167500.0,QQQ,-0.0005835206441762164,493.50657653808594,0.01148988653685443
2024-11-11,591.5679931640625,592.9610303908673,589.8291237873193,592.6053690098148,37586800.0,SPY,0.000952904893440909,575.2385345458985,0.00866257917862892
2024-11-12,510.1567077636719,511.8973138842997,507.0932543470221,511.0121374806699,25835300.0,QQQ,-0.001809982094242213,494.60365600585936,0.010972284108392667
2024-11-12,589.7303466796875,592.0915933127267,587.2307068852001,591.4889348135927,43006100.0,SPY,-0.0031063994428538466,576.0842498779297,0.008467393845321492
2024-11-13,509.500244140625,512.215570085627,507.2126026725176,509.64946322425976,24567400.0,QQQ,-0.0012867881830360695,495.66492767333983,0.010991224749012898
2024-11-13,590.016845703125,592.0323205035678,587.813650678472,590.1946763941613,47388600.0,SPY,0.000485813601166285,576.8198089599609,0.00844282210054133
2024-11-14,505.95941162109375,510.0373789984076,505.0443367221456,509.1621282367674,28679500.0,QQQ,-0.006949618886843867,496.5322494506836,0.011177189081674036
2024-11-14,586.2229614257812,590.6294119127012,585.5314177067058,590.1453071885351,38904100.0,SPY,-0.006430128741193086,577.3631988525391,0.008615967729173266
2024-11-15,493.9044494628906,500.6281415498902,491.8355977793818,500.2402508303333,51461100.0,QQQ,-0.023825947064763597,496.63668670654295,0.012485583808758487
2024-11-15,578.7142333984375,583.1107940523099,576.8469207592872,582.6365185919044,75988800.0,SPY,-0.01280865561642519,577.4205017089844,0.00911393466403601
2024-11-18,497.3359069824219,499.4445524267209,494.0635893908615,495.4560681908618,27080800.0,QQQ,0.006947614104839239,496.8654510498047,0.012570527248297297
2024-11-18,581.08544921875,582.4093200141474,578.3092039992318,579.1785783846396,37001700.0,SPY,0.004097386384274371,577.6437866210938,0.00914522537205501
2024-11-19,500.7574462890625,501.244836636938,494.4116889167729,494.7498905270381,24523000.0,QQQ,0.006879735121883224,497.23843841552736,0.012650334955567716
2024-11-19,583.2095947265625,583.9406965622665,577.0149478875358,577.6867728258052,49412000.0,SPY,0.0036554787435623126,577.9885894775391,0.009170059076308038
2024-11-20,500.4690246582031,500.77735816706814,493.8944909882249,500.4590686244457,29565500.0,QQQ,-0.0005759707279378024,497.97496643066404,0.012076147567874009
2024-11-20,583.4071655273438,583.6936604621411,577.607678291141,583.2886117403912,50032600.0,SPY,0.00033876466122584326,578.606576538086,0.008878739626030568
2024-11-21,502.2693176269531,504.2386697147938,494.8891342532554,503.522533404553,34526700.0,QQQ,0.0035972115756404133,498.6045715332031,0.011989289512026767
2024-11-21,586.5391235351562,587.9717189391857,580.3938639302464,586.2724076420711,46750300.0,SPY,0.0053683913960527185,579.3194091796875,0.00892757156198692
2024-11-22,503.074951171875,503.8109691728965,500.08109899945873,501.7123101251142,23826600.0,QQQ,0.0016039871770949787,499.125260925293,0.011937492684855012
2024-11-22,588.3570556640625,588.9893827920057,586.0254172195599,586.5292407131672,38226400.0,SPY,0.0030994217707922544,580.1330200195313,0.008928019405268979
2024-11-25,503.8706359863281,508.7045634317769,501.5531567141476,507.16286557439406,26375200.0,QQQ,0.0015816426808761275,499.6817565917969,0.011935750764130526
2024-11-25,590.3528442382812,593.6428027871202,588.0508139658752,592.318931861111,42441400.0,SPY,0.0033921384217381334,580.9579925537109,0.00893119767829006
2024-11-26,506.5760498046875,507.4016114089344,504.5072284847136,505.3526414489566,26557100.0,QQQ,0.005369262713758927,500.1368011474609,0.011815331852150578
2024-11-26,593.4353637695312,594.1071887666359,590.8863363525481,591.607548718168,45621300.0,SPY,0.005221486711438406,581.8906555175781,0.008970894222193684
2024-11-27,502.5875549316406,505.5117755416059,499.2356498317086,505.44217436804354,24957400.0,QQQ,-0.007873437511672021,500.58040618896484,0.01182753979853657
2024-11-27,591.6371459960938,593.6328416785968,590.1057759445099,593.2475720089939,34000200.0,SPY,-0.003030183037989409,582.8203491210937,0.008971030582006394
2024-11-29,507.0036926269531,507.60047788200296,502.597480267788,503.2141472349612,15334000.0,QQQ,0.008786802721195919,501.86795501708986,0.01019511544666639
2024-11-29,595.3124389648438,596.1028176783489,592.1805324077891,592.4571378216023,30177400.0,SPY,0.006212072709806282,584.4954803466796,0.007489020116249209
2024-12-02,512.5238647460938,513.4886892849554,507.8789506366164,508.2668716586592,25147200.0,QQQ,0.010887834150751008,503.2534744262695,0.010309692398828037
2024-12-02,596.3795166015625,597.0612310941011,595.2334161464374,595.7274104076383,31746000.0,SPY,0.0017924665551658503,586.1054077148438,0.007486623789479926
2024-12-03,514.0953979492188,514.3739240276802,510.6141862135398,511.1910897278422,18597900.0,QQQ,0.0030662634683431556,504.7881881713867,0.010220588958838962
2024-12-03,596.6561279296875,596.9031250627299,595.1050389999714,596.1424148983427,26906600.0,SPY,0.0004638176201980926,587.7899291992187,0.007417920703156209
2024-12-04,520.451171875,520.7097859190565,516.8107846060128,517.5269512439784,26086200.0,QQQ,0.012363024355275476,506.33235321044924,0.010201424244845807
2024-12-04,600.3610229492188,600.6080200567633,597.6836128967337,598.3554377930116,42787600.0,SPY,0.00620943093702353,589.3193298339844,0.007147484033384103
2024-12-05,519.0089721679688,521.22698231813,518.6210510802872,520.5009203136432,18169600.0,QQQ,-0.0027710567003539355,507.1395004272461,0.008549264976823467
2024-12-05,599.3731079101562,601.1712543095007,599.0174465042294,600.3610964613101,28762200.0,SPY,-0.0016455349386431672,590.0909484863281,0.0049204614582685595
2024-12-06,523.6538696289062,523.8925716110627,519.5460343479797,519.6753413729017,23762600.0,QQQ,0.008949551375836862,507.7830291748047,0.008080426917795768
2024-12-06,600.5093383789062,601.7542136421392,599.7288491068647,600.1437874272632,31241500.0,SPY,0.001895698111501476,590.6936248779297,0.004687508374321965
2024-12-09,519.5758666992188,523.5245265819977,518.422059588154,522.7288331270506,20674400.0,QQQ,-0.007787592465567816,508.1928146362305,0.008330994243262245
2024-12-09,597.4168701171875,600.558666264525,596.8241011467584,600.3907251065754,34742700.0,SPY,-0.005149742167319116,591.0142272949219,0.004813230423598734
2024-12-10,517.805419921875,522.5597902510734,516.3731473444096,520.8092281333355,24350000.0,QQQ,-0.0034074846250867763,508.52899780273435,0.008379971684561201
2024-12-10,595.5594482421875,598.5234137048745,594.8975128400896,598.0985858914665,37234500.0,SPY,-0.0031090884236926186,591.2138000488281,0.00488059586241839
2024-12-11,527.0753784179688,527.7616769340509,521.7740335072752,522.18180592059,32168600.0,QQQ,0.017902397579176332,509.3749313354492,0.00919081556649151
2024-12-11,600.1635131835938,601.1218330792508,598.2270340236872,598.5036997474019,28677700.0,SPY,0.007730655529007757,591.7354583740234,0.005074656969545825
2024-12-12,523.6737670898438,526.1205837537462,523.1963631388469,524.8474256077255,23577500.0,QQQ,-0.006453747352674788,510.08360748291017,0.009349636076216996
2024-12-12,597.0711059570312,599.8670699892645,597.0711059570312,599.2940800778147,31543800.0,SPY,-0.00515260784541649,592.0881713867187,0.005251791994099844
2024-12-13,527.68212890625,530.307911172932,524.4694263576389,527.6124973833525,28780400.0,QQQ,0.007654310886492377,511.169743347168,0.00923155494813575
2024-12-13,596.9525146484375,599.8374239971062,595.5693067171701,599.1162117354461,35904700.0,SPY,-0.00019862175109552904,592.6246490478516,0.004990645476684297
2024-12-16,535.2811279296875,536.2559086463527,530.1388970892364,530.2184846535105,31979900.0,QQQ,0.014400713246037533,513.2385772705078,0.007333701828178072
2024-12-16,599.5015258789062,600.4796851568691,597.9405474515993,598.7210366652528,43695200.0,SPY,0.004270040192342561,593.664013671875,0.0038485568838129594
2024-12-17,532.923828125,534.5948026460842,531.2628096373928,533.4808196320281,28579100.0,QQQ,-0.004403853754016751,515.0179733276367,0.0075346448075315434
2024-12-17,597.0315551757812,597.900989889001,595.6484074425919,596.9327804455652,55773500.0,SPY,-0.004120040728009644,594.4613189697266,0.004022086866503838
2024-12-18,513.6975708007812,533.9980443477575,512.2454469027805,532.2773503776515,54703200.0,QQQ,-0.03607693315546234,515.6649795532227,0.01156288092034823
2024-12-18,579.2379150390625,599.1260676649564,578.8525850593486,596.7252628946356,108248700.0,SPY,-0.02980351705443751,594.2627349853516,0.00800471635115931
2024-12-19,511.4099426269531,518.9592265752744,511.07180172717307,518.3922790235606,46441800.0,QQQ,-0.004453258695115148,516.2120254516601,0.011629020718163529
2024-12-19,579.0599975585938,585.8771418800329,578.8130004498754,584.2568263743534,85919500.0,SPY,-0.0003071578635468475,594.045376586914,0.00800326078066871
2024-12-20,515.8759155273438,522.0028839395379,506.55624692639833,507.7000678975887,60530000.0,QQQ,0.008732667334253152,516.8923553466797,0.011742121079594237
2024-12-20,586.01513671875,590.5751556827481,575.8640332815654,576.716609074651,125716700.0,SPY,0.012011085534280097,594.0191772460937,0.0083816504726202
2024-12-23,520.90185546875,521.2804299717675,514.1872352921986,517.5943450139422,29672800.0,QQQ,0.009742536509518063,517.7837005615235,0.01188952964222492
2024-12-23,589.5243530273438,590.1290398696646,582.5553885988357,585.7573730277389,57635800.0,SPY,0.005988269054350237,594.0775421142578,0.008462573753295004
2024-12-24,527.9652099609375,528.0548371426894,522.2169092458087,522.854514827797,17558200.0,QQQ,0.013559856656358615,518.988429260254,0.012175642079092254
2024-12-24,596.076904296875,596.1165955673065,590.2975285951272,590.8824302891231,33160100.0,SPY,0.011114979789863533,594.3637451171875,0.008788986770503755
2024-12-26,527.6065673828125,529.2404090350186,524.3289727948384,526.331416906876,19090500.0,QQQ,-0.000679292065762338,520.0399551391602,0.012173372223873354
2024-12-26,596.11669921875,597.2467510278158,592.8850063759046,594.2926551063172,41219100.0,SPY,6.676138865335801e-05,594.4978118896485,0.008719153214882208
2024-12-27,520.593017578125,524.4683897338862,515.9106967940162,524.0300435156842,33839600.0,QQQ,-0.013293143486591052,520.9402282714843,0.01246408542096352
2024-12-27,589.8416137695312,592.5875722637912,585.628530262738,592.349606135686,64969300.0,SPY,-0.010526605708987335,594.4080352783203,0.009023926783824429
2024-12-30,513.669189453125,517.4050741628361,509.90341888184463,513.5695901830321,34584000.0,QQQ,-0.013299886650824932,521.2735031127929,0.01279001358743074
2024-12-30,583.1105346679688,586.5999783678407,579.3336317674779,582.7834446998471,56578800.0,SPY,-0.011411672124226446,593.7979400634765,0.00923187164163991
2024-12-31,509.3056945800781,515.7114537740447,508.3393445324732,514.9543655599355,29117000.0,QQQ,-0.008494756864223185,521.1125946044922,0.012714058915752415
2024-12-31,580.9891357421875,585.5095236812081,579.3435211584518,584.7858235548729,57052700.0,SPY,-0.0036380734005933,593.0284210205078,0.009225459807944774
2025-01-02,508.3094482421875,514.6953239346398,503.80644256925154,512.3641052015905,36389800.0,QQQ,-0.0019560871761153953,520.8232971191406,0.012694955971362436
2025-01-02,579.5616455078125,585.9952616225524,575.4575923435457,584.2703854968423,50204000.0,SPY,-0.002456999875826371,592.173696899414,0.009219758749416183
2025-01-03,516.6279907226562,517.6939703511654,510.60077614752055,511.4176360145784,29059500.0,QQQ,0.016365114811923265,520.6321380615234,0.012937417921834777
2025-01-03,586.8081665039062,587.4524841165517,581.3360954279694,582.4265768189647,37888500.0,SPY,0.012503451621171946,591.4960540771484,0.009593428006531093
2025-01-06,522.5655517578125,525.9328339298473,520.0650507509039,522.0475504427856,36109700.0,QQQ,0.011492913937649396,520.8099670410156,0.013184169877562643
2025-01-06,590.1885375976562,594.4908658796807,588.4438157230102,591.0906669897693,47679400.0,SPY,0.005760606765051746,591.0368255615234,0.009713327098522523
2025-01-07,513.2407836914062,524.0100909190774,511.34797203831766,523.6116330578326,36690300.0,QQQ,-0.017844207363151843,520.2893127441406,0.0136262306088967
2025-01-07,583.5169677734375,592.5577435625502,581.6830616942256,592.2305931115341,60393100.0,SPY,-0.011304133169673491,590.18720703125,0.009970802011238282
2025-01-08,513.3304443359375,514.9741969361809,508.6481238764345,513.1411571001679,30777800.0,QQQ,0.00017469508928424915,519.9770416259765,0.013530849441820333
2025-01-08,584.3695068359375,585.4500653976103,580.1167928192344,583.5863907900373,47304700.0,SPY,0.0014610355989357338,589.5348388671875,0.009949038313211821
2025-01-10,505.2809143066406,509.65437432114186,502.023233692576,509.55477504823097,40532500.0,QQQ,-0.015680990905789782,519.3508163452149,0.013940959629508151
2025-01-10,575.4476928710938,580.8602875756501,573.5245418299866,580.7908883545033,73105000.0,SPY,-0.015267418748713957,588.5292510986328,0.0104404071304598
2025-01-13,503.656982421875,504.1152423896796,497.81905506714537,499.31340880810814,31694200.0,QQQ,-0.003213918908839153,518.1798965454102,0.01320376590295876
2025-01-13,576.3399047851562,576.6967632072416,570.352331124668,570.7687264554227,47910100.0,SPY,0.0015504657071625516,587.3380706787109,0.010237195963995598
2025-01-14,503.1788330078125,508.2397285865004,499.7019793212129,506.82506018066647,33737200.0,QQQ,-0.000949355277004793,517.1551498413086,0.013167451803639279
2025-01-14,577.1329345703125,579.9185236912625,573.3262632797856,579.2840683920101,48420600.0,SPY,0.0013759758409437328,586.341162109375,0.010234560015285705
2025-01-15,514.7550659179688,515.9007006401041,509.5347694909147,511.0988974445716,34957600.0,QQQ,0.023006200083890427,516.5087966918945,0.014164161651553603
2025-01-15,587.6309814453125,588.7808787490047,584.082061353333,585.2022507077428,56900200.0,SPY,0.018189997912380518,585.8750854492188,0.01115598558202602
2025-01-16,511.1487426757813,517.1062140175117,511.0192271417945,517.026498118424,28229000.0,QQQ,-0.007005901410132354,515.3021774291993,0.013729869370692826
2025-01-16,586.5008544921875,589.1872759074608,585.7969999803885,589.0088467012978,43319700.0,SPY,-0.0019231915756813267,585.2250518798828,0.01109576757356683
2025-01-17,519.776123046875,522.0973697832961,511.1786021287471,520.8819303330192,51837900.0,QQQ,0.01687841454119754,514.644792175293,0.014361406482855568
2025-01-17,592.3892822265625,594.1537892227647,590.4363626944013,591.7746725476055,58070600.0,SPY,0.01003993035862405,584.9929382324219,0.01133779822267916
2025-01-21,522.8246459960938,523.9902251025194,518.102497036575,522.5058431761768,23628000.0,QQQ,0.005865069236633325,515.1011459350586,0.011832369321200083
2025-01-21,597.811767578125,597.8216903968008,593.4698083475514,595.4524359229735,42532900.0,SPY,0.009153584499674627,585.921630859375,0.009141122821786096
2025-01-22,529.5093383789062,531.8106408124149,527.2678076655376,527.5766383538297,33593000.0,QQQ,0.012785725451172514,516.0061157226562,0.01204425242171846
2025-01-22,601.1723022460938,602.5403200370894,600.1016664737954,600.656799743693,48196000.0,SPY,0.005621392635984934,587.02724609375,0.0091714475439318
2025-01-23,530.6350708007812,530.7546142367858,526.4608402116309,527.0485853044178,23096600.0,QQQ,0.002125991630896218,516.7440734863281,0.011934472300689003
2025-01-23,604.4535522460938,604.4535522460938,600.2603144924775,600.537850876753,41152100.0,SPY,0.005458085789615819,587.9491668701172,0.00890498134368228
2025-01-24,527.6364135742188,531.7807280773806,526.1620039307094,531.0136677980639,19878300.0,QQQ,-0.005651072444264216,517.0808013916015,0.011869694087608093
2025-01-24,602.68896484375,605.4746144426255,601.5291447490314,604.5130086851335,34604700.0,SPY,-0.0029193101699653834,588.6073974609375,0.00889606128615599
2025-01-27,512.2744750976562,516.0402151151869,508.22972944368433,509.076536024462,60771700.0,QQQ,-0.029114629091840816,516.2962646484375,0.013199231989405057
2025-01-27,594.1637573242188,594.4809850060814,589.4748623340163,589.6433687414142,70361100.0,SPY,-0.014145285573200161,588.5117401123047,0.00919386905051813
2025-01-28,519.8458251953125,521.0313482861533,509.85358086015856,513.2806042053568,33194200.0,QQQ,0.014779869905118481,515.9082275390625,0.0136887398915459
2025-01-28,599.2689819335938,600.1115743831343,592.0621119171008,595.4028342716128,44433300.0,SPY,0.00859228545404056,588.6693542480468,0.009398381342236375
2025-01-29,518.8695678710938,520.6229528077788,514.9543680275574,520.4934372745863,26649000.0,QQQ,-0.0018779747319350726,515.822055053711,0.013368124167503577
2025-01-29,596.5825805664062,598.8824359394148,594.0150510945792,598.4759633815796,37177400.0,SPY,-0.004482797288322127,589.0064025878906,0.009124940576268182
2025-01-30,521.0811767578125,524.1196841000327,516.2594290396685,521.738726504641,27431300.0,QQQ,0.004262359991149545,516.1926544189453,0.013026538016178294
2025-01-30,599.7844848632812,601.3309319842132,595.5020019503173,598.7139095137852,39281300.0,SPY,0.0053670764135203,589.8401000976562,0.008724224329472828
2025-01-31,520.3240356445312,529.5193345139795,519.2282004570609,524.9366128086152,38755200.0,QQQ,-0.001453019504546682,516.743571472168,0.012856217923132887
2025-01-31,596.5924072265625,604.6617151174094,595.8290763300002,602.2230616784475,66566900.0,SPY,-0.005322041028531066,590.620263671875,0.008783804808000844
2025-02-03,516.1597290039062,518.8894054371615,509.1263065074468,511.5371801798635,40580800.0,QQQ,-0.008003294784309944,517.1360855102539,0.013003369008897337
2025-02-03,592.57763671875,595.0757062127931,585.3608436126516,587.5219003161839,65857200.0,SPY,-0.0067295031904216485,591.2710632324219,0.008932288242358354
2025-02-04,522.495849609375,523.1334552229995,516.2793468900811,516.6778655999509,26046800.0,QQQ,0.01227550358819407,517.4294784545898,0.012776680816275221
2025-02-04,596.5527954101562,597.0682373976618,592.0918837004701,592.6370941417676,33457800.0,SPY,0.00670824959480032,591.7582946777344,0.008633570579933287
2025-02-05,524.8668823242188,525.0263141261553,518.6603518561534,519.8558471490118,21134100.0,QQQ,0.004537897701228477,517.5445449829101,0.01255860695352637
2025-02-05,598.9715576171875,599.1202788798545,593.3805941197304,595.4226979994195,30653100.0,SPY,0.004054565204691052,592.1974456787109,0.008590917760659273
2025-02-06,527.6065673828125,527.8157988351848,523.7611109716172,525.3750084458582,19434500.0,QQQ,0.005219771242685134,518.2628341674805,0.011843907646999389
2025-02-06,601.0533447265625,601.1822203511523,597.3953946627929,600.726194256066,35771500.0,SPY,0.003475602610676143,593.0742645263672,0.008120054279505809
2025-02-07,520.95166015625,530.0970984278108,520.2244274064886,528.1445149779497,29605500.0,QQQ,-0.012613389669454134,518.643894958496,0.012254346495299578
2025-02-07,595.5515747070312,602.8476293093627,594.8377973519179,601.6184099530446,50788500.0,SPY,-0.009153546965176895,593.6333679199219,0.008463258127136945
2025-02-10,527.2578125,528.3636196768954,524.7672229274917,525.2354245805267,20852800.0,QQQ,0.012105062381140286,519.7427398681641,0.01185506304677572
2025-02-10,599.5960693359375,600.2404474451814,597.5044119428333,598.7832453434885,26048700.0,SPY,0.006791174435053504,594.840786743164,0.007630523066507831
2025-02-11,526.0025634765625,527.9252913951378,523.8507207672724,523.9802362938708,19325500.0,QQQ,-0.0023807120419624406,520.8600189208985,0.011836493436375294
2025-02-11,600.0521850585938,600.5973955759445,597.197196325744,597.3161491475298,30056700.0,SPY,0.0007607049912141672,596.026400756836,0.007635477517346068
2025-02-12,526.3113403320312,527.1980047525458,519.9852675723625,520.3339257665217,25009400.0,QQQ,0.0005870253814503901,522.0166442871093,0.011819681233907869
2025-02-12,598.1190795898438,599.2987454315366,593.3112318639063,593.9952408058122,45076100.0,SPY,-0.003221562252225141,597.0757080078125,0.007725378519202353
2025-02-13,533.8828735351562,534.2016155325434,527.1981083755304,527.9851128913989,28714800.0,QQQ,0.014386034696399319,522.9730346679687,0.011164525799444217
2025-02-13,604.4337158203125,604.6419134904336,597.9604684697639,599.2293186121958,40921300.0,SPY,0.010557490048300977,597.9158447265625,0.007031274392033701
2025-02-14,536.1243896484375,536.8117948718372,533.6536831962131,533.9924301665412,17862600.0,QQQ,0.004198516611778169,524.2218170166016,0.010974380664686671
2025-02-14,604.4039916992188,605.6827646257742,603.7794592105552,604.6418973129976,26910400.0,SPY,-4.917680849980677e-05,598.811001586914,0.006996580026717035
2025-02-18,537.3397216796875,537.9673551250996,534.0222392975678,537.6983519898058,20565000.0,QQQ,0.0022668844296507284,525.0999969482422,0.010436162412290782
2025-02-18,606.1784057617188,606.1784057617188,603.0954346706795,605.5737189248886,26749000.0,SPY,0.0029358079808696758,599.5004577636719,0.00671641295839873
2025-02-19,537.4891967773438,538.774319161458,534.440717443179,536.5427605384632,19666900.0,QQQ,0.00027817615490821623,525.8332244873047,0.010393919924296837
2025-02-19,607.6058959960938,607.9032780036847,604.2651736833511,604.7806761664997,31011100.0,SPY,0.0023549011657404417,599.9901641845703,0.006458307651352559
2025-02-20,535.2077026367188,537.0706585904028,530.4556995445992,536.7020562341382,26550800.0,QQQ,-0.004244725576447506,526.1181427001953,0.010108832610714472
2025-02-20,605.078125,606.3668208452111,601.7473251371486,606.2280223913441,36554000.0,SPY,-0.004160214725944633,600.1854553222656,0.006446944422787102
2025-02-21,524.0997314453125,536.373363440965,523.7311290744665,536.3534192678146,47093800.0,QQQ,-0.020754505468965512,525.7913757324219,0.011164722264824439
2025-02-21,594.728759765625,604.9987554556133,594.2628108513653,604.8599570126433,76519800.0,SPY,-0.01710418011620396,599.6992156982421,0.007407372466576494
2025-02-24,517.9131469726562,527.0785293164791,517.574460821282,525.893006175843,39268400.0,QQQ,-0.011804212254784896,525.3052124023437,0.01139480953170803
2025-02-24,592.0224609375,597.7919137798638,591.3086836297409,596.7906772884849,50737200.0,SPY,-0.004550475798734688,599.1658905029296,0.007441018371216742
2025-02-25,511.3878479003906,517.3652636325313,507.52244752917295,517.2855477305859,48940000.0,QQQ,-0.012599214965690275,525.2608810424805,0.009714573519537124
2025-02-25,589.0782470703125,592.6965662998072,584.4389061860617,591.9630038380435,58266500.0,SPY,-0.0049731455501286215,598.9116149902344,0.006837705041363957
2025-02-26,512.6231689453125,517.7039479775173,509.4451738267341,513.5895494374117,34457600.0,QQQ,0.0024156245597031223,524.8997482299804,0.009095405669871314
2025-02-26,589.3756713867188,594.3719315476118,586.718957724097,590.7536120583931,43321600.0,SPY,0.0005048978092221379,598.4169494628907,0.00650868656800071
2025-02-27,498.3869323730469,517.1161858963768,498.16775925470586,516.179721700075,52448000.0,QQQ,-0.027771348301630083,523.8756164550781,0.010934794217696251
2025-02-27,579.9680786132812,592.8254489982988,579.571589429075,591.665568384651,74196700.0,SPY,-0.01596196319285248,597.5862243652343,0.007306664146429995
2025-02-28,506.2572326660156,506.8649219981072,495.0595199898788,498.2474871694091,47654000.0,QQQ,0.015791546250008448,523.1344192504882,0.011565496041256815
2025-02-28,589.0187377929688,589.5540253826259,577.3807252129548,580.4736189631635,88744100.0,SPY,0.015605443667396024,597.0479370117188,0.008118266002827255
2025-03-03,495.1790161132813,511.1088175947708,491.7220765044318,509.5945500507053,44587200.0,QQQ,-0.021882584263329896,521.8771682739258,0.012441468024823113
2025-03-03,578.69921875,592.1513529367862,574.8628395664972,591.0013951605243,74249200.0,SPY,-0.01751984848841248,596.1532775878907,0.00889139793009789
2025-03-04,493.6846923828125,501.8438669070773,485.90409236827736,492.3198540523609,67875400.0,QQQ,-0.003017744455728222,520.7534164428711,0.012373040088529668
2025-03-04,571.8493041992188,580.3052405478704,567.2793617823376,574.6745850300975,109648200.0,SPY,-0.011836744078516648,595.1168609619141,0.00912037817437771
2025-03-05,500.1203918457031,501.7342891326799,489.4108559644338,494.33226372255456,46323700.0,QQQ,0.013036052286385713,519.6346435546875,0.012420786682572654
2025-03-05,577.995361328125,579.7995595159383,568.1020700009266,571.6806979232716,71230500.0,SPY,0.010747686643621579,594.1889892578125,0.009358899350550171
2025-03-06,486.36236572265625,496.7032685538406,484.3698939751693,491.8316909406421,57574300.0,QQQ,-0.02750942842436921,517.7094177246094,0.013534907767806591
2025-03-06,567.7352905273438,575.1304520011837,565.1677614238747,570.481188331108,80094900.0,SPY,-0.01775113000423656,592.6271759033203,0.009926157108401876
2025-03-07,489.9388732910156,491.4232550880436,478.7212470644506,485.3262961011522,54714700.0,QQQ,0.0073535861744673525,515.8260330200195,0.013617201166792681
2025-03-07,570.9173583984375,572.374620972555,560.7167623995564,565.9410048616534,81158800.0,SPY,0.005604844236718254,591.1203765869141,0.010006155694875332
2025-03-10,470.9505920410156,482.1482734498383,466.89590476835264,481.63024174431433,76668000.0,QQQ,-0.03875642918973132,513.3259796142578,0.015632757396727495
2025-03-10,555.710693359375,564.5928260670291,550.7640472991095,562.6598126082816,99326600.0,SPY,-0.026635492537345318,589.1283325195312,0.011296433339210024
2025-03-11,469.8248596191406,477.0077119927552,465.25214045630736,470.5720365490684,68760800.0,QQQ,-0.0023903408147259997,510.45433197021487,0.015130069475619332
2025-03-11,551.0911254882812,559.1208032031337,547.2250381485285,554.5409384975098,88102100.0,SPY,-0.008312900806654588,586.7030853271484,0.01108246167254673
2025-03-12,475.1248474121094,479.2492483034156,470.01415228809566,477.356406139668,46971100.0,QQQ,0.011280773429624746,507.9104461669922,0.015586458096695021
2025-03-12,554.0155639648438,558.2187249887419,548.8805655060252,557.2868875538214,69588200.0,SPY,0.005306633225079294,584.401254272461,0.011234064953619286
2025-03-13,466.5771179199219,474.48723340088907,464.67430370193534,474.4573475399869,46563300.0,QQQ,-0.017990491422927968,504.9237350463867,0.01579090705515259
2025-03-13,546.6301879882812,554.2533928238977,544.9053118169562,553.6387831652644,74079400.0,SPY,-0.013330629059784216,581.8268096923828,0.011426614316902698
2025-03-14,477.8545227050781,478.751128948164,471.3391313072949,471.9468510249391,43563000.0,QQQ,0.024170505479207405,502.1223175048828,0.01658367533996308
2025-03-14,557.9212646484375,558.9324239905063,546.6995862320014,551.2794507149214,62660300.0,SPY,0.020655786870662718,579.501187133789,0.012312432161726927
2025-03-17,480.9527893066406,484.0112407832775,476.0014957209765,477.8046802482964,41744400.0,QQQ,0.006483702579654471,499.36373748779295,0.016660955124176247
2025-03-17,562.2236328125,564.7613936613525,557.4652782790344,557.9014587611023,49008700.0,SPY,0.0077114253151358,577.3921691894532,0.012560743798573545
2025-03-18,472.7537841796875,477.8046769977494,470.6317968855951,477.6054480628794,39072300.0,QQQ,-0.017047421928404027,496.13444061279296,0.01675982100373578
2025-03-18,556.1468505859375,560.1121055231899,554.203853884888,559.8939850390469,66041400.0,SPY,-0.010808478818586265,574.890591430664,0.012564041210488751
2025-03-19,479.0798950195313,483.503154430963,473.08253546288665,475.015235534952,40430300.0,QQQ,0.01338140709084068,493.21397552490237,0.017276507207403924
2025-03-19,562.2037963867188,565.9906223374012,556.7515705240334,557.9411591768904,66556000.0,SPY,0.010890910906714346,572.6204864501954,0.012938641368473619
2025-03-20,477.4560241699219,482.7260901579374,474.3876005916405,475.0849778783517,36780500.0,QQQ,-0.0033895616712181775,490.3263916015625,0.017281076735268592
2025-03-20,560.5780029296875,565.6138937221895,557.7130916703615,558.4367918514132,62958200.0,SPY,-0.0028918222670857308,570.3954803466797,0.012939870057844171
2025-03-21,479.0300598144531,479.7971505017605,471.1299165344871,472.29549549568526,42234900.0,QQQ,0.0032967133408103866,488.07290802001955,0.01700192117430185
2025-03-21,560.762939453125,561.6677826377718,554.8469278493619,556.0897976294804,83763000.0,SPY,0.0003299032828099069,568.6971893310547,0.012573713196139197
2025-03-24,489.54205322265625,490.3901226191041,483.296306654798,486.6286929361406,34567200.0,QQQ,0.021944329364789406,486.6543533325195,0.01787522079945992
2025-03-24,570.8053588867188,571.86926269199,566.9474862667257,567.5440394813636,58766800.0,SPY,0.01790849345962031,567.6363342285156,0.01339118575856143
2025-03-25,492.3356628417969,492.4953019420397,489.30261128131787,490.27040239350913,26035200.0,QQQ,0.005706577403821189,485.70174407958984,0.017808046629319476
2025-03-25,572.177490234375,573.1220227068575,570.4175672260229,572.0183689196199,38355700.0,SPY,0.002403851551660896,566.7912963867187,0.013398975161652027
2025-03-26,483.2763671875,492.036361140999,481.71992401202056,491.1783047786964,34627100.0,QQQ,-0.018400648862213154,484.2344039916992,0.018156989855866883
2025-03-26,565.3466796875,573.0425195248911,563.9546412826954,571.9090077398645,51848300.0,SPY,-0.011938272063231614,565.5898468017579,0.013594843540852612
2025-03-27,480.5226440429688,485.47133436435945,479.1557704025238,481.3108525863661,33469800.0,QQQ,-0.005698029805506377,483.3411895751953,0.017204160690007814
2025-03-27,563.8452758789062,567.6434930945948,561.717468314772,563.944681183511,42164200.0,SPY,-0.0026557223426582066,564.7837066650391,0.013194855359869246
2025-03-28,467.8715515136719,479.4251537993937,466.98356470882175,478.716780016139,46363800.0,QQQ,-0.026327775987525892,481.4219055175781,0.017527539126564608
2025-03-28,552.4904174804688,563.0399428035041,551.903816900767,562.304173568215,71662700.0,SPY,-0.020138252254996436,562.9572906494141,0.013201555909232991
2025-03-31,467.85162353515625,468.7894538218736,456.28800345950606,460.8675723729834,53000300.0,QQQ,-4.2592840815314226e-05,480.0555358886719,0.01701367220336208
2025-03-31,556.1991577148438,557.5116354900671,543.750554530121,546.6936920279248,95328200.0,SPY,0.006712768433682514,561.8322875976562,0.01291870809405904
2025-04-01,471.62298583984375,472.5508595678627,463.3618526767417,466.23526514595727,41156200.0,QQQ,0.008061022159526754,478.95245056152345,0.01718215923383908
2025-04-01,557.7700805664062,559.7288748312798,550.5216860996894,554.270200650382,54609600.0,SPY,0.002824389123523119,561.1283264160156,0.01273999230915023
2025-04-02,475.0651245117188,478.46735875532056,464.7985609219212,465.0579782762513,49894500.0,QQQ,0.007298496416041855,477.6996871948242,0.016961892528301274
2025-04-02,561.2999267578125,564.1833483830226,551.645291964534,551.883913264606,76014500.0,SPY,0.006328496838377884,560.2935546875,0.012559490931657077
2025-04-03,449.6332092285156,459.0217729152515,449.11440497013695,455.4000387216,70456300.0,QQQ,-0.05353353460610821,475.8632293701172,0.019755351650663933
2025-04-03,533.6385498046875,544.844221821506,533.6385498046875,542.0005504953318,125986000.0,SPY,-0.049280920296752906,558.5887176513672,0.016178721240658122
2025-04-04,421.70697021484375,439.3666229320661,421.70697021484375,437.14172341887735,117088400.0,QQQ,-0.062108933327206794,472.4516342163086,0.02346240928527417
2025-04-04,502.3977966308594,522.8703441644736,502.179050334144,520.6828811973194,217965100.0,SPY,-0.05854290921310368,555.1627395629882,0.020239211951269702
2025-04-07,422.7246398925781,442.1303359409776,401.47318336158713,407.7288864290708,161557000.0,QQQ,0.002413215217229814,470.0403366088867,0.022326905240020112
2025-04-07,501.5029296875,520.1857262659767,479.0517131179981,486.3995737800916,256611400.0,SPY,-0.0017811920142971616,552.4523513793945,0.01967175731758735
2025-04-08,415.1120300292969,442.1303469387709,408.8563268062054,437.1616826061425,101248100.0,QQQ,-0.01800843656810669,467.30469512939453,0.02249797468851118
2025-04-08,493.6480102539063,521.9854113898446,486.36975741253633,518.8832132196871,165816600.0,SPY,-0.015662758816759714,549.5801956176758,0.019806462997846237
2025-04-09,464.938232421875,466.7640494224436,414.4834474028116,414.6231430319054,142876900.0,QQQ,0.1200307357728505,466.7953643798828,0.03597851380024546
2025-04-09,545.4906005859375,545.4906005859375,490.23757127668296,490.62536123459006,241867300.0,SPY,0.10501934425982218,549.1539474487305,0.031634369670972544
2025-04-10,445.1633911132813,454.5519544943761,431.64427637376247,452.5265809783469,108384100.0,QQQ,-0.04253219014832588,465.7246780395508,0.03701057874960052
2025-04-10,521.5877075195312,530.4568090591443,506.4147439085007,529.1343786533849,162331200.0,SPY,-0.043819074133873315,547.901823425293,0.03299985649398013
2025-04-11,453.3646545410156,454.7515020748195,440.3244269112088,443.636869679333,52483800.0,QQQ,0.018423041048421185,464.5001846313477,0.03682083512932403
2025-04-11,530.894287109375,533.3700738725757,517.1034096020134,520.0266416001656,97866300.0,SPY,0.017842789344293175,546.5504745483398,0.03290480265878761
2025-04-14,456.4376525878906,463.9903813646482,451.59869711931657,463.4017293207663,43941200.0,QQQ,0.006778203850024589,463.27442779541013,0.03682446617953667
2025-04-14,536.0447387695312,541.1753390049968,530.8147332303623,540.9466097072813,68034000.0,SPY,0.009701463709846259,545.2415298461914,0.032938634361246916
2025-04-15,456.9464721679688,461.3264842842656,455.1106682130159,457.49523727635807,35404200.0,QQQ,0.0011147625030347719,462.4840621948242,0.036657105431997
2025-04-15,534.5433349609375,540.1312723398183,533.7479104814203,536.5915818220184,56892900.0,SPY,-0.0028008927240665837,544.1613540649414,0.03287296828715578
2025-04-16,443.1679382324219,451.5887103120072,436.7625831135612,448.00689370261694,48980600.0,QQQ,-0.03015349668895595,460.68846435546874,0.03704373327353702
2025-04-16,522.6614990234375,534.8217778198467,517.3221354783915,528.6471791077158,83484800.0,SPY,-0.022228012511592343,542.1842391967773,0.03305081719885836
2025-04-17,443.088134765625,446.7298122375281,440.3543570860115,446.1511471509205,44837000.0,QQQ,-0.00018007500072136917,458.9700698852539,0.03705007731962225
2025-04-17,523.4072265625,528.1400842911512,520.9214870568637,524.6302516664327,79868100.0,SPY,0.001426788735072071,540.325700378418,0.03306658228492476
2025-04-21,432.1231689453125,438.079567858636,426.9549785874865,437.2315288936066,44149300.0,QQQ,-0.024746692497447542,456.6247253417969,0.03732504754373509
2025-04-21,510.94873046875,518.7241309058172,505.5596338825616,518.1871723342323,69368100.0,SPY,-0.023802682617838022,537.8349899291992,0.03338066351499135
2025-04-22,443.46728515625,446.5601976003793,436.6228994956535,437.82017753392927,52304400.0,QQQ,0.026252043459334073,454.32098693847655,0.0374976951926491
2025-04-22,524.2424926757812,526.2807870532888,516.2284704641588,517.1730636694438,75948100.0,SPY,0.026017800640849797,535.5068466186524,0.033709998860249835
2025-04-23,453.5242919921875,462.3242031118777,451.8481271450211,457.126082514728,55801100.0,QQQ,0.022678125698480933,452.3804183959961,0.03792524854080153
2025-04-23,532.3658447265625,542.3187554782935,530.8346510289886,537.3472764364299,90590700.0,SPY,0.015495409403611937,533.5162643432617,0.03396131083918024
2025-04-24,466.28515625,466.5944474838895,454.791384907367,455.4399282507265,45956100.0,QQQ,0.028137113012751902,451.5308578491211,0.038383538371781635
2025-04-24,543.5715942382812,544.3073634486632,532.3957187263146,533.6584331737259,64150400.0,SPY,0.021048964021112893,532.4275100708007,0.03430691293818372
2025-04-25,471.4833068847656,472.0120981036559,464.3296602150249,465.906046912532,38697100.0,QQQ,0.011148007962703987,451.0788909912109,0.03846225147164959
2025-04-25,547.4990844726562,547.9067190711562,540.5887161390857,543.5318537188763,61119600.0,SPY,0.0072253411988509875,531.6102005004883,0.034359209166386004
2025-04-28,471.3336181640625,473.7281436779861,464.96815011298537,471.952200623288,33550800.0,QQQ,-0.00031748466704406564,451.25199432373046,0.03797121899907191
2025-04-28,547.7078247070312,550.3924355414467,541.9111238077456,548.2447832861145,47613800.0,SPY,0.0003812613395985931,531.3710708618164,0.034060222467371545
2025-04-29,474.446533203125,475.3345200084478,468.5200646884619,469.09876024538016,30613100.0,QQQ,0.006604483361886793,451.5817398071289,0.03799037080150429
2025-04-29,551.1580810546875,552.2816402164788,545.4209745990806,545.7789065390313,47775100.0,SPY,0.006299446880281057,531.1190170288086,0.034056127531377135
2025-04-30,474.38665771484375,476.1127269253242,461.3763604209729,466.0656637973968,46810600.0,QQQ,-0.00012620070775315462,451.7199234008789,0.03795855111623628
2025-04-30,551.3768310546875,553.3455782199762,538.4311395978207,544.4466177046888,93101500.0,SPY,0.0003968915770615755,530.7993545532227,0.03405017453101718
2025-05-01,480.58251953125,486.06998817768186,479.64465881765256,482.3085888122424,43316500.0,QQQ,0.01306078431095048,451.9957931518555,0.03803100487526461
2025-05-01,555.2843627929688,560.8524558505887,554.6778569018302,557.1735491438936,63186100.0,SPY,0.007086862410970118,530.4985763549805,0.034058057254199824
2025-05-02,487.7162170410156,489.7914949378418,483.7253307988606,485.4314565899748,39218100.0,QQQ,0.014843855570784603,453.89994354248046,0.03585866119906206
2025-05-02,563.527099609375,565.1378539569648,559.1720791327064,561.5086499974077,60717300.0,SPY,0.014844172407353584,531.9930038452148,0.03213872855806698
2025-05-05,484.8228149414063,487.9157577687587,482.9969979417489,483.495858705901,28309500.0,QQQ,-0.005932552575683592,457.0557357788086,0.03238479802394663
2025-05-05,560.2955932617188,563.4176964006293,558.4959204283713,559.3609528534779,38659200.0,SPY,-0.0057344293644374655,534.8878936767578,0.02879370644528582
2025-05-06,480.3131103515625,483.944800773913,477.100445907769,478.4673194893256,32786300.0,QQQ,-0.009301758190544018,459.93515930175784,0.03258647498999059
2025-05-06,555.6124877929688,560.1365216016732,553.7830174830004,554.747455291201,48264700.0,SPY,-0.008358276461693515,537.5933715820313,0.028922693927112993
2025-05-07,482.1988220214844,484.6931259434826,475.6936883542095,480.9816004896274,38006300.0,QQQ,0.0039260049939957575,463.2894989013672,0.03206945312829352
2025-05-07,557.9490966796875,560.6038493983164,552.8681991631311,556.9548009077818,55588000.0,SPY,0.0042054650283336326,540.8084259033203,0.02849491422252939
2025-05-08,487.1774597167969,491.5774153657984,483.0668518401002,487.4169031432312,39577600.0,QQQ,0.01032486490622464,464.4014602661133,0.018339028610477447
2025-05-08,561.8367919921875,567.0568450320475,558.4959726115572,562.0157579568283,65130800.0,SPY,0.006967831538101654,541.6257354736329,0.016611874629839332
2025-05-09,486.8581848144531,490.4200580470196,485.09222863644607,489.0930713377677,27767400.0,QQQ,-0.0006553564742698414,466.4861999511719,0.015016570818228166
2025-05-09,561.1209106445312,564.2628586264095,559.5499063100929,563.2486575047216,37603400.0,SPY,-0.001274180256365609,543.6023956298828,0.012767474642323431
2025-05-12,506.6929016113281,506.7328189992815,500.337420129814,505.83484523458407,45090600.0,QQQ,0.04074023486825884,469.1526123046875,0.01681925719106838
2025-05-12,579.66455078125,579.6745034500635,573.7484781026347,578.1532016097033,78993600.0,SPY,0.03304749437232446,546.0409088134766,0.014040785211955967
2025-05-13,514.415283203125,516.2111698224404,507.261606258493,507.9999104656266,53269600.0,QQQ,0.015240753456855272,472.0514938354492,0.016953463618577615
2025-05-13,583.4926147460938,585.7198277838014,579.5154312681863,580.0821265092247,67947200.0,SPY,0.006603929737784453,548.4133026123047,0.013997376434455732
2025-05-14,517.4982299804688,518.0469646789172,514.5749130124277,515.5926085268512,47014500.0,QQQ,0.0059931088325118065,475.0790817260742,0.016912509934503103
2025-05-14,584.2383422851562,585.6203674349406,582.1999871834588,584.4570582487896,66283500.0,SPY,0.0012780410929227326,550.8980529785156,0.013917304052918406
2025-05-15,518.06689453125,520.740780872913,513.9961737159014,515.34313429326,50153300.0,QQQ,0.0010988724556655338,478.82402954101565,0.014652440081031542
2025-05-15,587.0919189453125,587.5989588253952,581.7624473439984,582.2198452585625,71268100.0,SPY,0.00488426803519082,554.1195739746094,0.01241100226765885
2025-05-16,520.32177734375,520.5113468748441,515.9217911890203,519.4736774852381,48394600.0,QQQ,0.004352493541476488,482.6857116699219,0.014554975204429305
2025-05-16,590.810546875,591.108823462645,585.9186287766337,587.8773622746659,76052100.0,SPY,0.00633397907497657,557.4897399902344,0.012366298507005458
2025-05-19,520.8206787109375,521.3395134461759,513.0683621458206,513.0683621458206,52536200.0,QQQ,0.0009588323781763997,487.12058715820314,0.012483159593486837
2025-05-19,591.4568481445312,592.1429146923263,584.7453513153635,584.7453513153635,68168500.0,SPY,0.001093923040050182,561.5151458740235,0.010267784543087617
2025-05-20,519.0845947265625,519.7430641355207,515.4827737581309,518.2863687936461,42517600.0,QQQ,-0.0033333622402856866,490.9014526367188,0.012135582003674898
2025-05-20,589.46826171875,590.661428858583,586.2368002538279,589.7069436963179,60614500.0,SPY,-0.0033621834492569835,564.7764343261719,0.009538580262178681
2025-05-21,511.8710021972656,521.8083299834028,510.0751157264444,515.0936839619509,71292800.0,QQQ,-0.013896757103910473,493.8187881469727,0.012551502244650141
2025-05-21,579.5352783203125,589.1998657689248,578.5012324590923,585.0834662873492,95197700.0,SPY,-0.016850751844510237,567.1349060058594,0.010521702938635273
2025-05-22,512.828857421875,516.5304261558193,511.1327186714177,512.4896053133482,55607200.0,QQQ,0.0018712824529962813,496.1459732055664,0.011455385839785611
2025-05-22,579.7639770507812,583.2738097421649,578.0935066667054,579.3363764431303,70860400.0,SPY,0.00039462434647918876,568.9445251464844,0.009779291554783109
2025-05-23,508.0796813964844,510.6737633579092,504.4280170923934,505.0266560754982,58368100.0,QQQ,-0.009260742558962032,497.97579193115234,0.011767702443166623
2025-05-23,575.806640625,578.4912514897796,572.3166525694867,572.6944898379297,76029000.0,SPY,-0.006825771490515775,570.3599029541016,0.009983022517682804
2025-05-27,520.0324096679688,520.5213443920381,513.4175716555094,514.9740148753984,47226300.0,QQQ,0.023525302642750212,500.41073150634764,0.012511786667312839
2025-05-27,587.7780151367188,587.9370757702034,575.1305403861026,582.7269752337963,72588500.0,SPY,0.020790615576653737,572.363412475586,0.01076031081897557
2025-05-28,517.7276000976562,522.4867508022915,517.208826363743,520.9901686583013,46637200.0,QQQ,-0.004432049863553833,502.57478485107424,0.012679631270785969
2025-05-28,584.3775024414062,589.3887925532393,583.6417331947018,588.1856726822466,68445500.0,SPY,-0.005785368979003946,574.0243835449219,0.010938060832581963
2025-05-29,518.745361328125,525.2804253410164,516.1413226819035,525.1308036452639,58513300.0,QQQ,0.001965823785088583,504.79272003173827,0.012648484669323766
2025-05-29,586.6842651367188,589.8163213976459,582.7269869994868,589.6771054111595,69973300.0,SPY,0.003947384500045503,575.7897552490234,0.010922614672117076
2025-05-30,517.92724609375,519.4936763161024,510.7636123003792,518.2565112732493,67662800.0,QQQ,-0.0015771037109235664,506.65995635986326,0.012553516792154804
2025-05-30,586.028076171875,587.7581413312192,579.9131321005323,585.5706782096897,90601200.0,SPY,-0.0011184703661530904,577.3269409179687,0.010921628235524183
2025-06-02,522.0178833007812,522.2573267152803,514.7943285522307,516.0614543327235,44762800.0,QQQ,0.007898092324516881,508.3750396728516,0.012326595337195158
2025-06-02,589.3291015625,589.4086015340318,581.7227142099362,584.4073250806647,61630500.0,SPY,0.005632879250749179,578.617041015625,0.010573633292830285
2025-06-03,526.0985107421875,527.5352320724114,521.4990294523216,522.3670422459896,44070300.0,QQQ,0.007817026144016248,510.43882446289064,0.012156532728746125
2025-06-03,592.6898193359375,593.6741624833163,588.4739541013344,588.961210027987,63606200.0,SPY,0.005702616355661272,580.2367523193359,0.010424832891119016
2025-06-04,527.5652465820312,528.6328159543389,524.7715775087336,526.8069684561985,41359300.0,QQQ,0.002787949043563387,512.8014312744141,0.01174539739039425
2025-06-04,592.5307006835938,594.5391976596761,592.0932080953481,593.5548545078736,57314200.0,SPY,-0.00026846867813934416,582.0826629638672,0.010118881792032202
2025-06-05,523.59423828125,531.8354275236306,521.4690866380274,528.9719717219339,61031200.0,QQQ,-0.0075270467994403845,514.8712020874024,0.012063464997689415
2025-06-05,589.6671142578125,595.5831864273371,587.6785226503756,594.2210060312028,92278700.0,SPY,-0.004832806844400794,583.6685638427734,0.010275513906247296
2025-06-06,528.7125854492188,530.5883068303796,527.0065205763339,528.7924202239315,42467000.0,QQQ,0.00977540773704888,516.9479583740234,0.012049386862016228
2025-06-06,595.722412109375,597.4027744725131,593.455388510206,595.2451088486548,66588700.0,SPY,0.010269010608102258,585.3628448486328,0.010371746134855076
2025-06-09,529.4908447265625,531.1370487649452,527.8046928522319,528.9321230881146,33688700.0,QQQ,0.0014719893166199594,519.0795913696289,0.012013912646619758
2025-06-09,596.2593383789062,597.8203901729,595.0761238694207,596.2990883662742,53016400.0,SPY,0.0009013027856885625,587.1197662353516,0.010336094948338844
2025-06-10,532.9928588867188,533.6812892020579,527.6849728561217,529.9597463571823,40664800.0,QQQ,0.006613927691166754,520.3945892333984,0.008459727556942482
2025-06-10,599.639892578125,600.027621795065,595.6726622807697,596.7961606362574,66247000.0,SPY,0.005669603780814159,588.1185333251954,0.007614691464039597
2025-06-11,531.1968994140625,535.5569985772692,528.9021520465418,534.3996074866686,53701000.0,QQQ,-0.0033695751128964835,521.2336700439453,0.008003556999924997
2025-06-11,597.9297485351562,601.608655383662,595.851704156038,600.7436228335788,73658200.0,SPY,-0.00285195175326991,588.8403900146484,0.0075891940679389674
2025-06-12,532.4440307617188,533.4218392444852,529.6305097104157,529.8799400862898,34104900.0,QQQ,0.0023477760300030237,521.9809600830079,0.007940384069187892
2025-06-12,600.3060913085938,600.3060913085938,596.1002394800107,596.5874347137615,64129000.0,SPY,0.003974284235328973,589.6437774658203,0.007613624387698731
2025-06-13,525.7593994140625,530.6581857051825,524.5321604293532,526.4777297402487,55814400.0,QQQ,-0.01255461787803902,522.3655853271484,0.008537070140039344
2025-06-13,593.5946044921875,598.4169149439988,592.083255426069,595.0860482220673,89506000.0,SPY,-0.011180107804297013,589.9689117431641,0.008059352330192896
2025-06-16,533.0726318359375,534.1501881746067,529.2414151368115,529.2912890357304,37622100.0,QQQ,0.013909846271936033,523.0031280517578,0.009002838152828893
2025-06-16,599.2421875,601.0021104918266,596.7961979763596,596.9752246255282,79984100.0,SPY,0.009514208796833623,590.390493774414,0.008208805402489453
2025-06-17,527.8745727539062,532.114889646886,526.707194611121,530.498585491132,42180900.0,QQQ,-0.009751127279089111,523.3558227539063,0.009333491181223305
2025-06-17,594.1216430664062,598.3175425273638,593.3560158231398,596.786348727835,82209400.0,SPY,-0.008545033277707503,590.5237335205078,0.00846590807153991
2025-06-18,527.78466796875,531.3365539479147,526.1983249413829,528.8921241797174,43983500.0,QQQ,-0.00017031467283457058,523.7908264160156,0.009287986233687649
2025-06-18,594.0321044921875,597.7905111811382,593.0676059775907,595.0264003245132,76605000.0,SPY,-0.00015070747760781433,590.7519256591797,0.008423966467230268
2025-06-20,525.629638671875,532.344284928363,523.6840695536811,531.047259148263,61643500.0,QQQ,-0.004083160098547256,524.4787582397461,0.008707782890686631
2025-06-20,592.636962890625,597.8026339141032,591.2208450851572,596.7256028572928,94051400.0,SPY,-0.002348596298099359,591.4070098876953,0.007423966736467391
2025-06-23,531.034423828125,531.55378026132,523.0436870736086,526.20000126727,50666100.0,QQQ,0.010282496949575393,525.3890365600586,0.00893381196576915
2025-06-23,598.49072265625,598.8795981212522,590.2535502615591,593.3948045851308,87426000.0,SPY,0.009877480029380825,592.3433471679688,0.00767222424651583
2025-06-24,539.1549682617188,540.0738858388895,535.649023059839,536.2683002275495,45442000.0,QQQ,0.015291936019993457,526.9428009033203,0.009022801592310342
2025-06-24,605.1024169921875,606.1694051168853,601.7416782982235,602.65917852593,67735300.0,SPY,0.011047279574515567,593.8081359863281,0.0076777792150118755
2025-06-25,540.5333251953125,542.680859941889,538.7554180865176,541.4323074065491,44804200.0,QQQ,0.002556513460383547,527.9678466796875,0.007623367362419133
2025-06-25,605.4414672851562,606.9273380866383,603.8658185288903,606.2292612300843,62114800.0,SPY,0.0005603188542100401,594.69130859375,0.006362993474450962
2025-06-26,545.5874633789062,546.0369544844908,540.8929546179629,542.7207916351388,43811400.0,QQQ,0.009350280450826087,529.36083984375,0.007637804337544893
2025-06-26,610.1783447265625,610.617130683572,606.6880212532993,607.306302256393,78548400.0,SPY,0.007823840449262098,595.9813507080078,0.006269809202863195
2025-06-27,547.4553833007812,549.3531466770356,543.9094451396949,546.6263273030402,57577100.0,QQQ,0.003423685563276546,530.7963409423828,0.007637869657982494
2025-06-27,613.2098999023438,614.6858494593505,609.1412239120898,611.1855439983277,86258400.0,SPY,0.004968310006379761,597.3076324462891,0.006289071953162844
2025-06-30,551.001220703125,552.1598506096717,548.3742613412151,550.6216558623904,45548700.0,QQQ,0.006476943163778559,532.4500396728515,0.007611398828189071
2025-06-30,616.1417846679688,617.5079921128906,613.3395560055452,615.6731133088892,92502500.0,SPY,0.004781209119572027,598.8133178710938,0.006261938719102832
2025-07-01,546.3566284179688,550.0723527171726,544.0293092638873,549.0934460070984,56166700.0,QQQ,-0.00842936841270392,533.6669769287109,0.007941246716207087
2025-07-01,615.9423828125,617.1191131155733,613.8182668389494,614.6559103723325,70030100.0,SPY,-0.0003236298209773336,600.1439819335938,0.006248090407494162
2025-07-02,550.1621704101562,550.3619510063211,545.4875970893971,545.5275288228387,36538300.0,QQQ,0.006965307629207107,534.8701599121093,0.007912397405922002
2025-07-02,618.734619140625,618.7744866384667,614.9052090235124,615.53347209637,66510400.0,SPY,0.004533275199175568,601.4462219238281,0.006219283683688272
2025-07-03,555.575927734375,556.5548344555102,552.5394696749878,552.5394696749878,26443500.0,QQQ,0.009840293672287004,536.2706939697266,0.008091876651169488
2025-07-03,623.611083984375,624.5484875028751,620.7090954800537,620.7290596612153,51065800.0,SPY,0.007881351217300603,603.0002410888671,0.006317258678752582
2025-07-07,551.3908081054688,553.6981308106792,548.9436328812806,552.8790730109989,45349300.0,QQQ,-0.007532939099742952,537.6605224609375,0.008092265675134233
2025-07-07,618.9639892578125,622.3047639816969,616.1617605422166,621.6365725170731,74814500.0,SPY,-0.007451911689688506,604.4650848388671,0.006503382663327479
2025-07-08,551.700439453125,553.3684885906421,550.4618241127889,552.7392132279926,36153300.0,QQQ,0.000561546081480957,538.8099151611328,0.007924038112648302
2025-07-08,618.6249389648438,620.3900039601925,617.8071987595777,619.6320954349991,59024600.0,SPY,-0.0005477706277796646,605.6102111816406,0.00626406087409671
2025-07-09,555.6058959960938,556.9843029163527,552.4595191206155,553.8379260408744,43045500.0,QQQ,0.007078944049491831,540.1156677246094,0.007997259950944611
2025-07-09,622.3345947265625,622.9927431754923,619.1932795088373,621.0481832340878,66113300.0,SPY,0.005996615280215112,606.9139739990235,0.0063243465284955535
2025-07-10,554.8068237304688,556.6546571200741,552.1099380275332,556.2451587077356,34710900.0,QQQ,-0.0014381997588279738,541.2063659667969,0.007978757488855313
2025-07-10,624.0897827148438,625.1368675729468,621.2875540464601,622.4742664500196,57529000.0,SPY,0.0028203284907413195,608.1364685058594,0.006273044317000084
2025-07-11,553.5582885742188,555.1464133288152,551.4107537333198,552.6593063234978,39618600.0,QQQ,-0.0022503961790789617,542.3244354248047,0.00794267989095138
2025-07-11,621.8958129882812,623.1323749024951,619.8116254973129,621.0182411395347,63670200.0,SPY,-0.003515471310904239,609.3347717285156,0.0063018490341557685
2025-07-14,555.5659790039062,556.3051123937647,550.9912651766557,553.3485178698481,36453300.0,QQQ,0.003626881705373064,543.4805328369141,0.007949979192771775
2025-07-14,623.08251953125,623.4315275028133,620.0808318567448,621.437057113524,51898500.0,SPY,0.0019082079637526839,610.4735931396484,0.006284446510542459
2025-07-15,556.0753173828125,560.1506100210427,556.0153892983303,559.6012590858759,43277700.0,QQQ,0.0009167918809922515,544.9963287353515,0.007170311901679574
2025-07-15,620.419921875,626.1240780025647,620.340126016414,625.7850521197855,74317300.0,SPY,-0.004273266498076467,611.8148590087891,0.005690565421293195
2025-07-16,556.6446533203125,559.5613159442702,550.9213079932537,556.6347161101686,52314700.0,QQQ,0.0010238468058241246,546.1749298095704,0.006684956730462029
2025-07-16,622.494140625,623.0027403264891,616.3412163521633,622.0154871960257,88987500.0,SPY,0.00334324975208955,612.9774566650391,0.005436313684852685
2025-07-17,561.1494750976562,561.6588943188981,556.5648240354463,557.3738836913942,40423800.0,QQQ,0.008092814240598711,547.8386749267578,0.00617943873140502
2025-07-17,626.3035888671875,626.6626398066976,622.4542755061946,622.6736989062512,68885700.0,SPY,0.006119653171936301,614.5865539550781,0.004914564917417955
2025-07-18,560.610107421875,564.0760601261163,559.331560315118,562.4679390321799,50484700.0,QQQ,-0.0009611836056468981,549.479946899414,0.006203809824451327
2025-07-18,625.8449096679688,627.7296380152247,624.7280110672211,627.5601250668279,65621600.0,SPY,-0.0007323592062571382,616.1771942138672,0.0049337099754934504
2025-07-21,563.5167236328125,565.4045498103267,561.4091814589228,561.4391759845101,39595200.0,QQQ,0.005184737435977471,551.374301147461,0.005986080866223113
2025-07-21,627.0316162109375,629.7939164140192,626.6028123652087,627.0316162109375,63375000.0,SPY,0.0018961671248525214,617.8969268798828,0.004798001556126901
2025-07-22,560.60009765625,563.6964836094055,557.9631400264451,563.6465537000605,43270600.0,QQQ,-0.005175757620394905,552.8525848388672,0.006062147147063717
2025-07-22,627.121337890625,627.9889276793821,624.4587368446605,627.3606646093982,60046300.0,SPY,0.00014308956258002326,619.3284576416015,0.00453245625126139
2025-07-23,563.1571655273438,563.1970972643824,558.9320829262327,561.6888968940013,40215300.0,QQQ,0.004561304719325365,554.0526947021484,0.005321455695814739
2025-07-23,632.4566040039062,632.4566040039062,627.9889485945137,629.8039240942028,70511000.0,SPY,0.008507549960310445,620.6961669921875,0.0043058394138199944
2025-07-24,564.3557739257812,565.5843301767457,562.637733844974,564.4756300983396,42275500.0,QQQ,0.0021283728092407195,555.2438171386718,0.005320780061978198
2025-07-24,632.6659545898438,634.3912129187636,632.2371507469353,632.8454496264281,71307100.0,SPY,0.000331011779483692,622.0573913574219,0.004310799185428571
2025-07-25,565.7141723632812,567.0426493724743,563.6166284241184,564.2758373590184,30630800.0,QQQ,0.0024069895272811337,556.2501525878906,0.005047266409806777
2025-07-25,635.3385620117188,635.8172763273444,633.0848614440556,633.3341702599237,56865400.0,SPY,0.0042243578976959295,623.3154022216797,0.004135690762812702
2025-07-28,567.4821166992188,568.3810379335021,566.213567832283,567.0825555076628,31498700.0,QQQ,0.0031251547553632353,557.2514892578125,0.005042729185842188
2025-07-28,635.1790161132812,636.2759505305676,633.782862430909,635.7175012309004,54917100.0,SPY,-0.000251119494356411,624.4138580322266,0.004105117116508125
2025-07-29,566.6031494140625,571.4475089568917,565.8740142282852,570.099096579047,45463300.0,QQQ,-0.0015488898403861473,558.0315856933594,0.004970629475711683
2025-07-29,633.503662109375,636.9042074633194,632.5862227401361,636.5850848856694,60556300.0,SPY,-0.002637609180098366,625.2819519042969,0.004153555354393107
2025-07-30,567.3623046875,569.9592697412776,564.3957119723051,567.5220925978703,43433800.0,QQQ,0.0013398359578880026,559.0818695068359,0.0044002337014772954
2025-07-30,632.7058715820312,635.9169397338984,629.7939009526881,634.1617960302962,80418900.0,SPY,-0.0012593305691198653,626.1201263427735,0.0041791659699159725
2025-07-31,564.3557739257812,573.9646298675983,563.2170793219943,573.8747072559383,64613600.0,QQQ,-0.005299137318216296,559.7915496826172,0.0045099981676286465
2025-07-31,630.3324584960938,638.0809348105399,629.0260827850975,637.6920593309911,103385200.0,SPY,-0.0037512107798256533,626.7000183105469,0.004257071211227635
2025-08-01,553.2386474609375,558.3727103030013,551.0411827265443,558.1829278722018,69400800.0,QQQ,-0.01969879104365424,559.6746856689454,0.006112558480377576
2025-08-01,620.0010375976562,624.6083202058907,617.5777633723885,624.5683918435021,140103600.0,SPY,-0.016390431365516545,626.5195159912109,0.00546239939245983
2025-08-04,563.44677734375,563.6665542967966,558.3027773528459,558.4026371722885,47669800.0,QQQ,0.018451584916675978,560.2774841308594,0.007144689287657869
2025-08-04,629.4249267578125,629.4747763447384,623.8504160518278,623.9401331350132,73218000.0,SPY,0.015199795788522152,627.0425628662109,0.006195373720332773
2025-08-05,559.6212768554688,565.903971649668,559.081863110002,564.7353434752952,48666600.0,QQQ,-0.006789462007957048,560.6735260009766,0.007360026747042011
2025-08-05,626.2337646484375,630.8609506236863,625.3063432085271,630.0432104487703,68051400.0,SPY,-0.005069964619629497,627.4230041503906,0.0063303762644565656
2025-08-06,566.6630859375,567.1025788833654,559.9808301040473,560.46025478518,41823700.0,QQQ,0.012583168963123503,561.2263854980469,0.007704431442007119
2025-08-06,631.030517578125,631.6886660273483,626.3933495625395,627.310788901774,64357500.0,SPY,0.0076596842911853535,627.8578002929687,0.006414931925052736
2025-08-07,568.5808715820312,572.6561644511387,564.45564880044,571.0080505877872,44463000.0,QQQ,0.003384348993473729,561.915087890625,0.007699109982140768
2025-08-07,630.501953125,635.2188561282265,627.3706199993678,634.4809118212801,74205800.0,SPY,-0.0008376210633260772,628.1784088134766,0.006403842408587506
2025-08-08,573.8847045898438,574.1044815488668,569.4898360186871,569.7894764496438,35255500.0,QQQ,0.009328194585679572,562.9314086914062,0.007855378684621026
2025-08-08,635.4183349609375,635.8870671683993,631.9878433436463,632.3069659204185,64051600.0,SPY,0.007797567971946862,628.8545349121093,0.0065261052531092765
2025-08-11,572.1866455078125,576.1320838089041,570.9081593818767,574.0245417091662,33112900.0,QQQ,-0.002958885414527379,563.7624420166015,0.007914083886130897
2025-08-11,634.1618041992188,637.1834561323586,632.9052780831173,635.6975853928571,58742300.0,SPY,-0.001977485842922677,629.4084991455078,0.006558423801744448
2025-08-12,579.3782958984375,579.6779363086406,571.8270527389294,574.493943836454,42143300.0,QQQ,0.012568714154875815,564.9275909423828,0.008288542979299289
2025-08-12,640.9131469726562,641.0726778368414,635.0294344517399,636.5252873774225,64730800.0,SPY,0.010646088630271056,630.4331604003906,0.006783406516746621
2025-08-13,579.6680297851562,582.6445596248751,578.2696265108757,582.0852105080592,41209300.0,QQQ,0.0005000772185803637,566.078759765625,0.008292906374987275
2025-08-13,643.1070556640625,644.4034493171588,640.9031438473124,643.1269589799253,60092800.0,SPY,0.0034230982805847354,631.4638061523438,0.006784480161592135
2025-08-14,579.2185668945312,581.206252942872,577.2408180571425,577.610445725867,45425000.0,QQQ,-0.0007753798166022507,566.9822143554687,0.008189873339746051
2025-08-14,643.1668701171875,643.8350006749072,640.5641007895744,641.0128079474052,59327500.0,SPY,9.300854748550691e-05,632.3069702148438,0.006709025026420942
2025-08-15,576.6715087890625,579.1686139695657,574.903538812632,579.1286212694092,49480200.0,QQQ,-0.004397404107960079,567.7852844238281,0.008282344188980481
2025-08-15,641.6610717773438,644.3037696191185,640.7436323612244,644.2040095711507,68592500.0,SPY,-0.0023412249756729064,633.0977783203125,0.006744865952017571
2025-08-18,576.4417114257812,577.1009813081188,574.5738816999574,575.7725043332697,29831000.0,QQQ,-0.00039848919147023043,568.4315338134766,0.008243696025037621
2025-08-18,641.5214233398438,642.2195001872421,640.40452473057,641.0826373957427,43804900.0,SPY,-0.00021763582620526467,633.8222686767579,0.006751100614101137
2025-08-19,568.620849609375,575.8923882635952,567.5920130021344,575.7226021797385,53752600.0,QQQ,-0.013567480738099214,568.8325714111328,0.00877964608548847
2025-08-19,638.0410766601562,642.3291760201543,636.714736747966,641.341922870885,69750700.0,SPY,-0.005425144902516887,634.3682556152344,0.006908425865841694
2025-08-20,565.2447509765625,567.7917860584612,558.1929284111997,567.6719298873941,76781100.0,QQQ,-0.005937345834455043,568.9369506835938,0.008853146975049556
2025-08-20,636.3457641601562,637.89146660832,631.2000571048222,637.6322365737963,88890300.0,SPY,-0.0026570585531485724,634.5627136230469,0.006708349885646104
2025-08-21,562.6278076171875,565.8340517424351,560.3304220145135,563.6965150159476,46436900.0,QQQ,-0.004629752606908344,568.850552368164,0.008905383195687748
2025-08-21,633.7928466796875,636.2061389257788,632.057667095043,634.5208697964243,54805800.0,SPY,-0.004011840141401879,634.6190582275391,0.006778168745317
2025-08-22,571.3076782226562,573.3253587434433,562.617800852793,564.0161431934172,51502100.0,QQQ,0.015427375767702145,569.1302276611328,0.00955195350015759
2025-08-22,643.52587890625,644.7125912923959,635.4881651988852,635.9967649167205,84083200.0,SPY,0.015356803532182273,635.0284240722656,0.0075472220110491366
2025-08-25,569.6596069335938,572.6261385677973,568.5009160121044,569.7395313678815,34044700.0,QQQ,-0.0028847350593810273,569.2391021728515,0.009560722046466342
2025-08-25,640.6936645507812,643.505875096025,640.5740011970607,642.2593311060981,51274300.0,SPY,-0.004401088516101992,635.3041564941407,0.007630394832391861
2025-08-26,571.9469604492188,572.2565990617475,568.1413744854693,569.1702111117808,34103000.0,QQQ,0.004015298764006747,569.5062927246094,0.00958700454167779
2025-08-26,643.3762817382812,643.7253506035642,639.7962411945653,640.4245042856638,51581600.0,SPY,0.004187051216404392,635.7977874755859,0.007637179145779023
2025-08-27,572.825927734375,573.7448453667379,569.7095453598557,570.9281643841576,36927100.0,QQQ,0.0015367985948659957,569.7794738769531,0.009587999619898008
2025-08-27,644.8422241210938,645.580168455503,642.6383123424215,642.7879219740594,48341100.0,SPY,0.002278514804511911,636.4046051025391,0.0076279085505925525
2025-08-28,576.4118041992188,577.3307218421304,571.7971586699575,573.4452115221324,46787900.0,QQQ,0.006259975834240761,570.382275390625,0.009566942687928391
2025-08-28,647.1258544921875,647.6843037743214,643.5557962693775,645.4505066457858,61519500.0,SPY,0.0035413784731703757,637.2442749023437,0.007563974550138059
2025-08-29,569.7395629882812,574.3642068270976,567.8816703337434,573.9945791596829,56030400.0,QQQ,-0.01157547635619105,571.2073211669922,0.008777259991369041
2025-08-29,643.2666015625,646.04892693251,641.361908969664,645.6798938838932,74522200.0,SPY,-0.005963682184690233,638.4075531005859,0.006571647443756334
2025-09-02,564.9650268554688,565.3145971818625,558.8920502137331,560.660020123991,65876800.0,QQQ,-0.008380208156460234,571.2832336425781,0.008073378150147614
2025-09-02,638.4998168945312,638.7191794281234,633.1645719217177,635.7374558444352,81983500.0,SPY,-0.00741027850099818,638.8612976074219,0.006083424527060484
2025-09-03,569.409912109375,571.0380295776428,566.0737527363494,568.5708579374373,54230200.0,QQQ,0.00786754054254657,571.7726654052734,0.0080740610759699
2025-09-03,641.960205078125,642.4289372924937,638.6893051342267,640.8931560649971,70820900.0,SPY,0.0054195601815894,639.6476196289062,0.006008460256764893
2025-09-04,574.5639038085938,574.9334704969435,568.3711317527417,570.0791126733634,47526300.0,QQQ,0.009051461152346008,572.1677062988281,0.007840291105339525
2025-09-04,647.3253173828125,647.3552636551144,641.7308424389964,642.6382997027142,65219200.0,SPY,0.008357390788786612,640.4623596191407,0.006049470476287384
2025-09-05,575.3929443359375,580.4470826304052,570.8682215867353,579.8178072667213,68342500.0,QQQ,0.001442903951759389,572.5083099365235,0.007817575424152779
2025-09-05,645.4505004882812,650.4067910780432,641.551337641252,649.6787679935875,85178900.0,SPY,-0.0028962514584031096,641.2097869873047,0.006104888535938324
2025-09-08,578.19970703125,580.1674576203714,577.1010051346319,577.7002859937904,46371400.0,QQQ,0.004877992896753058,572.7240600585938,0.007617584673801569
2025-09-08,647.0361328125,648.0433501046099,645.4405199703039,646.826691508285,63133100.0,SPY,0.002456628855379561,641.7906768798828,0.00591448299643984
2025-09-09,579.8378295898438,580.26732437145,576.3718158469537,578.9987754125199,44007600.0,QQQ,0.00283314318335548,573.1066192626953,0.007593141395135696
2025-09-09,648.531982421875,649.0604854255209,645.4305347021028,647.1756962960839,66133900.0,SPY,0.002311848648811843,642.5091857910156,0.005881452406847079
2025-09-10,580.027587890625,583.0940402853914,577.8800531074673,583.0640457610823,49308000.0,QQQ,0.00032726098763768974,573.1390838623047,0.007060035996195385
2025-09-10,650.4067993164062,652.7402956265305,648.8311506393708,651.8128741836446,78034500.0,SPY,0.00289086266421279,642.9838684082031,0.00546226199113616
2025-09-11,583.4036865234375,584.2027479772381,580.9465131126315,582.5646323700341,44745800.0,QQQ,0.005820582853809153,573.3258666992188,0.0071759977215454145
2025-09-11,655.8118286132812,656.5099054682547,651.7830200765693,652.3713547945198,69934400.0,SPY,0.00831022877152554,643.619107055664,0.005692613663638796
2025-09-12,585.9806518554688,587.1792745116926,583.4236186389489,584.3625326071349,50745900.0,QQQ,0.004417122125826234,573.6639709472656,0.00722705241111205
2025-09-12,655.5924072265625,657.2877193463212,655.0838683704039,655.7818843611192,72780100.0,SPY,-0.0003345797943027362,644.2403839111328,0.005696976638272966
2025-09-15,590.994873046875,591.1047310439144,587.6087837729755,587.7586344703801,44360300.0,QQQ,0.008556973981187044,574.3801391601562,0.007334798057078889
2025-09-15,659.0827026367188,659.2123480846643,657.5170969033588,657.8162552961535,63772400.0,SPY,0.005323880160421179,645.1114654541016,0.005720094869352471
2025-09-16,590.4954223632812,592.1734696533504,589.8062189258886,591.9237591465338,36942100.0,QQQ,-0.0008451015505749337,575.0828247070312,0.00734076817564717
2025-09-16,658.1752319335938,659.9503398052897,657.3874380375795,659.6411384615709,61169000.0,SPY,-0.0013768692449287467,645.9441558837891,0.005742706490840242
2025-09-17,589.3168334960938,591.0648071547686,583.6933476484554,590.415535410039,69384800.0,QQQ,-0.0019959322672994384,576.1176239013672,0.006523561565369127
2025-09-17,657.3575439453125,659.8904996422112,652.4910309141978,658.1852662695255,101952200.0,SPY,-0.0012423560605266948,646.9099792480469,0.005558179987990721
2025-09-18,594.6306762695312,597.4474182598135,592.2734235847219,594.2211168753206,61069300.0,QQQ,0.009016953990459431,577.5869201660156,0.0064454742828391875
2025-09-18,660.4290161132812,663.0517496492283,658.4445277353276,660.0600439458431,90459200.0,SPY,0.004672452908252023,648.1141418457031,0.0055106043564030205
2025-09-19,598.6559448242188,599.3551464363971,595.159997727806,596.6383253844207,58196100.0,QQQ,0.006769359058197866,579.3883270263672,0.0062783504401056345
2025-09-19,663.7000122070312,664.5499877929688,660.3699951171875,662.3300170898438,97945600.0,SPY,0.004952835223685836,649.6095001220704,0.005369482788437864
2025-09-22,602.2000122070312,602.8699951171875,597.719970703125,597.739990234375,57154800.0,QQQ,0.005920040406268923,580.9329437255859,0.005623810683096094
2025-09-22,666.8400268554688,667.2899780273438,662.1699829101562,662.2000122070312,69452200.0,SPY,0.004731075170536503,650.7752075195312,0.004460598104193481
2025-09-23,598.2000122070312,602.5700073242188,596.97998046875,602.3699951171875,64635500.0,QQQ,-0.006642311389766009,582.3599639892578,0.005875629787027225
2025-09-23,663.2100219726562,667.3400268554688,661.97998046875,666.719970703125,81708900.0,SPY,-0.005443591771073009,651.901025390625,0.004542104789820746
2025-09-24,596.0999755859375,599.9000244140625,593.3599853515625,599.5800170898438,49850300.0,QQQ,-0.0035105927419589733,583.5676147460938,0.006010475637175371
2025-09-24,661.0999755859375,664.6099853515625,659.6699829101562,664.510009765625,68082200.0,SPY,-0.0031815658943793457,652.7872100830078,0.004631002775037129
2025-09-25,593.530029296875,595.1199951171875,588.5,592.2000122070312,70920200.0,QQQ,-0.004311267227508853,584.6028198242187,0.006178573340104482
2025-09-25,658.0499877929688,659.4099731445312,654.4099731445312,657.9400024414062,89622100.0,SPY,-0.004613504621998388,653.4475982666015,0.004812690152523436
2025-09-26,595.969970703125,596.2999877929688,591.0599975585938,594.3499755859375,54337400.0,QQQ,0.004110897993047535,585.5807281494141,0.006115197375704394
2025-09-26,661.8200073242188,662.3699951171875,657.8800048828125,659.510009765625,69179200.0,SPY,0.0057290777314567,654.1823059082031,0.004897010010794333
2025-09-29,598.72998046875,602.0499877929688,597.4099731445312,599.1099853515625,48332900.0,QQQ,0.004631122206323113,587.0302490234375,0.005282247531537919
2025-09-29,663.6799926757812,665.280029296875,661.8599853515625,664.3599853515625,73499000.0,SPY,0.0028104096748033935,655.2029754638672,0.004612374136865996
2025-09-30,600.3699951171875,600.7100219726562,596.0999755859375,598.4299926757812,46533800.0,QQQ,0.0027391557161602353,588.8004974365234,0.004620797719985791
2025-09-30,666.1799926757812,666.6500244140625,661.6099853515625,662.9299926757812,86288000.0,SPY,0.003766875644270362,656.5869842529297,0.004117134671059361
2025-10-01,603.25,603.7899780273438,596.3400268554688,597.1699829101562,46899600.0,QQQ,0.004797049996228209,590.4925018310547,0.004501926416346925
2025-10-01,668.4500122070312,669.3699951171875,663.0599975585938,663.1699829101562,72545400.0,SPY,0.0034075168215907947,657.911474609375,0.004056719715856996
2025-10-02,605.72998046875,607.1599731445312,602.9299926757812,607.0599975585938,43765400.0,QQQ,0.004111032687525995,592.0508056640625,0.0042765492050292
2025-10-02,669.219970703125,670.5700073242188,666.780029296875,670.4500122070312,56896000.0,SPY,0.0011518565068935338,659.0062072753906,0.003775580247785129
2025-10-03,603.1799926757812,607.3300170898438,601.3900146484375,606.510009765625,46482100.0,QQQ,-0.004209776427106071,593.4401580810547,0.004539463956954232
2025-10-03,669.2100219726562,672.6799926757812,668.1599731445312,669.989990234375,70494400.0,SPY,-1.4866158967619114e-05,660.1941833496094,0.0036448261075662297
2025-10-06,607.7100219726562,609.3599853515625,605.969970703125,608.4500122070312,41962100.0,QQQ,0.0075102446232993,594.915673828125,0.004652729636758553
2025-10-06,671.6099853515625,672.510009765625,669.4600219726562,671.6199951171875,54623300.0,SPY,0.003586263355458641,661.4228759765625,0.0036639879358951206
2025-10-07,604.510009765625,609.7100219726562,603.030029296875,609.02001953125,58209500.0,QQQ,-0.005265689377054961,596.149282836914,0.004964413262843666
2025-10-07,669.1199951171875,672.989990234375,667.6699829101562,672.5399780273438,72020100.0,SPY,-0.003707494362329311,662.4522766113281,0.0038675146103668238
2025-10-08,611.4400024414062,611.75,605.260009765625,605.4099731445312,50629800.0,QQQ,0.01146381790843809,597.7199035644531,0.005363908643999754
2025-10-08,673.1099853515625,673.2100219726562,669.4199829101562,670.25,60702200.0,SPY,0.005963041402874625,663.587435913086,0.0039820138441799624
2025-10-09,610.7000122070312,611.6099853515625,607.47998046875,611.47998046875,45551000.0,QQQ,-0.0012102417758411699,599.0847198486329,0.005375846982535215
2025-10-09,671.1599731445312,673.9400024414062,669.2100219726562,673.530029296875,66501900.0,SPY,-0.0028970186885769467,664.3548431396484,0.0037904277693628693
2025-10-10,589.5,613.1799926757812,589.0499877929688,611.4000244140625,97614800.0,QQQ,-0.03471428161662504,599.2606872558594,0.009836326937729971
2025-10-10,653.02001953125,673.9500122070312,652.8400268554688,672.1300048828125,159422600.0,SPY,-0.027027764376787222,664.2262237548828,0.007362394562069964
2025-10-13,602.010009765625,602.9500122070312,597.22998046875,599.6799926757812,65872600.0,QQQ,0.021221390611747326,599.8114440917968,0.010757259116485268
2025-10-13,663.0399780273438,665.1300048828125,659.77001953125,660.6500244140625,79560500.0,SPY,0.015344029580113494,664.4240875244141,0.008063511743645878
2025-10-14,598.0,602.6900024414062,590.1300048828125,595.3099975585938,69203200.0,QQQ,-0.006661035033597162,600.1866729736328,0.01088700045551889
2025-10-14,662.22998046875,665.8300170898438,653.1699829101562,657.1699829101562,88779600.0,SPY,-0.0012216421112398734,664.6268249511719,0.008061856373418734
2025-10-15,602.219970703125,606.7000122070312,595.9299926757812,604.010009765625,62805500.0,QQQ,0.007056807195861214,600.8318298339843,0.0109574786081861
2025-10-15,665.1699829101562,670.22998046875,658.9299926757812,666.8200073242188,81702600.0,SPY,0.00443954899070742,665.017446899414,0.008103231367221665
2025-10-16,599.989990234375,608.3099975585938,595.5,605.1099853515625,70982000.0,QQQ,-0.0037029334416565085,601.0997955322266,0.010844855873702045
2025-10-16,660.6400146484375,668.7100219726562,657.1099853515625,666.8200073242188,110563300.0,SPY,-0.006810241559458086,665.0279968261718,0.008207291038708812
2025-10-17,603.9299926757812,605.510009765625,596.3699951171875,597.9500122070312,72024900.0,QQQ,0.006566780288896457,601.3634979248047,0.010838790158659723
2025-10-17,664.3900146484375,665.760009765625,658.1400146484375,659.5,96500900.0,SPY,0.0056763137515907225,665.0624969482421,0.008231604318719284
2025-10-20,611.5399780273438,612.7999877929688,607.0700073242188,607.1400146484375,45761700.0,QQQ,0.012600774003366899,601.8304962158203,0.01111422753432178
2025-10-20,671.2999877929688,672.2100219726562,667.27001953125,667.3200073242188,60493400.0,SPY,0.010400477117627371,665.2854949951172,0.008493494270915097
2025-10-21,611.3800048828125,612.719970703125,609.3200073242188,611.6400146484375,44538200.0,QQQ,-0.00026159065683206695,602.4894958496094,0.010979233104714884
2025-10-21,671.2899780273438,672.989990234375,669.97998046875,671.4400024414062,56249000.0,SPY,-1.4911017141350236e-05,665.6894927978516,0.008384036159169533
2025-10-22,605.489990234375,611.4099731445312,599.739990234375,610.8200073242188,61478800.0,QQQ,-0.009633966765999258,602.9589965820312,0.011199159241991092
2025-10-22,667.7999877929688,672.0,663.2999877929688,672.0,80564000.0,SPY,-0.005198930936866852,666.0244934082032,0.008444343174437183
2025-10-23,610.5800170898438,611.3699951171875,604.5499877929688,604.9000244140625,42410648.0,QQQ,0.008406459128248223,603.8114959716797,0.011252092696587652
2025-10-23,671.760009765625,672.7100830078125,667.7999877929688,668.1199951171875,65409199.0,SPY,0.005929952148911788,666.709994506836,0.0084348871315735
,,,,,,QQQ,0.0,,0.011239001481636215
,,,,,,SPY,0.0,,0.008365171349707557
